date,revenue,profit,country,category,customers
2025-01-01,6610,1592,Spain,Hardware,8
2025-01-01,851,134,France,Training,1
2025-01-01,2750,1063,Germany,Training,3
2025-01-01,984,428,Germany,Software,3
2025-01-01,8752,1021,Germany,Services,8
2025-01-01,3558,1239,France,Services,5
2025-01-01,6242,1579,United States,Software,9
2025-01-01,5239,2041,Germany,Services,8
2025-01-01,2351,485,United States,Training,1
2025-01-01,8033,2904,United States,Hardware,12
2025-01-01,4426,1977,Spain,Software,3
2025-01-01,4240,1028,United States,Services,3
2025-01-01,578,161,United States,Training,1
2025-01-01,4787,1277,Germany,Training,5
2025-01-01,4132,1194,Spain,Services,
2025-01-01,2741,562,Spain,Services,1
2025-01-01,4885,1541,United States,Services,
2025-01-01,2540,880,Germany,Hardware,2
2025-01-01,2074,679,United States,Hardware,4
2025-01-01,1826,761,United States,Training,1
2025-01-01,1980,386,Spain,Services,7
2025-01-01,3172,717,United States,Hardware,6
2025-01-01,2371,867,Spain,Software,6
2025-01-01,1028,241,Spain,Training,2
2025-01-01,1498,250,Germany,Training,1
2025-01-01,3846,1274,Germany,Services,8
2025-01-01,1113,266,United States,Training,1
2025-01-01,2439,576,Japan,Hardware,6
2025-01-01,555,105,Germany,Training,1
2025-01-01,1025,359,United Kingdom,Training,1
2025-01-01,1963,580,Japan,Hardware,1
2025-01-01,6343,2949,France,Software,6
2025-01-01,3894,226,United States,Hardware,3
2025-01-01,2573,856,Spain,Software,1
2025-01-01,3182,1120,United Kingdom,Hardware,1
2025-01-01,2955,930,Germany,Software,11
2025-01-01,4613,1793,France,Services,2
2025-01-01,4500,1546,Germany,Software,3
2025-01-01,2296,503,United Kingdom,Hardware,3
2025-01-01,1456,401,Spain,Services,1
2025-01-01,4511,1559,United Kingdom,Software,4
2025-01-01,7997,1760,Germany,Hardware,10
2025-01-01,3016,982,Japan,Training,8
2025-01-01,4891,2418,Germany,Software,3
2025-01-01,840,240,Japan,Services,2
2025-01-01,717,211,United States,Training,1
2025-01-01,1441,203,Germany,Services,7
2025-01-01,8041,358,United Kingdom,Hardware,5
2025-01-01,3828,896,France,Services,2
2025-01-01,1183,206,France,Services,1
2025-01-01,2923,1017,United Kingdom,Software,1
2025-01-01,2778,695,Japan,Services,7
2025-01-01,2013,520,United States,Training,2
2025-01-01,2547,810,Germany,Services,6
2025-01-01,4268,1408,Japan,Software,1
2025-01-01,4272,1644,United Kingdom,Software,5
2025-01-01,3178,384,France,Hardware,1
2025-01-01,10445,4572,Germany,Software,14
2025-01-01,917,279,United Kingdom,Training,1
2025-01-01,4107,691,Spain,Services,4
2025-01-01,1381,401,Japan,Training,1
2025-01-01,2641,971,France,Software,5
2025-01-01,1897,774,France,Software,4
2025-01-01,1522,193,Germany,Training,5
2025-01-01,1123,268,Spain,Training,4
2025-01-01,3340,1038,Japan,Software,4
2025-01-01,9479,3458,Japan,Software,9
2025-01-01,1612,637,Japan,Software,4
2025-01-01,1286,446,Germany,Training,2
2025-01-01,10919,2452,Germany,Hardware,5
2025-01-01,2037,1035,United States,Software,7
2025-01-01,1138,341,United States,Services,1
2025-01-01,14852,1249,United Kingdom,Hardware,13
2025-01-01,3930,1569,United Kingdom,Software,1
2025-01-01,3611,588,United States,Hardware,7
2025-01-01,3836,921,Japan,Training,1
2025-01-01,11988,3741,United Kingdom,Services,10
2025-01-01,1660,411,France,Services,1
2025-01-01,3330,1255,Japan,Software,6
2025-01-01,4857,1087,Japan,Hardware,8
2025-01-01,2281,612,United States,Training,1
2025-01-01,3551,850,Spain,Services,3
2025-01-01,3618,1084,France,Services,6
2025-01-01,1008,367,United States,Software,5
2025-01-01,7735,1407,France,Hardware,11
2025-01-01,6000,1651,United States,Hardware,4
2025-01-01,1643,513,France,Training,1
2025-01-01,4258,869,United States,Hardware,4
2025-01-01,1540,358,France,Services,1
2025-01-01,1550,613,Spain,Training,1
2025-01-01,1980,483,Spain,Hardware,4
2025-01-01,2453,776,United States,Training,3
2025-01-01,10479,1401,Japan,Hardware,6
2025-01-01,1543,505,France,Software,1
2025-01-01,4228,978,Spain,Training,5
2025-01-01,3032,952,Germany,Services,8
2025-01-01,7826,1014,France,Hardware,3
2025-01-01,4223,880,France,Training,6
2025-01-01,2247,856,United States,Training,1
2025-01-01,2037,651,Germany,Services,1
2025-01-01,1522,280,United States,Training,6
2025-01-01,2578,892,Japan,Software,9
2025-01-01,4646,2097,United States,Software,5
2025-01-01,4546,1185,Japan,Hardware,2
2025-01-01,2297,514,France,Services,3
2025-01-01,5700,2269,United States,Software,3
2025-01-01,3458,-3,France,Hardware,1
2025-01-01,1190,221,United States,Training,1
2025-01-01,3740,1434,United States,Software,3
2025-01-01,1198,413,Spain,Training,1
2025-01-01,2387,458,United States,Services,4
2025-01-01,1787,638,Spain,Software,3
2025-01-01,3700,615,Spain,Training,3
2025-01-01,2520,517,Spain,Services,1
2025-01-01,3384,922,Spain,Hardware,7
2025-01-01,1442,435,Japan,Software,5
2025-01-01,3219,1222,France,Software,4
2025-01-01,3187,1648,United Kingdom,Software,4
2025-01-01,3401,689,Germany,Services,2
2025-01-01,2455,677,United States,Training,1
2025-01-01,13321,4576,United States,Software,13
2025-01-01,1867,708,France,Software,1
2025-01-01,3922,1279,France,Services,2
2025-01-01,3988,1733,France,Services,10
2025-01-01,878,304,United Kingdom,Training,1
2025-01-01,4436,1469,Spain,Services,4
2025-01-01,4705,1977,United States,Services,7
2025-01-01,1013,195,Germany,Training,1
2025-01-01,2360,795,United Kingdom,Training,1
2025-01-01,1266,176,Spain,Services,4
2025-01-01,21440,5478,United States,Services,26
2025-01-01,996,140,United States,Training,1
2025-01-01,4926,2083,Germany,Software,2
2025-01-01,2761,1061,Japan,Software,3
2025-01-01,4171,2037,United States,Software,8
2025-01-01,3727,1403,Germany,Software,6
2025-01-01,4259,794,United States,Hardware,5
2025-01-01,6010,1256,United Kingdom,Hardware,6
2025-01-01,2473,700,Japan,Training,2
2025-01-01,1708,214,Spain,Hardware,1
2025-01-01,2408,935,France,Services,5
2025-01-01,1785,478,Spain,Software,5
2025-01-01,2170,589,Spain,Services,4
2025-01-01,17550,2330,United States,Hardware,18
2025-01-01,2300,663,Germany,Hardware,1
2025-01-01,3187,820,United States,Services,3
2025-01-01,3359,882,United States,Hardware,5
2025-01-01,6600,1413,Germany,Hardware,7
2025-01-01,2253,819,Japan,Services,6
2025-01-01,1943,321,Japan,Hardware,4
2025-01-01,5252,1680,Germany,Services,6
2025-01-01,2376,344,Spain,Hardware,3
2025-01-01,3975,712,Japan,Hardware,1
2025-01-01,2595,1140,Germany,Software,3
2025-01-01,2124,479,United States,Services,2
2025-01-01,3402,1325,France,Software,3
2025-01-01,4546,870,United States,Hardware,8
2025-01-01,1096,222,Spain,Services,1
2025-01-01,2501,376,United States,Hardware,2
2025-01-01,3709,899,Germany,Services,1
2025-01-01,9898,3172,Japan,Services,9
2025-01-01,7391,3202,United States,Software,13
2025-01-01,8251,1089,Japan,Training,2
2025-01-01,2495,739,United Kingdom,Services,4
2025-01-01,799,189,Germany,Training,5
2025-01-01,1558,465,United States,Training,1
2025-01-01,2393,944,Japan,Software,4
2025-01-01,3178,774,Japan,Services,1
2025-01-01,2264,558,Spain,Services,4
2025-01-01,3512,995,Japan,Services,1
2025-01-01,5061,1228,Japan,Services,2
2025-01-01,3472,879,Spain,Hardware,1
2025-01-01,6171,1093,Japan,Hardware,9
2025-01-01,1026,287,United States,Training,1
2025-01-01,18314,2754,Spain,Hardware,18
2025-01-01,4310,1321,United States,Software,8
2025-01-01,1185,450,Spain,Training,1
2025-01-01,1608,317,United States,Training,4
2025-01-01,3290,1583,Japan,Software,2
2025-01-01,6901,1744,United States,Hardware,7
2025-01-01,7243,2362,United Kingdom,Software,10
2025-01-01,9209,3590,United States,Software,9
2025-01-01,5610,1493,Japan,Software,2
2025-01-01,4083,1415,United States,Software,4
2025-01-01,2256,456,Germany,Hardware,2
2025-01-01,6546,1365,France,Hardware,
2025-01-01,644,125,Germany,Training,1
2025-01-01,3844,347,France,Hardware,1
2025-01-01,2615,357,United States,Hardware,1
2025-01-01,3779,521,Germany,Hardware,1
2025-01-01,3487,1296,United Kingdom,Training,6
2025-01-01,3612,422,Germany,Hardware,7
2025-01-01,688,329,United States,Software,2
2025-01-01,3293,1122,Japan,Training,3
2025-01-01,8461,3246,United Kingdom,Services,11
2025-01-01,1478,412,France,Services,5
2025-01-01,1448,441,United States,Training,1
2025-01-01,1423,196,United States,Hardware,6
2025-01-01,10357,3587,United Kingdom,Software,12
2025-01-01,2056,445,Spain,Services,1
2025-01-01,5590,776,Germany,Hardware,9
2025-01-01,3391,1117,United States,Software,3
2025-01-01,1901,644,Germany,Services,3
2025-01-01,4925,1206,United Kingdom,Services,5
2025-01-01,6285,2601,United States,Software,8
2025-01-01,3402,83,Japan,Hardware,6
2025-01-01,7646,1802,Japan,Hardware,3
2025-01-01,4048,565,United Kingdom,Hardware,10
2025-01-01,4661,1114,Spain,Software,5
2025-01-01,1632,463,France,Services,1
2025-01-01,2353,437,Japan,Hardware,2
2025-01-01,4255,1815,France,Software,8
2025-01-01,5964,1358,Germany,Hardware,4
2025-01-01,3350,1019,France,Services,9
2025-01-01,2604,411,Germany,Hardware,3
2025-01-01,2005,535,Japan,Services,5
2025-01-01,9056,3322,United States,Hardware,9
2025-01-01,1859,704,United Kingdom,Services,2
2025-01-01,12012,3215,France,Hardware,13
2025-01-01,3217,750,United States,Training,
2025-01-01,5213,1596,United States,Software,8
2025-01-01,3844,367,France,Hardware,3
2025-01-01,7611,3027,Spain,Software,6
2025-01-01,4051,1617,Japan,Software,5
2025-01-01,1248,200,Japan,Training,1
2025-01-01,2308,662,France,Training,1
2025-01-01,8262,2428,United Kingdom,Services,9
2025-01-01,5871,2508,United Kingdom,Software,10
2025-01-01,5258,1485,Japan,Software,4
2025-01-01,533,84,Germany,Training,3
2025-01-01,7384,-75,Japan,Hardware,4
2025-01-01,3108,868,Germany,Software,2
2025-01-01,3126,944,Spain,Services,7
2025-01-01,6997,1891,United Kingdom,Services,5
2025-01-01,1628,255,France,Services,1
2025-01-01,2509,917,Germany,Software,1
2025-01-01,992,253,United States,Training,3
2025-01-01,6903,1416,United States,Hardware,7
2025-01-01,5903,2411,Spain,Hardware,5
2025-01-01,1650,528,Spain,Training,1
2025-01-01,5832,1227,United Kingdom,Hardware,1
2025-01-01,2737,1286,United Kingdom,Training,1
2025-01-01,2939,1049,France,Services,3
2025-01-01,1708,483,France,Training,1
2025-01-01,1597,560,Spain,Software,6
2025-01-01,3401,1187,Spain,Training,6
2025-01-01,2188,642,United States,Services,5
2025-01-01,4547,1512,France,Services,6
2025-01-01,4673,1693,Germany,Services,4
2025-01-01,2046,378,United Kingdom,Training,1
2025-01-01,7893,2198,Spain,Software,6
2025-01-01,1003,383,France,Services,3
2025-01-01,2817,1023,France,Software,1
2025-01-01,4309,848,Germany,Hardware,5
2025-01-01,2653,577,Japan,Hardware,1
2025-01-01,4975,1896,Germany,Hardware,1
2025-01-01,11079,5317,Germany,Software,12
2025-01-01,896,215,United Kingdom,Training,2
2025-01-01,4328,1808,Japan,Software,8
2025-01-01,13961,6385,Spain,Software,15
2025-01-01,2643,603,Germany,Training,5
2025-01-01,30401,7899,Spain,Hardware,32
2025-01-01,2384,881,France,Training,4
2025-01-01,10936,5702,United States,Software,19
2025-01-01,3858,1240,United Kingdom,Services,2
2025-01-01,3004,878,United Kingdom,Software,2
2025-01-01,1804,368,United States,Training,6
2025-01-01,1484,438,France,Training,5
2025-01-01,24933,8598,United States,Software,27
2025-01-01,3076,542,United States,Hardware,1
2025-01-01,2887,845,United States,Software,10
2025-01-01,13378,4184,United Kingdom,Hardware,12
2025-01-01,4313,1366,Germany,Software,7
2025-01-01,1422,341,United States,Training,1
2025-01-01,2219,681,United States,Services,4
2025-01-01,1307,355,United Kingdom,Training,5
2025-01-01,670,267,France,Services,1
2025-01-01,804,116,United States,Services,1
2025-01-01,5542,1859,Spain,Hardware,9
2025-01-01,5374,2029,United States,Software,6
2025-01-01,1797,667,Germany,Training,3
2025-01-01,1086,145,Germany,Training,1
2025-01-01,6511,1983,Germany,Services,12
2025-01-01,14518,3221,Japan,Hardware,15
2025-01-01,7636,2576,France,Hardware,11
2025-01-01,7509,1494,Germany,Hardware,15
2025-01-01,2961,283,Germany,Hardware,1
2025-01-01,2306,858,France,Training,2
2025-01-01,2773,845,United Kingdom,Hardware,5
2025-01-01,1396,532,France,Services,1
2025-01-01,778,134,United Kingdom,Training,4
2025-01-01,8623,1863,United States,Hardware,7
2025-01-01,2141,694,United States,Services,3
2025-01-01,1951,566,France,Training,1
2025-01-01,8042,2189,Germany,Hardware,9
2025-01-01,1995,708,Spain,Software,2
2025-01-01,2678,978,Germany,Training,1
2025-01-01,949,303,Spain,Training,1
2025-01-01,2439,842,Japan,Services,1
2025-01-01,3309,1094,Germany,Software,5
2025-01-01,2648,1046,Spain,Software,1
2025-01-01,5148,2340,United States,Software,5
2025-01-01,3342,944,Germany,Services,6
2025-01-01,1639,168,Germany,Training,2
2025-01-01,8210,1404,France,Services,5
2025-01-01,1120,232,United States,Services,1
2025-01-01,6305,2232,United Kingdom,Services,7
2025-01-01,3099,1218,France,Software,1
2025-01-01,4637,1141,Germany,Hardware,5
2025-01-01,1904,612,Spain,Services,5
2025-01-01,1301,355,Germany,Training,1
2025-01-01,3524,1212,Spain,Software,7
2025-01-01,1324,383,Japan,Software,4
2025-01-01,1153,337,Germany,Training,6
2025-01-01,9253,1750,United States,Hardware,12
2025-01-01,1838,333,Spain,Training,1
2025-01-01,3249,793,Germany,Training,1
2025-01-01,2639,1135,United States,Software,5
2025-01-01,3882,1139,Germany,Software,5
2025-01-01,3794,1589,United Kingdom,Software,6
2025-01-01,6700,2166,United States,Services,10
2025-01-01,2351,713,Spain,Training,1
2025-01-01,2529,857,United States,Software,2
2025-01-01,1799,632,Japan,Training,5
2025-01-01,7678,1800,Germany,Hardware,12
2025-01-01,3137,1288,Spain,Software,1
2025-01-01,1088,357,Japan,Software,1
2025-01-01,7057,2029,Germany,Software,7
2025-01-01,2021,865,United Kingdom,Services,1
2025-01-01,2618,773,United States,Training,1
2025-01-01,1655,416,Japan,Training,5
2025-01-01,3189,546,Spain,Hardware,1
2025-01-01,7521,2207,France,Hardware,4
2025-01-01,3369,1218,United Kingdom,Software,7
2025-01-01,536,173,Japan,Services,1
2025-01-01,8786,3096,United States,Software,10
2025-01-01,2917,630,United States,Hardware,3
2025-01-01,2489,657,Japan,Training,4
2025-01-01,4281,1358,United States,Services,1
2025-01-01,1228,427,United Kingdom,Software,1
2025-01-01,10470,3499,United States,Software,12
2025-01-01,5523,1542,United States,Hardware,6
2025-01-01,2483,521,United States,Hardware,1
2025-01-01,1256,410,United States,Services,4
2025-01-01,3377,966,Japan,Software,4
2025-01-01,6424,1475,United Kingdom,Services,11
2025-01-01,4843,714,United Kingdom,Hardware,5
2025-01-01,2437,811,United States,Software,3
2025-01-01,2473,497,France,Training,1
2025-01-01,3002,1001,Germany,Software,2
2025-01-01,3430,836,Japan,Hardware,2
2025-01-01,3566,1252,Japan,Services,2
2025-01-01,4553,1677,France,Services,7
2025-01-01,2829,1281,France,Software,6
2025-01-01,2891,550,United States,Hardware,4
2025-01-01,1165,365,Japan,Training,1
2025-01-01,4858,1333,France,Hardware,10
2025-01-01,7154,2048,United Kingdom,Hardware,10
2025-01-01,3763,653,Germany,Services,10
2025-01-01,5362,2376,Japan,Software,6
2025-01-01,1142,350,Germany,Services,5
2025-01-01,6367,1779,United Kingdom,Services,4
2025-01-01,4829,706,United States,Hardware,8
2025-01-01,2354,777,Spain,Software,8
2025-01-01,2550,856,Spain,Services,2
2025-01-01,2490,368,United States,Hardware,5
2025-01-01,2104,857,United States,Services,5
2025-01-01,1358,392,Spain,Hardware,1
2025-01-01,1510,406,Germany,Software,3
2025-01-01,4927,1984,France,Software,8
2025-01-01,5331,1203,United Kingdom,Hardware,5
2025-01-01,2411,803,United Kingdom,Training,1
2025-01-01,2132,534,United Kingdom,Hardware,1
2025-01-01,659,243,Spain,Software,4
2025-01-01,4597,2019,Spain,Software,3
2025-01-01,1825,548,Germany,Training,1
2025-01-01,2469,616,Japan,Services,6
2025-01-01,3745,1185,United States,Hardware,1
2025-01-01,3386,1230,United Kingdom,Services,1
2025-01-01,577,244,United Kingdom,Software,1
2025-01-01,3157,1196,Germany,Services,12
2025-01-01,863,327,France,Services,1
2025-01-01,2783,1184,Spain,Software,1
2025-01-01,3014,1109,United States,Software,5
2025-01-01,2045,748,United Kingdom,Training,1
2025-01-01,8509,2534,Japan,Software,13
2025-01-01,18065,4849,United States,Hardware,20
2025-01-01,2813,970,United Kingdom,Software,5
2025-01-01,2522,757,United Kingdom,Services,4
2025-01-01,2078,380,United States,Hardware,3
2025-01-01,2864,462,Japan,Services,4
2025-01-01,2646,1042,Spain,Software,3
2025-01-01,1578,458,United States,Services,1
2025-01-01,2459,505,United States,Training,1
2025-01-01,1869,493,United States,Services,1
2025-01-01,2158,498,United States,Services,5
2025-01-01,4279,728,United States,Hardware,1
2025-01-01,3294,1308,United States,Software,1
2025-01-01,1333,338,United States,Training,5
2025-01-01,1457,445,United States,Hardware,4
2025-02-01,5241,2151,Germany,Software,3
2025-02-01,2043,488,Japan,Training,5
2025-02-01,1901,864,United States,Software,2
2025-02-01,1502,466,Spain,Services,1
2025-02-01,3786,1546,France,Services,5
2025-02-01,4678,559,Japan,Hardware,3
2025-02-01,2568,382,United Kingdom,Hardware,1
2025-02-01,1476,378,Germany,Training,1
2025-02-01,859,315,United States,Services,1
2025-02-01,7122,2318,United States,Services,6
2025-02-01,1853,580,Spain,Software,4
2025-02-01,5286,998,Germany,Hardware,9
2025-02-01,4336,724,Japan,Hardware,7
2025-02-01,3086,161,United Kingdom,Hardware,6
2025-02-01,6755,1924,France,Services,10
2025-02-01,10510,3738,France,Software,10
2025-02-01,5031,1400,United States,Hardware,10
2025-02-01,6298,1741,Spain,Services,13
2025-02-01,3332,1372,Germany,Software,1
2025-02-01,3464,964,France,Services,8
2025-02-01,8428,2463,Germany,Services,14
2025-02-01,3794,1933,Germany,Software,6
2025-02-01,5779,950,Germany,Services,1
2025-02-01,3324,1292,Germany,Training,4
2025-02-01,1945,656,Spain,Training,1
2025-02-01,9136,2156,United States,Software,8
2025-02-01,3590,971,Japan,Hardware,2
2025-02-01,2842,1119,Germany,Services,5
2025-02-01,4134,1266,Spain,Training,2
2025-02-01,2324,705,United States,Software,5
2025-02-01,4673,1659,Germany,Services,7
2025-02-01,7169,1630,Germany,Hardware,5
2025-02-01,2333,763,United States,Training,2
2025-02-01,5209,1596,United States,Services,6
2025-02-01,2390,574,United States,Services,3
2025-02-01,2697,610,United States,Services,3
2025-02-01,1550,633,United States,Training,1
2025-02-01,3726,1304,United States,Software,1
2025-02-01,5742,1858,Spain,Hardware,10
2025-02-01,1411,311,United States,Training,2
2025-02-01,2708,550,Spain,Services,2
2025-02-01,5352,1043,Germany,Hardware,11
2025-02-01,2314,803,Spain,Services,6
2025-02-01,5255,1461,Spain,Training,7
2025-02-01,16740,577,Spain,Hardware,21
2025-02-01,2374,828,United States,Software,3
2025-02-01,15220,3828,Japan,Hardware,19
2025-02-01,4250,1162,Spain,Hardware,7
2025-02-01,4463,1205,Japan,Training,4
2025-02-01,3555,1034,United States,Software,6
2025-02-01,3582,1567,Spain,Software,2
2025-02-01,9975,2295,Spain,Hardware,7
2025-02-01,3157,774,United Kingdom,Services,1
2025-02-01,5255,2223,France,Training,6
2025-02-01,1832,517,France,Training,2
2025-02-01,1620,535,Spain,Training,4
2025-02-01,2587,566,United Kingdom,Hardware,3
2025-02-01,7420,1903,Spain,Services,6
2025-02-01,6299,2459,Japan,Software,3
2025-02-01,1199,416,Germany,Training,1
2025-02-01,1404,301,France,Hardware,1
2025-02-01,1145,299,United States,Training,1
2025-02-01,8638,1078,Spain,Hardware,3
2025-02-01,5714,475,France,Hardware,3
2025-02-01,4865,1498,United Kingdom,Software,8
2025-02-01,1496,361,France,Training,1
2025-02-01,2803,581,Germany,Services,6
2025-02-01,3517,910,Germany,Services,2
2025-02-01,3755,1370,Spain,Software,6
2025-02-01,10040,1203,France,Training,10
2025-02-01,6458,1421,United States,Hardware,5
2025-02-01,6853,1510,United States,Hardware,7
2025-02-01,6544,2549,United States,Software,13
2025-02-01,10624,4292,Germany,Hardware,10
2025-02-01,7107,2234,France,Hardware,4
2025-02-01,5290,1077,United States,Services,3
2025-02-01,2721,1230,Germany,Software,
2025-02-01,5757,1640,France,Software,2
2025-02-01,5444,969,Japan,Services,5
2025-02-01,1080,296,France,Training,4
2025-02-01,2536,861,United States,Training,1
2025-02-01,1628,555,United Kingdom,Services,3
2025-02-01,3055,738,United States,Services,4
2025-02-01,14337,3523,Germany,Hardware,16
2025-02-01,2862,939,Japan,Training,1
2025-02-01,7005,1115,Germany,Hardware,8
2025-02-01,3412,1049,United States,Services,6
2025-02-01,1360,361,Spain,Training,2
2025-02-01,6484,1620,United States,Hardware,7
2025-02-01,2612,679,Germany,Hardware,3
2025-02-01,9103,1643,Japan,Services,15
2025-02-01,1720,259,France,Hardware,4
2025-02-01,4520,1533,United States,Services,9
2025-02-01,5576,1389,United States,Hardware,7
2025-02-01,1895,579,France,Services,5
2025-02-01,1623,370,United States,Training,6
2025-02-01,1209,334,Germany,Services,1
2025-02-01,6116,1604,Germany,Services,9
2025-02-01,2324,483,United States,Hardware,9
2025-02-01,13779,3518,United States,Hardware,12
2025-02-01,5828,1743,United States,Hardware,6
2025-02-01,9891,3990,Germany,Software,10
2025-02-01,2984,1114,United States,Services,1
2025-02-01,3464,1654,United States,Software,2
2025-02-01,2630,672,Spain,Training,5
2025-02-01,729,229,France,Services,1
2025-02-01,4733,1223,United States,Services,5
2025-02-01,5333,1549,Germany,Hardware,4
2025-02-01,1710,348,Japan,Training,2
2025-02-01,6887,1401,United States,Hardware,9
2025-02-01,4793,1828,France,Software,7
2025-02-01,8313,2489,United States,Hardware,15
2025-02-01,2472,349,Germany,Hardware,3
2025-02-01,1416,524,Germany,Software,6
2025-02-01,3300,847,Germany,Hardware,5
2025-02-01,4343,1417,France,Training,11
2025-02-01,1517,442,Japan,Hardware,
2025-02-01,1921,659,United Kingdom,Training,3
2025-02-01,843,313,Japan,Training,1
2025-02-01,2875,966,Germany,Services,1
2025-02-01,3828,1588,Germany,Software,9
2025-02-01,2284,697,United States,Training,1
2025-02-01,2898,803,United States,Training,1
2025-02-01,4738,1850,France,Services,10
2025-02-01,1605,655,United States,Software,1
2025-02-01,4832,1087,Spain,Hardware,7
2025-02-01,2367,562,Germany,Training,1
2025-02-01,1713,326,Japan,Training,1
2025-02-01,5331,1679,United States,Software,9
2025-02-01,4626,1048,United States,Services,8
2025-02-01,13522,2794,Spain,Hardware,11
2025-02-01,2742,942,Germany,Services,3
2025-02-01,2460,606,France,Services,3
2025-02-01,3933,1213,Japan,Services,1
2025-02-01,5060,651,France,Hardware,9
2025-02-01,2579,500,Spain,Services,2
2025-02-01,5033,2033,Germany,Training,9
2025-02-01,819,279,Germany,Services,1
2025-02-01,6011,2377,United States,Software,9
2025-02-01,13080,4682,United States,Hardware,15
2025-02-01,3786,1698,Japan,Services,4
2025-02-01,1946,699,France,Services,5
2025-02-01,5210,1058,United Kingdom,Hardware,4
2025-02-01,2473,775,Spain,Training,4
2025-02-01,1777,443,United States,Services,1
2025-02-01,2351,501,United States,Services,4
2025-02-01,16552,1496,Spain,Hardware,16
2025-02-01,3603,1250,Japan,Software,5
2025-02-01,4510,975,Spain,Services,4
2025-02-01,3503,829,Spain,Hardware,3
2025-02-01,7375,2207,United States,Services,9
2025-02-01,4645,885,Japan,Software,3
2025-02-01,3090,1066,Germany,Training,5
2025-02-01,3011,765,United Kingdom,Software,7
2025-02-01,2272,657,Germany,Services,7
2025-02-01,5050,1311,Germany,Services,6
2025-02-01,4639,1838,United States,Software,6
2025-02-01,2311,515,Japan,Hardware,1
2025-02-01,1428,341,United States,Training,6
2025-02-01,2465,839,Japan,Hardware,1
2025-02-01,3141,1202,Japan,Services,2
2025-02-01,1981,468,Germany,Training,5
2025-02-01,1323,352,Japan,Training,2
2025-02-01,2738,1473,Japan,Software,3
2025-02-01,20103,2363,France,Hardware,19
2025-02-01,1628,414,United States,Training,1
2025-02-01,2420,701,United States,Training,1
2025-02-01,1608,521,United States,Services,4
2025-02-01,4450,1258,Spain,Services,7
2025-02-01,4015,850,United States,Hardware,5
2025-02-01,2926,1332,United States,Software,1
2025-02-01,1804,418,Japan,Services,4
2025-02-01,958,185,Japan,Services,3
2025-02-01,17514,2026,France,Hardware,20
2025-02-01,9076,2521,Germany,Hardware,12
2025-02-01,8372,2471,Germany,Hardware,12
2025-02-01,3425,1055,United States,Services,12
2025-02-01,3204,1271,Spain,Software,5
2025-02-01,14014,3585,United Kingdom,Hardware,17
2025-02-01,5191,1752,Japan,Services,10
2025-02-01,5050,960,United States,Hardware,10
2025-02-01,2107,766,United States,Services,1
2025-02-01,2777,849,United States,Software,2
2025-02-01,10448,3302,France,Software,15
2025-02-01,676,178,United States,Training,1
2025-02-01,1279,539,Germany,Services,4
2025-02-01,2247,1075,Japan,Software,3
2025-02-01,1634,486,France,Services,1
2025-02-01,4736,691,Spain,Hardware,9
2025-02-01,8167,2008,Japan,Hardware,9
2025-02-01,3042,564,United Kingdom,Hardware,5
2025-02-01,4246,1601,France,Software,1
2025-02-01,2973,862,Spain,Training,6
2025-02-01,3390,584,United States,Training,1
2025-02-01,2784,1052,United States,Software,1
2025-02-01,6364,1777,United Kingdom,Hardware,7
2025-02-01,3882,838,United States,Services,3
2025-02-01,4943,1019,United States,Hardware,12
2025-02-01,1472,588,United States,Services,1
2025-02-01,3288,1125,Japan,Software,1
2025-02-01,9088,2189,Spain,Hardware,11
2025-02-01,967,285,Germany,Training,1
2025-02-01,7546,2267,Spain,Hardware,10
2025-02-01,2974,1213,France,Services,5
2025-02-01,3468,661,Germany,Hardware,5
2025-02-01,5549,888,France,Hardware,8
2025-02-01,2087,487,Japan,Training,1
2025-02-01,2582,733,Spain,Software,5
2025-02-01,1642,361,United States,Training,5
2025-02-01,2765,1173,Germany,Services,5
2025-02-01,2506,670,Germany,Hardware,3
2025-02-01,3387,1381,United States,Services,4
2025-02-01,3969,1004,Germany,Hardware,9
2025-02-01,4415,802,France,Hardware,11
2025-02-01,11623,2271,United Kingdom,Hardware,12
2025-02-01,3500,768,United Kingdom,Hardware,3
2025-02-01,2985,594,Germany,Services,1
2025-02-01,3378,643,Japan,Hardware,5
2025-02-01,3036,989,France,Software,5
2025-02-01,2610,675,Germany,Software,2
2025-02-01,1680,660,Germany,Software,1
2025-02-01,16357,4335,United States,Hardware,20
2025-02-01,5780,1363,Spain,Services,8
2025-02-01,1907,593,Japan,Services,3
2025-02-01,4216,1721,Spain,Software,5
2025-02-01,2626,811,United States,Training,1
2025-02-01,2176,509,United States,Hardware,4
2025-02-01,3887,874,United Kingdom,Training,7
2025-02-01,9764,2021,Germany,Hardware,8
2025-02-01,5393,1238,France,Hardware,5
2025-02-01,1131,344,France,Training,1
2025-02-01,2767,781,Japan,Services,2
2025-02-01,797,239,United States,Training,4
2025-02-01,1576,473,France,Training,5
2025-02-01,993,193,United States,Training,1
2025-02-01,2522,415,Spain,Hardware,6
2025-02-01,3029,1205,Japan,Software,1
2025-02-01,2468,945,Spain,Software,2
2025-02-01,1421,573,Spain,Training,
2025-02-01,3865,822,Japan,Hardware,4
2025-02-01,1701,431,United States,Training,2
2025-02-01,4365,1934,United States,Software,1
2025-02-01,2340,621,Germany,Hardware,7
2025-02-01,3192,1236,Spain,Software,1
2025-02-01,1791,537,Japan,Training,1
2025-02-01,4218,1550,United States,Software,1
2025-02-01,1810,533,France,Services,6
2025-02-01,1958,423,United Kingdom,Training,2
2025-02-01,4290,1941,Spain,Software,1
2025-02-01,1335,432,Germany,Services,6
2025-02-01,3474,752,United States,Hardware,4
2025-02-01,7928,2375,Germany,Hardware,3
2025-02-01,6927,811,France,Hardware,3
2025-02-01,1948,431,Germany,Training,1
2025-02-01,6741,1534,France,Services,10
2025-02-01,3988,1685,Japan,Services,8
2025-02-01,1950,767,Japan,Services,6
2025-02-01,1911,561,United Kingdom,Training,1
2025-02-01,4128,1610,France,Services,1
2025-02-01,1575,670,Spain,Software,3
2025-02-01,1103,348,Japan,Hardware,4
2025-02-01,3552,1128,United States,Services,6
2025-02-01,3930,1386,Japan,Hardware,9
2025-02-01,3179,1330,United States,Services,2
2025-02-01,3536,938,United States,Services,4
2025-02-01,4550,614,Spain,Hardware,8
2025-02-01,2205,674,Spain,Training,1
2025-02-01,2001,590,France,Training,1
2025-02-01,1041,367,Germany,Training,6
2025-02-01,6845,2840,Germany,Software,2
2025-02-01,863,252,United States,Training,1
2025-02-01,3693,1070,France,Hardware,6
2025-02-01,1557,305,Germany,Training,1
2025-02-01,1111,136,Germany,Services,5
2025-02-01,1338,499,Germany,Software,1
2025-02-01,1518,309,United States,Training,3
2025-02-01,1123,343,France,Training,2
2025-02-01,11321,1861,France,Hardware,13
2025-02-01,4871,1169,Germany,Software,3
2025-02-01,2342,794,United Kingdom,Training,1
2025-02-01,4370,621,United Kingdom,Hardware,2
2025-02-01,5096,2070,Germany,Software,8
2025-02-01,670,260,Japan,Software,1
2025-02-01,1200,369,United States,Training,1
2025-02-01,2338,339,Spain,Training,5
2025-02-01,2391,692,United States,Training,1
2025-02-01,2885,414,Germany,Services,1
2025-02-01,2851,921,Spain,Services,2
2025-02-01,7826,1059,Japan,Hardware,7
2025-02-01,4858,526,France,Hardware,6
2025-02-01,2367,954,United Kingdom,Services,1
2025-02-01,7112,912,France,Hardware,6
2025-02-01,4084,341,Spain,Hardware,4
2025-02-01,2171,640,United States,Services,1
2025-02-01,1575,426,Spain,Training,1
2025-02-01,4348,1391,France,Hardware,10
2025-02-01,2670,447,France,Training,5
2025-02-01,1589,492,Spain,Services,1
2025-02-01,5156,995,France,Training,5
2025-02-01,3917,1370,France,Software,10
2025-02-01,2143,296,Germany,Hardware,7
2025-02-01,2351,901,Spain,Services,5
2025-02-01,6661,2675,Japan,Software,10
2025-02-01,14926,3756,United States,Hardware,17
2025-02-01,5052,2400,Germany,Software,6
2025-02-01,4727,1904,France,Software,4
2025-02-01,2301,1086,Japan,Software,1
2025-02-01,3360,896,United States,Training,1
2025-02-01,4330,1656,United States,Hardware,8
2025-02-01,1357,445,Germany,Training,4
2025-02-01,5722,455,Spain,Hardware,8
2025-02-01,6536,1132,Spain,Hardware,1
2025-02-01,1784,432,France,Training,1
2025-02-01,1775,569,United States,Training,1
2025-02-01,2016,298,Germany,Hardware,7
2025-02-01,3198,1056,Germany,Software,1
2025-02-01,10505,2385,Germany,Hardware,12
2025-02-01,3662,1179,United Kingdom,Software,3
2025-02-01,1443,357,Japan,Training,1
2025-02-01,2143,563,Spain,Training,4
2025-02-01,3615,1173,France,Hardware,5
2025-02-01,1786,416,United States,Hardware,1
2025-02-01,2108,655,United States,Software,7
2025-02-01,18652,3119,Germany,Hardware,19
2025-02-01,1077,309,United States,Training,3
2025-02-01,1828,499,United States,Training,3
2025-02-01,4833,1082,Japan,Training,6
2025-02-01,429,105,United States,Training,1
2025-02-01,9473,2047,France,Hardware,11
2025-02-01,12655,3835,United States,Hardware,14
2025-02-01,2786,1144,Spain,Software,1
2025-02-01,1800,708,France,Software,4
2025-02-01,3279,1216,Japan,Training,8
2025-02-01,2133,727,France,Services,1
2025-02-01,3144,946,United States,Software,4
2025-02-01,1092,235,United States,Training,2
2025-02-01,852,286,United States,Services,2
2025-02-01,5224,1925,Germany,Software,7
2025-02-01,4436,1726,United Kingdom,Software,8
2025-02-01,6607,2374,Japan,Software,12
2025-02-01,2717,1228,United States,Services,1
2025-02-01,1626,560,Japan,Training,3
2025-02-01,4864,1020,Japan,Hardware,5
2025-02-01,3060,1201,United Kingdom,Software,3
2025-02-01,755,211,United States,Training,1
2025-02-01,4607,1835,Japan,Services,5
2025-02-01,2223,420,Spain,Hardware,1
2025-02-01,6252,1855,United States,Hardware,5
2025-02-01,2760,472,Germany,Hardware,1
2025-02-01,6838,1783,France,Hardware,10
2025-02-01,11020,3482,Spain,Software,18
2025-02-01,2612,352,Germany,Hardware,3
2025-02-01,2741,686,Spain,Services,1
2025-02-01,7799,3985,Japan,Software,12
2025-02-01,3517,858,United Kingdom,Hardware,5
2025-02-01,5449,963,United Kingdom,Hardware,9
2025-02-01,10634,1837,Germany,Hardware,15
2025-02-01,2544,767,Japan,Training,1
2025-02-01,1878,216,United States,Services,3
2025-02-01,3429,880,United States,Services,3
2025-02-01,2497,1177,Spain,Software,3
2025-02-01,3961,1401,Germany,Software,7
2025-02-01,3855,2081,France,Software,5
2025-02-01,3265,864,United Kingdom,Services,2
2025-02-01,11540,5034,United Kingdom,Software,12
2025-02-01,2270,442,France,Hardware,5
2025-02-01,3288,818,Germany,Hardware,7
2025-02-01,3123,1410,Japan,Software,5
2025-02-01,10018,3027,Germany,Hardware,16
2025-02-01,2354,507,Germany,Services,4
2025-02-01,2875,930,Japan,Training,1
2025-02-01,8748,3647,Japan,Software,12
2025-02-01,3959,670,France,Services,8
2025-02-01,2422,984,France,Software,1
2025-02-01,476,140,France,Training,3
2025-02-01,22684,3387,Spain,Hardware,27
2025-02-01,8880,2780,United States,Hardware,9
2025-02-01,5134,788,France,Training,6
2025-02-01,7932,2200,France,Hardware,10
2025-02-01,1803,479,United States,Software,1
2025-02-01,5515,1283,Germany,Hardware,7
2025-02-01,8624,2298,France,Services,14
2025-02-01,3054,722,United States,Services,4
2025-02-01,3783,1532,United States,Software,1
2025-02-01,1884,466,United Kingdom,Hardware,3
2025-02-01,1523,586,Germany,Services,1
2025-02-01,1842,601,United States,Services,3
2025-02-01,5265,1365,Spain,Hardware,7
2025-02-01,3146,1051,Spain,Hardware,7
2025-02-01,1037,330,United Kingdom,Services,1
2025-02-01,5759,1508,United States,Hardware,6
2025-02-01,10327,2124,United States,Hardware,10
2025-02-01,7007,1602,United States,Services,8
2025-02-01,4623,1115,Germany,Training,5
2025-02-01,2506,622,United States,Services,1
2025-02-01,3619,872,Germany,Training,2
2025-02-01,4149,848,France,Hardware,3
2025-02-01,3036,713,Spain,Hardware,5
2025-02-01,13149,4737,Germany,Software,19
2025-02-01,1188,543,United States,Training,1
2025-03-01,1202,194,United States,Training,1
2025-03-01,11358,2991,United States,Hardware,13
2025-03-01,3788,1529,Germany,Services,7
2025-03-01,2699,789,Japan,Software,3
2025-03-01,2485,434,France,Hardware,5
2025-03-01,2172,536,Germany,Hardware,1
2025-03-01,5084,1938,Germany,Services,9
2025-03-01,1738,331,Spain,Training,2
2025-03-01,4836,1870,United Kingdom,Services,7
2025-03-01,11949,1982,Germany,Hardware,15
2025-03-01,7192,1179,Germany,Hardware,5
2025-03-01,2044,575,United States,Services,2
2025-03-01,935,81,Germany,Training,1
2025-03-01,8208,1570,Germany,Hardware,7
2025-03-01,2020,699,Japan,Services,2
2025-03-01,12271,2637,United Kingdom,Hardware,15
2025-03-01,7009,2335,Germany,Software,6
2025-03-01,477,108,France,Training,1
2025-03-01,1967,483,Germany,Services,1
2025-03-01,7572,1908,United States,Hardware,12
2025-03-01,1065,330,Japan,Training,1
2025-03-01,5980,1459,United Kingdom,Hardware,8
2025-03-01,1064,366,Germany,Training,1
2025-03-01,4035,979,United States,Services,3
2025-03-01,6420,1061,United States,Software,8
2025-03-01,2745,1025,United Kingdom,Software,8
2025-03-01,14598,5221,United States,Hardware,17
2025-03-01,11562,1769,Spain,Hardware,16
2025-03-01,2187,753,United Kingdom,Software,2
2025-03-01,3283,664,France,Services,1
2025-03-01,7045,2150,Japan,Training,7
2025-03-01,3032,701,United States,Services,2
2025-03-01,3606,1086,United Kingdom,Services,6
2025-03-01,7139,3149,United States,Training,9
2025-03-01,14611,3299,Japan,Hardware,20
2025-03-01,3455,1008,United Kingdom,Services,4
2025-03-01,4801,1566,United Kingdom,Services,4
2025-03-01,3105,1138,Germany,Training,6
2025-03-01,4986,1213,Spain,Services,9
2025-03-01,4792,1111,Spain,Training,4
2025-03-01,4381,914,Spain,Hardware,6
2025-03-01,12838,5087,France,Software,12
2025-03-01,1443,394,Spain,Services,4
2025-03-01,3431,1407,Germany,Training,2
2025-03-01,7401,1182,Spain,Hardware,10
2025-03-01,1504,579,United States,Services,2
2025-03-01,3098,691,United Kingdom,Training,4
2025-03-01,4396,1550,Spain,Services,10
2025-03-01,15227,4681,United Kingdom,Software,20
2025-03-01,3604,1173,United States,Software,6
2025-03-01,5507,761,United States,Hardware,3
2025-03-01,7068,1667,Spain,Hardware,7
2025-03-01,1183,263,United States,Training,1
2025-03-01,3997,1468,United States,Software,7
2025-03-01,5367,1582,United Kingdom,Services,9
2025-03-01,2837,913,Germany,Training,1
2025-03-01,3972,1374,United States,Software,5
2025-03-01,1240,222,France,Training,2
2025-03-01,4749,911,Japan,Hardware,11
2025-03-01,4386,1560,Japan,Software,5
2025-03-01,4480,694,Spain,Services,1
2025-03-01,5015,613,United States,Hardware,6
2025-03-01,6556,1880,Spain,Services,2
2025-03-01,1362,513,France,Software,1
2025-03-01,5084,1579,United States,Services,3
2025-03-01,2034,419,Spain,Hardware,1
2025-03-01,9091,1992,Spain,Services,10
2025-03-01,992,228,France,Training,3
2025-03-01,5604,2117,United States,Services,5
2025-03-01,1028,227,United States,Training,1
2025-03-01,4262,1733,United Kingdom,Software,5
2025-03-01,1743,412,United States,Training,1
2025-03-01,1783,426,France,Hardware,4
2025-03-01,1647,500,United States,Services,1
2025-03-01,2984,1295,Germany,Software,3
2025-03-01,3023,513,Germany,Hardware,1
2025-03-01,695,125,Spain,Training,1
2025-03-01,4227,1602,Spain,Services,5
2025-03-01,2202,1084,United States,Software,7
2025-03-01,1671,367,Germany,Training,1
2025-03-01,4768,1253,Japan,Hardware,3
2025-03-01,1490,280,France,Services,1
2025-03-01,1536,539,United Kingdom,Training,2
2025-03-01,2944,556,United States,Training,4
2025-03-01,1671,483,Spain,Training,8
2025-03-01,1204,262,Spain,Training,1
2025-03-01,15093,5352,Spain,Services,13
2025-03-01,1279,300,Japan,Training,1
2025-03-01,1780,651,United Kingdom,Services,2
2025-03-01,3419,1423,Spain,Software,5
2025-03-01,11010,1766,Germany,Services,10
2025-03-01,5127,1223,Japan,Hardware,4
2025-03-01,1925,628,Spain,Hardware,1
2025-03-01,3527,1015,Germany,Training,3
2025-03-01,10937,1275,Japan,Hardware,15
2025-03-01,2529,731,Japan,Services,8
2025-03-01,3712,1496,Spain,Software,1
2025-03-01,7480,2349,Germany,Services,4
2025-03-01,7228,1480,United States,Services,3
2025-03-01,1593,409,Spain,Services,1
2025-03-01,4723,1306,Germany,Services,2
2025-03-01,3352,936,France,Training,6
2025-03-01,4314,1721,Germany,Software,8
2025-03-01,4355,1783,Germany,Software,3
2025-03-01,9276,1707,France,Hardware,10
2025-03-01,935,64,United Kingdom,Training,4
2025-03-01,3322,1342,United Kingdom,Software,1
2025-03-01,1778,752,Spain,Software,7
2025-03-01,1971,398,United States,Training,5
2025-03-01,5176,548,France,Training,1
2025-03-01,3041,1025,United Kingdom,Training,7
2025-03-01,8331,2166,Spain,Hardware,10
2025-03-01,6884,1970,United Kingdom,Hardware,10
2025-03-01,2391,706,United States,Services,3
2025-03-01,3433,1010,Japan,Training,1
2025-03-01,4729,389,Germany,Hardware,3
2025-03-01,7102,2172,France,Software,9
2025-03-01,1068,268,Japan,Services,1
2025-03-01,11453,3356,Germany,Hardware,9
2025-03-01,3541,911,Japan,Services,3
2025-03-01,15435,3400,France,Hardware,14
2025-03-01,7944,3306,Spain,Software,14
2025-03-01,12884,2611,France,Hardware,15
2025-03-01,2158,916,United States,Training,7
2025-03-01,3125,1109,Germany,Software,6
2025-03-01,1050,305,Spain,Services,2
2025-03-01,1567,524,Japan,Services,3
2025-03-01,2097,656,France,Training,2
2025-03-01,5612,1318,France,Hardware,12
2025-03-01,3209,748,United Kingdom,Hardware,1
2025-03-01,5786,1961,United States,Software,6
2025-03-01,2489,1013,United Kingdom,Training,5
2025-03-01,1575,368,United States,Training,2
2025-03-01,6749,1715,Spain,Software,7
2025-03-01,1650,460,United Kingdom,Services,4
2025-03-01,3225,1117,Germany,Software,1
2025-03-01,2478,603,Spain,Training,2
2025-03-01,2710,841,Japan,Training,1
2025-03-01,3123,698,United States,Hardware,4
2025-03-01,6460,2166,Japan,Services,15
2025-03-01,1420,412,United States,Training,1
2025-03-01,1353,342,France,Training,1
2025-03-01,5508,2786,United States,Software,4
2025-03-01,1231,502,Spain,Services,1
2025-03-01,842,179,United States,Training,1
2025-03-01,996,194,Germany,Training,2
2025-03-01,4326,1431,Japan,Software,7
2025-03-01,9680,4137,Japan,Software,12
2025-03-01,2452,843,Germany,Hardware,4
2025-03-01,2425,891,Japan,Software,4
2025-03-01,12164,2782,Japan,Hardware,9
2025-03-01,11489,3481,United States,Hardware,10
2025-03-01,1905,536,United States,Training,2
2025-03-01,1037,264,Germany,Training,1
2025-03-01,9834,1951,Japan,Hardware,13
2025-03-01,10516,2629,France,Hardware,11
2025-03-01,3124,829,Germany,Training,9
2025-03-01,2142,433,Germany,Training,5
2025-03-01,1527,388,United States,Training,2
2025-03-01,1294,256,Spain,Hardware,1
2025-03-01,6436,2103,United Kingdom,Software,3
2025-03-01,7598,2049,France,Services,11
2025-03-01,5475,825,United States,Hardware,3
2025-03-01,1057,288,United States,Training,3
2025-03-01,4153,1110,Germany,Hardware,7
2025-03-01,2262,868,United Kingdom,Services,1
2025-03-01,2818,1064,France,Software,5
2025-03-01,4673,726,United States,Hardware,6
2025-03-01,2999,633,United States,Training,5
2025-03-01,7640,2820,United Kingdom,Software,10
2025-03-01,2380,472,Spain,Services,3
2025-03-01,3287,889,France,Services,6
2025-03-01,1932,348,Spain,Training,1
2025-03-01,3863,1524,United States,Software,7
2025-03-01,2501,752,United States,Services,1
2025-03-01,5249,786,United States,Hardware,7
2025-03-01,3038,1318,Japan,Services,6
2025-03-01,3622,645,France,Hardware,9
2025-03-01,3488,1013,United States,Software,2
2025-03-01,6706,2495,France,Software,5
2025-03-01,3152,869,France,Training,1
2025-03-01,1196,235,Japan,Training,1
2025-03-01,5765,1092,United States,Hardware,8
2025-03-01,2744,919,Japan,Services,1
2025-03-01,4675,1769,United Kingdom,Services,3
2025-03-01,991,196,Germany,Training,2
2025-03-01,3487,940,Spain,Services,1
2025-03-01,1541,379,United States,Training,1
2025-03-01,2137,806,France,Software,1
2025-03-01,1406,505,United States,Software,1
2025-03-01,4154,1573,Germany,Software,5
2025-03-01,2378,516,United States,Training,6
2025-03-01,8129,2249,France,Hardware,7
2025-03-01,1747,598,Spain,Services,1
2025-03-01,1266,376,Spain,Training,5
2025-03-01,6601,2933,United Kingdom,Software,5
2025-03-01,8420,3222,United States,Software,8
2025-03-01,2951,902,Japan,Services,4
2025-03-01,1273,386,Spain,Training,1
2025-03-01,2030,718,United States,Software,2
2025-03-01,3148,919,United States,Training,4
2025-03-01,729,230,France,Training,1
2025-03-01,13690,2732,United States,Hardware,16
2025-03-01,4902,1110,France,Hardware,6
2025-03-01,3478,1536,Japan,Software,6
2025-03-01,5021,2061,Germany,Software,5
2025-03-01,1573,637,Spain,Software,1
2025-03-01,1303,381,Spain,Training,4
2025-03-01,887,215,Germany,Training,5
2025-03-01,1238,362,Japan,Training,1
2025-03-01,3108,1043,United Kingdom,Software,7
2025-03-01,2565,1092,United Kingdom,Software,1
2025-03-01,2960,875,France,Services,1
2025-03-01,18406,3287,United States,Hardware,25
2025-03-01,2741,658,Spain,Hardware,6
2025-03-01,2973,720,United States,Training,8
2025-03-01,2552,1006,France,Training,4
2025-03-01,20123,4449,United States,Hardware,27
2025-03-01,2117,513,Spain,Training,2
2025-03-01,6777,1550,United Kingdom,Hardware,9
2025-03-01,3070,1138,Japan,Software,1
2025-03-01,4818,1047,United States,Software,2
2025-03-01,1817,332,Japan,Training,3
2025-03-01,927,308,Japan,Training,1
2025-03-01,4402,1480,France,Software,7
2025-03-01,1985,524,France,Training,3
2025-03-01,1741,294,Spain,Training,5
2025-03-01,5232,1469,Germany,Hardware,4
2025-03-01,3066,720,United States,Training,1
2025-03-01,4934,1045,United States,Training,1
2025-03-01,1112,265,United States,Training,1
2025-03-01,1597,525,United States,Training,1
2025-03-01,1431,516,Germany,Training,1
2025-03-01,2980,840,Germany,Training,1
2025-03-01,3265,1015,Japan,Services,1
2025-03-01,1198,296,Germany,Training,1
2025-03-01,2249,664,United Kingdom,Training,7
2025-03-01,1022,344,United States,Training,4
2025-03-01,4068,616,United States,Hardware,3
2025-03-01,12932,3447,United States,Hardware,15
2025-03-01,7669,2005,Germany,Services,11
2025-03-01,4333,1566,Japan,Services,6
2025-03-01,3898,1331,United States,Training,1
2025-03-01,2056,503,United States,Services,1
2025-03-01,4961,1200,Spain,Hardware,3
2025-03-01,6806,1117,Spain,Training,13
2025-03-01,8117,1893,France,Hardware,11
2025-03-01,3086,259,France,Hardware,2
2025-03-01,5543,1229,Germany,Hardware,8
2025-03-01,4557,1395,Spain,Hardware,11
2025-03-01,8095,3882,Japan,Software,8
2025-03-01,4093,892,United Kingdom,Training,2
2025-03-01,4306,1435,Spain,Training,4
2025-03-01,4383,910,United States,Services,9
2025-03-01,3587,881,France,Hardware,7
2025-03-01,4336,1701,Japan,Software,8
2025-03-01,6545,2621,France,Software,12
2025-03-01,6684,1710,Germany,Hardware,7
2025-03-01,2447,521,Spain,Training,10
2025-03-01,6319,2313,Japan,Software,2
2025-03-01,15849,5404,United States,Software,23
2025-03-01,6215,787,United States,Hardware,1
2025-03-01,5211,1827,Germany,Services,7
2025-03-01,19931,3580,Japan,Hardware,23
2025-03-01,5530,1745,Spain,Services,4
2025-03-01,3592,891,Germany,Hardware,3
2025-03-01,2559,462,United States,Hardware,6
2025-03-01,3969,1896,Spain,Software,3
2025-03-01,7141,1298,Spain,Hardware,6
2025-03-01,10107,2775,United States,Training,15
2025-03-01,8351,1001,France,Hardware,10
2025-03-01,3077,850,France,Hardware,1
2025-03-01,2333,679,Spain,Training,1
2025-03-01,8018,1612,France,Hardware,8
2025-03-01,7651,1885,Spain,Hardware,10
2025-03-01,8963,2174,United States,Services,13
2025-03-01,3655,994,United Kingdom,Hardware,7
2025-03-01,4121,1075,United Kingdom,Services,1
2025-03-01,1202,567,United States,Software,1
2025-03-01,6196,2034,Germany,Software,6
2025-03-01,1159,190,United States,Training,3
2025-03-01,1992,455,United States,Services,1
2025-03-01,1691,421,Germany,Software,7
2025-03-01,7938,1632,United States,Hardware,10
2025-03-01,6728,3014,Japan,Software,8
2025-03-01,8040,636,Germany,Hardware,8
2025-03-01,6372,1776,Japan,Hardware,4
2025-03-01,1937,840,Japan,Software,7
2025-03-01,2005,689,Japan,Training,2
2025-03-01,2265,786,United States,Training,1
2025-03-01,2673,1029,Japan,Training,3
2025-03-01,2221,677,United States,Training,1
2025-03-01,2866,929,United States,Services,4
2025-03-01,4485,1543,United Kingdom,Software,12
2025-03-01,978,213,United States,Training,1
2025-03-01,22101,4799,United States,Hardware,20
2025-03-01,1753,805,Japan,Software,8
2025-03-01,5542,1771,United Kingdom,Software,8
2025-03-01,6922,2252,United States,Software,
2025-03-01,1356,477,Spain,Training,1
2025-03-01,1944,604,United States,Training,4
2025-03-01,2572,752,Germany,Hardware,5
2025-03-01,1267,270,United States,Training,3
2025-03-01,1609,518,France,Services,1
2025-03-01,1882,657,Germany,Services,4
2025-03-01,4030,1470,United States,Software,3
2025-03-01,2112,630,Japan,Training,1
2025-03-01,3208,1046,United States,Hardware,4
2025-03-01,1873,266,Japan,Training,3
2025-03-01,1364,720,United States,Software,1
2025-03-01,3641,1713,Japan,Software,7
2025-03-01,2989,1755,United States,Software,6
2025-03-01,3591,1243,Germany,Software,2
2025-03-01,2549,645,France,Training,5
2025-03-01,5419,2183,Germany,Services,6
2025-03-01,2694,834,Germany,Services,3
2025-03-01,1549,458,Japan,Services,1
2025-03-01,2030,666,United States,Services,1
2025-03-01,2330,1202,United States,Software,7
2025-03-01,2613,762,Germany,Training,6
2025-03-01,6889,1851,Japan,Services,1
2025-03-01,3597,995,Germany,Hardware,3
2025-03-01,6216,2011,United States,Software,1
2025-03-01,2289,510,United States,Training,
2025-03-01,4931,795,France,Hardware,5
2025-03-01,10540,2586,Spain,Hardware,8
2025-03-01,6848,2156,Japan,Hardware,10
2025-03-01,3685,1318,Spain,Training,4
2025-03-01,20185,6489,Germany,Services,17
2025-03-01,3821,738,Japan,Training,1
2025-03-01,1866,637,Germany,Services,1
2025-03-01,517,153,United States,Training,2
2025-03-01,14611,5905,Japan,Software,18
2025-03-01,2612,799,Japan,Training,5
2025-03-01,864,209,Spain,Training,1
2025-03-01,9454,3250,Germany,Hardware,11
2025-03-01,3199,480,Japan,Hardware,2
2025-03-01,2312,856,Germany,Software,6
2025-03-01,2284,573,United States,Services,4
2025-03-01,4043,1320,United Kingdom,Training,2
2025-03-01,2249,937,United States,Services,7
2025-03-01,2034,599,Japan,Software,1
2025-03-01,3947,1340,Spain,Services,3
2025-03-01,9981,3035,Germany,Services,11
2025-03-01,3042,1089,United States,Software,1
2025-03-01,3969,1791,United States,Training,10
2025-03-01,3259,1283,Germany,Services,3
2025-03-01,3156,950,United States,Software,3
2025-03-01,6663,833,United States,Hardware,5
2025-03-01,3446,1445,Spain,Software,2
2025-03-01,2874,867,United States,Hardware,1
2025-03-01,8894,3971,Germany,Software,9
2025-03-01,1129,509,United States,Software,5
2025-03-01,10667,3620,Germany,Hardware,14
2025-03-01,2021,872,United States,Services,3
2025-03-01,5574,1345,Japan,Training,4
2025-03-01,4448,1037,Germany,Hardware,4
2025-03-01,4794,1405,France,Hardware,4
2025-03-01,4791,1936,United States,Services,12
2025-03-01,6255,2787,United Kingdom,Software,8
2025-03-01,10648,1930,United Kingdom,Hardware,16
2025-03-01,3976,1280,United States,Services,5
2025-03-01,4188,1080,Japan,Hardware,6
2025-03-01,4774,2073,United Kingdom,Software,6
2025-03-01,1041,280,France,Training,1
2025-03-01,2061,431,Germany,Training,4
2025-03-01,2279,917,Spain,Services,6
2025-03-01,1719,516,France,Training,2
2025-03-01,10580,2568,United States,Hardware,16
2025-03-01,3097,852,Spain,Services,7
2025-03-01,3064,1055,United States,Training,1
2025-03-01,1270,305,France,Training,2
2025-03-01,5356,2397,Japan,Services,3
2025-03-01,6108,2427,France,Services,2
2025-03-01,2190,537,Germany,Services,2
2025-03-01,8012,1793,Spain,Hardware,9
2025-03-01,6752,2728,Germany,Software,14
2025-03-01,8947,2067,Germany,Training,10
2025-03-01,2909,672,United Kingdom,Training,6
2025-03-01,995,96,France,Training,1
2025-03-01,3968,1336,United States,Hardware,5
2025-03-01,3585,1243,United States,Software,1
2025-03-01,6714,2398,Spain,Services,7
2025-03-01,1900,603,United Kingdom,Training,6
2025-03-01,4393,1303,Spain,Training,4
2025-03-01,5885,2503,France,Software,9
2025-03-01,14502,3060,Japan,Hardware,21
2025-03-01,6042,2194,United Kingdom,Software,6
2025-03-01,4704,1841,United States,Software,7
2025-03-01,7484,2793,United Kingdom,Services,5
2025-03-01,848,77,Germany,Training,5
2025-03-01,1884,353,United Kingdom,Training,1
2025-03-01,3275,1312,Japan,Training,1
2025-03-01,11431,1426,United States,Hardware,12
2025-03-01,5218,1643,Japan,Services,2
2025-03-01,2737,194,Japan,Hardware,5
2025-03-01,916,247,Japan,Training,3
2025-03-01,4272,1096,United States,Training,2
2025-03-01,846,270,France,Training,1
2025-03-01,4878,1124,United States,Training,6
2025-04-01,5860,1490,France,Training,10
2025-04-01,8832,1372,United States,Hardware,7
2025-04-01,8475,1061,France,Hardware,11
2025-04-01,2898,1112,United States,Software,8
2025-04-01,9143,1749,Japan,Hardware,9
2025-04-01,3860,895,France,Hardware,5
2025-04-01,3644,1483,United Kingdom,Software,4
2025-04-01,1884,691,United States,Training,1
2025-04-01,7095,2848,United States,Software,7
2025-04-01,1631,426,Germany,Hardware,1
2025-04-01,2869,1130,United States,Software,3
2025-04-01,2864,1266,United States,Software,2
2025-04-01,666,204,Germany,Training,1
2025-04-01,7556,2448,Japan,Services,10
2025-04-01,1666,499,Germany,Training,1
2025-04-01,2553,865,Germany,Services,4
2025-04-01,666,99,France,Training,1
2025-04-01,7935,3179,United States,Software,11
2025-04-01,6307,2369,Germany,Software,7
2025-04-01,9271,2119,France,Services,13
2025-04-01,9521,1997,United States,Services,9
2025-04-01,3611,1064,Germany,Services,6
2025-04-01,2457,550,Spain,Training,3
2025-04-01,5302,896,United States,Hardware,7
2025-04-01,6923,1154,Germany,Hardware,6
2025-04-01,3756,892,Germany,Hardware,3
2025-04-01,1668,399,Japan,Training,1
2025-04-01,2014,705,France,Hardware,7
2025-04-01,1708,530,Germany,Training,4
2025-04-01,3474,725,Japan,Training,4
2025-04-01,1840,567,France,Services,4
2025-04-01,8448,3275,United States,Software,11
2025-04-01,8848,1409,United States,Hardware,12
2025-04-01,5367,1402,Japan,Services,6
2025-04-01,9133,2620,United Kingdom,Software,11
2025-04-01,4839,824,Germany,Hardware,11
2025-04-01,8867,2265,United States,Hardware,9
2025-04-01,1911,378,Spain,Training,1
2025-04-01,2292,586,Germany,Training,4
2025-04-01,1540,439,Spain,Training,4
2025-04-01,10778,2885,France,Hardware,11
2025-04-01,2046,567,United States,Services,8
2025-04-01,3875,1138,Germany,Training,9
2025-04-01,4742,907,Germany,Services,5
2025-04-01,1566,644,Germany,Software,4
2025-04-01,2106,848,United Kingdom,Training,1
2025-04-01,7520,1658,Japan,Hardware,10
2025-04-01,7522,2404,France,Services,10
2025-04-01,3024,1070,Germany,Services,3
2025-04-01,10309,1830,Germany,Hardware,15
2025-04-01,639,165,Japan,Training,1
2025-04-01,3904,1111,Japan,Software,2
2025-04-01,21303,6000,United States,Hardware,22
2025-04-01,6954,1769,France,Services,11
2025-04-01,1698,555,United States,Software,5
2025-04-01,3622,945,Germany,Services,4
2025-04-01,3421,1313,Spain,Software,3
2025-04-01,3280,416,Germany,Hardware,
2025-04-01,3819,531,United States,Services,1
2025-04-01,1931,725,United States,Software,3
2025-04-01,1298,312,United States,Training,4
2025-04-01,5231,1600,Spain,Services,4
2025-04-01,1358,325,United States,Services,1
2025-04-01,944,219,Japan,Training,1
2025-04-01,3197,914,Germany,Services,4
2025-04-01,2592,392,United Kingdom,Training,1
2025-04-01,707,102,United States,Training,2
2025-04-01,8018,2145,Japan,Hardware,10
2025-04-01,2490,272,Germany,Hardware,2
2025-04-01,2693,492,France,Training,1
2025-04-01,5131,2149,Japan,Software,7
2025-04-01,496,117,Japan,Training,4
2025-04-01,10275,3714,United States,Services,8
2025-04-01,2631,961,Spain,Software,1
2025-04-01,16155,2997,Germany,Hardware,15
2025-04-01,3318,838,United States,Training,5
2025-04-01,25766,5280,France,Hardware,28
2025-04-01,4699,1415,United Kingdom,Training,5
2025-04-01,2676,965,Japan,Software,4
2025-04-01,2706,1023,Germany,Services,7
2025-04-01,21271,3479,United Kingdom,Hardware,26
2025-04-01,2067,749,France,Services,2
2025-04-01,2788,319,Germany,Hardware,3
2025-04-01,6653,3566,United States,Software,6
2025-04-01,12669,3872,United States,Hardware,8
2025-04-01,802,174,Spain,Training,1
2025-04-01,3148,1353,Spain,Software,1
2025-04-01,11969,1751,France,Hardware,15
2025-04-01,1519,454,United States,Training,1
2025-04-01,7901,2209,Japan,Software,4
2025-04-01,1602,613,United States,Services,3
2025-04-01,6496,1899,Japan,Services,6
2025-04-01,6666,829,United Kingdom,Hardware,7
2025-04-01,24559,7894,Spain,Hardware,27
2025-04-01,2203,962,Germany,Software,5
2025-04-01,4743,1725,United Kingdom,Hardware,3
2025-04-01,5363,648,Japan,Hardware,8
2025-04-01,4267,1187,Japan,Training,5
2025-04-01,2044,605,Spain,Training,1
2025-04-01,5845,1943,United States,Software,2
2025-04-01,3233,730,United States,Training,4
2025-04-01,2882,994,Japan,Services,2
2025-04-01,4569,1243,United States,Training,5
2025-04-01,2822,586,Japan,Hardware,6
2025-04-01,1930,471,Japan,Services,1
2025-04-01,4455,1262,United Kingdom,Software,10
2025-04-01,5465,1373,Spain,Services,3
2025-04-01,11130,2351,Spain,Hardware,14
2025-04-01,2900,1336,United Kingdom,Software,7
2025-04-01,8141,2825,United States,Software,9
2025-04-01,4139,1341,United States,Services,4
2025-04-01,11671,3101,Germany,Hardware,14
2025-04-01,7544,1761,Germany,Hardware,1
2025-04-01,7936,2404,Japan,Services,6
2025-04-01,8754,847,Germany,Training,7
2025-04-01,1718,458,Germany,Training,1
2025-04-01,2573,820,France,Software,2
2025-04-01,2646,612,Spain,Services,1
2025-04-01,3427,1094,Germany,Services,4
2025-04-01,3633,1856,Spain,Software,7
2025-04-01,556,132,United Kingdom,Training,7
2025-04-01,13798,5396,Spain,Software,20
2025-04-01,2476,631,France,Training,2
2025-04-01,7951,2776,United States,Services,9
2025-04-01,6457,1221,France,Hardware,10
2025-04-01,3568,724,Germany,Training,9
2025-04-01,1164,314,Germany,Services,1
2025-04-01,3805,674,United Kingdom,Hardware,9
2025-04-01,7536,1591,Japan,Services,6
2025-04-01,10725,3475,Japan,Hardware,16
2025-04-01,1798,221,Spain,Training,1
2025-04-01,2426,985,Japan,Services,2
2025-04-01,1824,191,United Kingdom,Training,2
2025-04-01,3331,1188,Spain,Training,1
2025-04-01,3885,628,United States,Training,1
2025-04-01,2811,791,United States,Training,1
2025-04-01,4451,895,United States,Hardware,2
2025-04-01,918,176,Japan,Training,1
2025-04-01,5821,2909,United States,Software,3
2025-04-01,10693,1194,Spain,Hardware,14
2025-04-01,8533,1374,Spain,Hardware,10
2025-04-01,2649,431,Spain,Services,1
2025-04-01,1587,425,Japan,Training,1
2025-04-01,4115,1746,United Kingdom,Software,3
2025-04-01,2401,825,United States,Services,1
2025-04-01,3992,1126,United Kingdom,Hardware,1
2025-04-01,13121,4861,United Kingdom,Software,11
2025-04-01,6313,1622,Germany,Hardware,9
2025-04-01,8790,2255,United Kingdom,Hardware,11
2025-04-01,8679,2486,Germany,Hardware,8
2025-04-01,1767,621,Japan,Services,1
2025-04-01,2496,1193,Spain,Software,1
2025-04-01,6353,2703,United States,Software,13
2025-04-01,4898,2017,Japan,Software,8
2025-04-01,5981,2127,Germany,Software,5
2025-04-01,5103,1201,United States,Services,3
2025-04-01,6567,2896,Germany,Software,7
2025-04-01,1751,631,United States,Training,6
2025-04-01,2771,705,Japan,Training,5
2025-04-01,2537,612,Germany,Services,5
2025-04-01,3566,1020,United Kingdom,Services,3
2025-04-01,5376,2803,United States,Software,11
2025-04-01,3611,677,United States,Hardware,6
2025-04-01,6556,1528,United States,Hardware,9
2025-04-01,3512,1156,Japan,Software,6
2025-04-01,5188,1311,United States,Hardware,8
2025-04-01,7627,2098,Japan,Software,12
2025-04-01,10097,3547,Japan,Hardware,12
2025-04-01,1023,242,United States,Training,4
2025-04-01,3468,1353,United States,Services,3
2025-04-01,3774,1241,Germany,Software,4
2025-04-01,3400,837,France,Training,3
2025-04-01,2725,536,Germany,Training,8
2025-04-01,5047,1365,United States,Software,9
2025-04-01,1854,523,Japan,Software,5
2025-04-01,3831,1083,United States,Training,8
2025-04-01,2420,586,France,Software,2
2025-04-01,5855,1335,United States,Hardware,7
2025-04-01,1993,878,United States,Software,7
2025-04-01,1961,405,Japan,Training,3
2025-04-01,4389,1217,Spain,Services,4
2025-04-01,3733,523,United States,Services,6
2025-04-01,1351,432,Spain,Software,2
2025-04-01,5012,953,France,Hardware,2
2025-04-01,2521,416,United States,Training,1
2025-04-01,1245,551,United States,Software,1
2025-04-01,6292,1449,Spain,Training,5
2025-04-01,3342,1604,United States,Software,7
2025-04-01,6183,962,Japan,Services,2
2025-04-01,1597,555,Spain,Training,1
2025-04-01,1108,332,France,Hardware,2
2025-04-01,1559,474,Spain,Services,5
2025-04-01,2424,382,Spain,Services,2
2025-04-01,14143,3176,United Kingdom,Services,14
2025-04-01,2749,967,Spain,Training,1
2025-04-01,1163,495,Germany,Training,1
2025-04-01,3897,980,United States,Hardware,8
2025-04-01,3646,1041,United Kingdom,Services,8
2025-04-01,2841,808,Germany,Services,3
2025-04-01,2229,763,France,Training,1
2025-04-01,9542,1985,United States,Hardware,9
2025-04-01,2814,992,United States,Hardware,4
2025-04-01,12486,5734,Germany,Software,13
2025-04-01,6398,1826,Germany,Hardware,9
2025-04-01,601,158,United States,Training,1
2025-04-01,2941,1290,Germany,Services,7
2025-04-01,6074,1380,United Kingdom,Software,3
2025-04-01,5912,2957,Japan,Software,2
2025-04-01,12015,4261,Spain,Software,16
2025-04-01,2124,623,United States,Services,4
2025-04-01,1413,287,United States,Training,1
2025-04-01,3522,1432,Germany,Software,8
2025-04-01,1334,225,Japan,Services,1
2025-04-01,2847,1179,United States,Software,3
2025-04-01,4323,1234,United States,Software,3
2025-04-01,17639,5171,Germany,Hardware,20
2025-04-01,3852,1024,Spain,Hardware,8
2025-04-01,3114,780,Germany,Training,1
2025-04-01,3528,1608,Spain,Services,6
2025-04-01,4438,1278,United Kingdom,Hardware,4
2025-04-01,2053,985,France,Services,1
2025-04-01,3455,1173,Japan,Services,4
2025-04-01,5020,1358,Germany,Hardware,9
2025-04-01,3359,1136,United States,Software,1
2025-04-01,5565,1615,Spain,Training,7
2025-04-01,5489,1530,United States,Services,7
2025-04-01,3060,696,Japan,Hardware,1
2025-04-01,7574,2190,Japan,Training,10
2025-04-01,3143,1054,Germany,Services,6
2025-04-01,8222,2917,France,Services,13
2025-04-01,3520,635,France,Hardware,1
2025-04-01,5148,1557,United States,Software,7
2025-04-01,4839,758,Germany,Hardware,2
2025-04-01,9925,4013,Germany,Services,4
2025-04-01,2395,579,United States,Training,1
2025-04-01,5588,1980,United Kingdom,Services,7
2025-04-01,2876,707,France,Services,1
2025-04-01,3129,798,United States,Services,7
2025-04-01,6710,1739,Germany,Hardware,11
2025-04-01,2060,753,United States,Training,1
2025-04-01,1126,398,Japan,Training,2
2025-04-01,9920,3867,Japan,Hardware,12
2025-04-01,11731,2979,Spain,Hardware,14
2025-04-01,5607,1886,Germany,Software,5
2025-04-01,2259,584,United States,Software,1
2025-04-01,570,131,United States,Training,1
2025-04-01,2129,612,Japan,Services,1
2025-04-01,2911,661,Spain,Training,6
2025-04-01,1276,484,United States,Services,6
2025-04-01,5772,2967,France,Software,8
2025-04-01,3798,1141,Spain,Services,1
2025-04-01,6097,1691,United States,Software,9
2025-04-01,5091,986,Germany,Training,5
2025-04-01,2483,808,United States,Training,7
2025-04-01,1870,572,Germany,Training,1
2025-04-01,3654,1137,Spain,Services,7
2025-04-01,9515,1912,Germany,Training,7
2025-04-01,5199,1021,France,Training,3
2025-04-01,9327,2597,Spain,Hardware,9
2025-04-01,3703,793,France,Training,4
2025-04-01,8621,2935,Germany,Software,16
2025-04-01,6383,2440,France,Software,9
2025-04-01,1413,573,Spain,Services,4
2025-04-01,2024,511,Germany,Training,1
2025-04-01,4406,1494,Spain,Hardware,7
2025-04-01,3873,460,Spain,Hardware,4
2025-04-01,6740,2482,United States,Software,5
2025-04-01,6679,3087,United States,Software,10
2025-04-01,6620,1332,Japan,Training,11
2025-04-01,4322,1309,Germany,Services,3
2025-04-01,4568,1194,United States,Services,10
2025-04-01,2805,764,Germany,Training,2
2025-04-01,4202,1320,Japan,Services,7
2025-04-01,1793,644,United States,Training,1
2025-04-01,665,143,France,Services,1
2025-04-01,1796,483,France,Training,4
2025-04-01,3458,1764,Japan,Software,1
2025-04-01,6714,3197,Japan,Software,8
2025-04-01,4090,1195,France,Services,1
2025-04-01,1243,556,United States,Software,8
2025-04-01,1627,415,United States,Training,1
2025-04-01,4658,1831,United Kingdom,Software,9
2025-04-01,3823,885,France,Hardware,6
2025-04-01,5250,2384,United States,Software,6
2025-04-01,3239,950,Spain,Training,1
2025-04-01,2791,829,United States,Training,6
2025-04-01,2164,526,United Kingdom,Services,6
2025-04-01,6243,1860,Spain,Hardware,6
2025-04-01,2766,834,United States,Training,1
2025-04-01,15239,6079,Japan,Software,20
2025-04-01,2564,512,France,Hardware,5
2025-04-01,5198,2963,United States,Software,4
2025-04-01,2489,1049,Japan,Services,1
2025-04-01,5963,1597,Germany,Services,10
2025-04-01,1048,248,United States,Training,1
2025-04-01,1576,569,United States,Software,5
2025-04-01,4571,1502,Japan,Services,1
2025-04-01,4299,469,United States,Hardware,5
2025-04-01,10225,3335,United Kingdom,Hardware,10
2025-04-01,1600,331,United Kingdom,Training,3
2025-04-01,2848,529,Japan,Hardware,4
2025-04-01,5089,1723,Germany,Software,9
2025-04-01,4562,1449,France,Services,1
2025-04-01,7714,2572,Spain,Services,7
2025-04-01,1944,651,France,Services,1
2025-04-01,1683,736,Germany,Training,2
2025-04-01,1624,463,Germany,Training,2
2025-04-01,7483,1774,France,Hardware,7
2025-04-01,13835,4550,Spain,Software,16
2025-04-01,5370,1836,Japan,Software,4
2025-04-01,4438,1036,Spain,Training,9
2025-04-01,3285,1044,United States,Services,8
2025-04-01,8729,2548,Germany,Software,15
2025-04-01,3140,1487,United States,Software,4
2025-04-01,7290,2040,Japan,Services,10
2025-04-01,2100,572,Germany,Training,1
2025-04-01,4101,1341,United Kingdom,Hardware,3
2025-04-01,3679,952,United Kingdom,Training,6
2025-04-01,1106,173,United States,Training,7
2025-04-01,1431,322,Germany,Services,1
2025-04-01,3717,1043,United States,Services,4
2025-04-01,2901,939,United States,Services,5
2025-04-01,714,274,United Kingdom,Software,1
2025-04-01,6446,1593,Germany,Services,12
2025-04-01,8439,1241,Japan,Hardware,11
2025-04-01,1009,438,Spain,Software,1
2025-04-01,4412,1103,Spain,Hardware,4
2025-04-01,5808,1438,Germany,Hardware,5
2025-04-01,3340,1466,United States,Software,5
2025-04-01,1756,606,United States,Software,6
2025-04-01,4947,1035,France,Services,8
2025-04-01,22756,3092,United Kingdom,Hardware,21
2025-04-01,10006,2116,United States,Hardware,11
2025-04-01,9372,2925,Japan,Software,9
2025-04-01,1316,366,Spain,Training,1
2025-04-01,1012,314,Japan,Services,1
2025-04-01,1790,334,Japan,Services,1
2025-04-01,3343,841,United States,Training,2
2025-04-01,14322,4104,Germany,Hardware,19
2025-04-01,4097,904,United States,Services,3
2025-04-01,3022,1021,France,Software,1
2025-04-01,11591,3920,United States,Software,14
2025-04-01,2187,572,United Kingdom,Training,2
2025-04-01,1180,328,France,Services,1
2025-04-01,9305,2980,United States,Training,3
2025-04-01,1977,541,Japan,Training,1
2025-04-01,1902,496,United States,Training,2
2025-04-01,12764,2915,Germany,Hardware,17
2025-04-01,5785,2205,France,Training,1
2025-04-01,1722,304,Japan,Services,1
2025-04-01,2650,1047,Japan,Services,3
2025-04-01,1818,541,Germany,Training,1
2025-04-01,4508,1233,United States,Services,3
2025-04-01,1345,233,United States,Training,1
2025-04-01,3336,667,Japan,Training,6
2025-04-01,9982,3073,Germany,Hardware,10
2025-04-01,4828,955,Japan,Services,2
2025-04-01,5314,508,United States,Training,5
2025-04-01,2716,668,Spain,Training,3
2025-04-01,7153,2084,United States,Training,6
2025-04-01,1570,520,Germany,Software,6
2025-04-01,1232,395,Japan,Software,1
2025-04-01,2909,1081,Germany,Software,1
2025-04-01,4926,713,Japan,Hardware,2
2025-04-01,1029,363,Japan,Training,1
2025-04-01,4003,479,Germany,Hardware,4
2025-04-01,3218,1254,France,Software,5
2025-04-01,3473,781,Japan,Training,6
2025-04-01,2877,933,Germany,Services,1
2025-04-01,6149,1674,United Kingdom,Hardware,7
2025-04-01,2704,1392,Spain,Software,2
2025-04-01,2510,738,Germany,Software,1
2025-04-01,5555,1094,United Kingdom,Services,11
2025-04-01,1255,330,Germany,Services,1
2025-04-01,2366,670,United States,Training,1
2025-04-01,4178,1971,Spain,Software,6
2025-04-01,1862,545,Germany,Software,1
2025-04-01,7773,1573,Spain,Hardware,5
2025-04-01,1679,516,Spain,Training,4
2025-04-01,2423,1019,Germany,Services,1
2025-04-01,5420,1750,France,Services,6
2025-04-01,2375,908,United States,Software,1
2025-04-01,3231,1031,Spain,Training,5
2025-04-01,1801,514,Spain,Training,1
2025-04-01,4956,1429,United States,Training,8
2025-04-01,3272,674,United Kingdom,Hardware,4
2025-04-01,7832,3313,United Kingdom,Hardware,9
2025-04-01,5780,1985,Germany,Services,6
2025-04-01,5679,1984,United States,Software,8
2025-04-01,4732,1363,Japan,Software,7
2025-04-01,10071,2047,Japan,Hardware,14
2025-04-01,6323,2386,France,Hardware,7
2025-04-01,2736,714,United Kingdom,Training,5
2025-04-01,5907,1873,France,Training,3
2025-04-01,8150,1058,France,Hardware,8
2025-04-01,3508,1350,Germany,Software,1
2025-04-01,898,192,Germany,Training,1
2025-04-01,6553,1813,Japan,Hardware,6
2025-04-01,7926,2843,United Kingdom,Software,9
2025-04-01,18272,2626,United States,Hardware,22
2025-05-01,8639,2019,France,Hardware,12
2025-05-01,920,245,United States,Training,1
2025-05-01,6659,2072,Japan,Services,7
2025-05-01,7706,1339,United States,Services,6
2025-05-01,3548,1172,United States,Services,1
2025-05-01,2997,791,United States,Training,2
2025-05-01,6726,952,United States,Hardware,14
2025-05-01,1787,525,Spain,Training,1
2025-05-01,13801,4741,Germany,Software,15
2025-05-01,6018,1269,France,Hardware,6
2025-05-01,3764,1268,Germany,Software,1
2025-05-01,2857,439,Japan,Services,5
2025-05-01,3929,1005,Germany,Services,2
2025-05-01,1354,233,United States,Training,1
2025-05-01,6954,1386,United Kingdom,Hardware,3
2025-05-01,5223,1535,United States,Hardware,2
2025-05-01,38034,11904,France,Hardware,41
2025-05-01,4241,878,Spain,Training,5
2025-05-01,2584,830,Spain,Training,6
2025-05-01,7264,3091,United Kingdom,Services,9
2025-05-01,5746,1491,Germany,Software,10
2025-05-01,2303,555,Germany,Training,1
2025-05-01,18874,6872,United States,Software,16
2025-05-01,2024,401,France,Training,4
2025-05-01,1350,299,Germany,Training,1
2025-05-01,2424,1149,France,Software,10
2025-05-01,3592,1062,Japan,Training,6
2025-05-01,3772,1263,Spain,Training,1
2025-05-01,5640,1578,United States,Hardware,5
2025-05-01,6762,2556,United Kingdom,Services,5
2025-05-01,3831,922,France,Software,2
2025-05-01,1111,70,Germany,Training,3
2025-05-01,8316,910,United Kingdom,Hardware,11
2025-05-01,2200,180,Germany,Training,1
2025-05-01,4612,1271,Germany,Software,5
2025-05-01,3989,753,Germany,Hardware,5
2025-05-01,9810,3326,Japan,Software,4
2025-05-01,2201,632,Spain,Training,1
2025-05-01,6092,1639,France,Hardware,7
2025-05-01,1936,701,Germany,Training,2
2025-05-01,11047,3182,Germany,Hardware,13
2025-05-01,8988,1552,Germany,Hardware,12
2025-05-01,2108,768,United Kingdom,Training,1
2025-05-01,1788,430,France,Services,1
2025-05-01,9745,2254,Japan,Hardware,12
2025-05-01,18476,5073,United States,Hardware,24
2025-05-01,5421,2053,France,Services,9
2025-05-01,2164,611,Japan,Hardware,4
2025-05-01,5001,1328,United States,Hardware,11
2025-05-01,4332,1141,France,Software,2
2025-05-01,4502,1234,France,Hardware,8
2025-05-01,9603,1104,Spain,Hardware,14
2025-05-01,2648,717,Germany,Services,
2025-05-01,2982,1120,Japan,Services,5
2025-05-01,3211,409,United States,Training,1
2025-05-01,8860,1704,Spain,Hardware,12
2025-05-01,5788,2000,Germany,Services,6
2025-05-01,1798,438,United States,Services,7
2025-05-01,2301,599,Germany,Training,1
2025-05-01,1523,517,United States,Services,4
2025-05-01,4687,1905,Japan,Software,9
2025-05-01,2259,650,Japan,Services,1
2025-05-01,5764,1872,United States,Hardware,5
2025-05-01,4163,1332,United States,Training,5
2025-05-01,3246,640,Spain,Training,3
2025-05-01,2161,731,Spain,Software,3
2025-05-01,15873,3870,United States,Services,18
2025-05-01,9599,4543,Japan,Software,8
2025-05-01,4768,2208,Japan,Software,6
2025-05-01,1672,305,Japan,Services,1
2025-05-01,2117,580,United States,Training,1
2025-05-01,1197,238,Japan,Training,6
2025-05-01,9709,2360,United States,Services,17
2025-05-01,6587,2617,Japan,Software,5
2025-05-01,5256,1131,Germany,Hardware,7
2025-05-01,2614,938,Germany,Services,6
2025-05-01,2237,631,France,Services,7
2025-05-01,2459,840,United States,Software,3
2025-05-01,9930,1695,Germany,Hardware,13
2025-05-01,1853,706,United States,Services,3
2025-05-01,1149,353,Spain,Training,1
2025-05-01,2022,736,United Kingdom,Services,4
2025-05-01,3796,1140,Germany,Training,5
2025-05-01,6339,1773,Japan,Services,7
2025-05-01,4879,1873,United Kingdom,Software,1
2025-05-01,2219,590,Japan,Training,3
2025-05-01,6407,1274,France,Services,12
2025-05-01,4110,735,United States,Hardware,4
2025-05-01,2842,646,Spain,Services,4
2025-05-01,1730,406,Spain,Training,3
2025-05-01,11164,4441,United States,Services,9
2025-05-01,8838,3348,United States,Software,13
2025-05-01,7778,3466,United States,Software,8
2025-05-01,11215,3114,United Kingdom,Software,9
2025-05-01,19235,5357,United Kingdom,Hardware,18
2025-05-01,4920,898,United Kingdom,Hardware,5
2025-05-01,4064,1408,United States,Software,2
2025-05-01,10742,5789,United States,Software,13
2025-05-01,10436,3147,United States,Hardware,9
2025-05-01,1499,369,United States,Training,2
2025-05-01,7169,2611,France,Software,11
2025-05-01,10917,3505,United States,Services,12
2025-05-01,7011,1804,Japan,Training,5
2025-05-01,2622,923,Germany,Training,1
2025-05-01,3104,499,Germany,Services,10
2025-05-01,3308,956,United States,Training,3
2025-05-01,5122,1011,United States,Services,5
2025-05-01,6081,2434,Germany,Software,5
2025-05-01,8479,3767,United States,Software,4
2025-05-01,7574,463,France,Hardware,6
2025-05-01,3836,1285,Spain,Services,2
2025-05-01,1561,253,France,Training,4
2025-05-01,766,201,Spain,Training,1
2025-05-01,6435,1285,United Kingdom,Hardware,5
2025-05-01,5113,1974,Germany,Software,5
2025-05-01,14007,6305,United States,Software,17
2025-05-01,1882,429,United Kingdom,Training,6
2025-05-01,6824,1482,Spain,Hardware,11
2025-05-01,5628,1942,Japan,Hardware,1
2025-05-01,965,315,United Kingdom,Training,1
2025-05-01,5667,1309,United States,Hardware,15
2025-05-01,1486,441,Germany,Training,2
2025-05-01,1430,411,Japan,Training,1
2025-05-01,10190,2728,United States,Hardware,10
2025-05-01,3065,1004,Germany,Services,3
2025-05-01,10590,3810,United States,Training,9
2025-05-01,9626,1823,United States,Services,11
2025-05-01,7656,1129,United Kingdom,Hardware,12
2025-05-01,4555,1112,France,Services,5
2025-05-01,9423,1581,Germany,Hardware,10
2025-05-01,3036,550,United States,Hardware,1
2025-05-01,1785,444,Germany,Services,1
2025-05-01,3207,1209,United States,Software,3
2025-05-01,7063,1141,Japan,Hardware,7
2025-05-01,2648,922,Germany,Software,3
2025-05-01,4496,365,Spain,Hardware,5
2025-05-01,7470,1665,France,Hardware,3
2025-05-01,2643,950,United States,Services,4
2025-05-01,2931,1108,United States,Services,1
2025-05-01,4506,1406,Spain,Training,8
2025-05-01,2907,462,Japan,Training,1
2025-05-01,5469,526,Japan,Hardware,7
2025-05-01,3671,1124,Germany,Services,1
2025-05-01,4708,1488,France,Software,5
2025-05-01,10094,3252,Spain,Services,18
2025-05-01,3893,1630,United States,Software,1
2025-05-01,3022,504,United States,Training,1
2025-05-01,6590,2113,Spain,Software,7
2025-05-01,3665,1096,France,Software,2
2025-05-01,1973,447,Japan,Training,1
2025-05-01,4512,1919,Germany,Services,4
2025-05-01,7500,1624,United States,Software,9
2025-05-01,2939,685,Japan,Training,4
2025-05-01,2861,692,Germany,Hardware,4
2025-05-01,17284,4898,Germany,Hardware,19
2025-05-01,1731,289,United States,Training,1
2025-05-01,2183,786,Germany,Software,4
2025-05-01,5092,2183,Japan,Software,9
2025-05-01,1460,316,United Kingdom,Training,3
2025-05-01,6659,3113,Japan,Software,3
2025-05-01,5761,1762,United States,Hardware,11
2025-05-01,7234,2025,Japan,Hardware,6
2025-05-01,1432,347,France,Services,4
2025-05-01,9637,1266,United States,Hardware,14
2025-05-01,1078,339,Germany,Training,1
2025-05-01,5721,2155,United Kingdom,Software,6
2025-05-01,6598,1620,Germany,Hardware,7
2025-05-01,6912,2259,United States,Services,9
2025-05-01,2722,1392,France,Software,7
2025-05-01,3972,869,Spain,Hardware,6
2025-05-01,3251,1071,Germany,Software,3
2025-05-01,3230,1106,United States,Software,4
2025-05-01,10157,2798,United Kingdom,Hardware,14
2025-05-01,5087,2006,Spain,Software,3
2025-05-01,6885,1286,United States,Hardware,9
2025-05-01,5417,2065,Japan,Software,8
2025-05-01,3336,993,United States,Hardware,4
2025-05-01,2945,943,Spain,Training,1
2025-05-01,4197,801,France,Training,7
2025-05-01,7257,3169,Japan,Software,6
2025-05-01,2029,699,United States,Training,7
2025-05-01,3443,1456,Japan,Services,1
2025-05-01,2064,787,Germany,Training,8
2025-05-01,5463,833,United States,Hardware,7
2025-05-01,2870,397,Germany,Services,4
2025-05-01,3032,878,France,Services,3
2025-05-01,1548,393,Japan,Services,1
2025-05-01,1929,338,Germany,Training,6
2025-05-01,2117,457,Japan,Training,1
2025-05-01,9978,3391,France,Software,8
2025-05-01,6819,2307,United States,Software,6
2025-05-01,7713,1839,United States,Hardware,7
2025-05-01,8060,2855,United States,Software,9
2025-05-01,733,208,United Kingdom,Training,1
2025-05-01,4586,564,Germany,Training,3
2025-05-01,4236,1473,Germany,Services,1
2025-05-01,4752,1415,Japan,Software,5
2025-05-01,5925,2014,Germany,Services,3
2025-05-01,4668,2106,United States,Software,7
2025-05-01,2688,711,Japan,Training,7
2025-05-01,3288,439,Spain,Services,8
2025-05-01,3190,764,Germany,Services,2
2025-05-01,3204,852,Germany,Software,1
2025-05-01,3633,1272,United States,Hardware,1
2025-05-01,3323,1484,Spain,Software,3
2025-05-01,4703,1555,Japan,Services,7
2025-05-01,10279,2607,United Kingdom,Hardware,14
2025-05-01,5011,1644,United States,Services,3
2025-05-01,4020,1244,Spain,Services,7
2025-05-01,14033,4593,Germany,Software,18
2025-05-01,723,215,Spain,Training,1
2025-05-01,1589,543,United States,Training,4
2025-05-01,1742,415,United States,Training,4
2025-05-01,6894,1943,Germany,Services,8
2025-05-01,11387,2846,United States,Hardware,10
2025-05-01,2943,873,Japan,Services,1
2025-05-01,10853,1864,United Kingdom,Software,13
2025-05-01,5003,1860,Japan,Software,8
2025-05-01,10909,2629,United States,Hardware,
2025-05-01,3122,993,France,Software,1
2025-05-01,1283,518,France,Software,1
2025-05-01,1207,215,France,Training,4
2025-05-01,2819,628,France,Training,7
2025-05-01,18242,2890,Germany,Hardware,
2025-05-01,11345,3639,United States,Software,15
2025-05-01,5595,1745,Japan,Services,6
2025-05-01,8872,1844,Spain,Services,10
2025-05-01,4500,1193,France,Hardware,9
2025-05-01,5512,1337,Germany,Services,2
2025-05-01,7052,2718,United Kingdom,Software,5
2025-05-01,21595,4632,Spain,Hardware,26
2025-05-01,2490,417,Germany,Training,1
2025-05-01,4228,2054,United States,Software,3
2025-05-01,4857,986,Spain,Hardware,4
2025-05-01,6630,2272,Japan,Services,3
2025-05-01,7438,3432,United States,Training,12
2025-05-01,2718,627,Spain,Training,6
2025-05-01,2207,1198,United States,Software,2
2025-05-01,8522,2115,Germany,Hardware,11
2025-05-01,8799,2659,United Kingdom,Services,13
2025-05-01,3546,911,United States,Hardware,4
2025-05-01,1085,617,Germany,Software,1
2025-05-01,3534,1026,France,Services,6
2025-05-01,5836,1251,United States,Hardware,9
2025-05-01,5343,2338,United States,Software,7
2025-05-01,13894,1740,Japan,Hardware,13
2025-05-01,1957,695,France,Services,1
2025-05-01,3035,1381,United States,Services,6
2025-05-01,2187,765,United States,Training,8
2025-05-01,1477,255,United States,Services,1
2025-05-01,6383,2362,United States,Software,2
2025-05-01,782,209,United States,Training,1
2025-05-01,5898,2397,United States,Software,4
2025-05-01,4412,1151,United Kingdom,Training,11
2025-05-01,3524,800,Germany,Training,1
2025-05-01,10355,4276,France,Software,13
2025-05-01,18158,7502,France,Software,20
2025-05-01,11977,1591,United States,Hardware,16
2025-05-01,7502,2591,Germany,Software,10
2025-05-01,3974,1314,United Kingdom,Software,5
2025-05-01,11679,2682,United States,Hardware,14
2025-05-01,4513,1801,Germany,Software,1
2025-05-01,4123,1514,Germany,Software,8
2025-05-01,4529,1809,United States,Software,1
2025-05-01,5244,1919,United Kingdom,Software,10
2025-05-01,4869,1832,Japan,Hardware,4
2025-05-01,2750,810,France,Software,
2025-05-01,16092,1992,United States,Hardware,20
2025-05-01,2705,510,United States,Training,6
2025-05-01,2117,466,Germany,Services,2
2025-05-01,4070,1006,France,Hardware,4
2025-05-01,3252,894,United Kingdom,Training,6
2025-05-01,1416,276,United States,Training,1
2025-05-01,5534,2102,Germany,Software,10
2025-05-01,5514,2081,United Kingdom,Software,6
2025-05-01,2127,834,Japan,Software,
2025-05-01,7018,2518,Spain,Services,12
2025-05-01,2508,930,France,Services,4
2025-05-01,2773,1079,United States,Software,1
2025-05-01,4743,1513,Spain,Software,8
2025-05-01,3220,388,Japan,Hardware,5
2025-05-01,6252,2415,Spain,Services,7
2025-05-01,2244,302,United Kingdom,Training,1
2025-05-01,4173,934,Japan,Software,3
2025-05-01,8328,2727,United States,Software,2
2025-05-01,10938,5008,France,Software,14
2025-05-01,4712,1172,France,Hardware,7
2025-05-01,6102,2595,Japan,Software,9
2025-05-01,9790,2435,Spain,Hardware,13
2025-05-01,24615,4169,United States,Hardware,22
2025-05-01,19386,6883,United States,Software,21
2025-05-01,3767,774,United Kingdom,Hardware,3
2025-05-01,3792,921,United Kingdom,Hardware,1
2025-05-01,6220,1863,Germany,Software,7
2025-05-01,7796,2846,United States,Software,8
2025-05-01,2353,843,United States,Training,4
2025-05-01,2970,814,Germany,Services,4
2025-05-01,10860,4751,Japan,Software,13
2025-05-01,7219,1081,France,Hardware,9
2025-05-01,4307,1539,Spain,Training,5
2025-05-01,8062,1896,United Kingdom,Software,8
2025-05-01,4642,1519,Spain,Services,4
2025-05-01,5002,1938,France,Software,2
2025-05-01,5998,1768,United States,Software,9
2025-05-01,3483,1057,France,Services,7
2025-05-01,1591,422,Germany,Training,1
2025-05-01,3246,1076,Japan,Services,2
2025-05-01,2318,584,Spain,Services,10
2025-05-01,6525,1674,United States,Hardware,1
2025-05-01,19309,3082,United Kingdom,Hardware,24
2025-05-01,3161,1261,United States,Services,5
2025-05-01,4630,1612,Spain,Hardware,4
2025-05-01,13163,4087,France,Services,13
2025-05-01,7113,1196,Germany,Training,7
2025-05-01,4832,1027,France,Software,1
2025-05-01,20684,2111,Germany,Hardware,23
2025-05-01,6802,1707,Germany,Training,7
2025-05-01,25599,5693,United States,Hardware,31
2025-05-01,14797,2272,Spain,Services,12
2025-05-01,3664,1090,United Kingdom,Software,9
2025-05-01,19662,3737,Spain,Hardware,21
2025-05-01,2064,852,United States,Training,10
2025-05-01,15477,5458,Japan,Software,17
2025-05-01,1358,506,Germany,Training,3
2025-05-01,2119,579,United States,Training,1
2025-05-01,6976,1523,Germany,Hardware,5
2025-05-01,9065,2750,United Kingdom,Software,13
2025-05-01,1267,267,Japan,Training,6
2025-05-01,3320,1495,United States,Software,5
2025-05-01,6183,866,Germany,Hardware,9
2025-05-01,2209,404,Spain,Services,1
2025-05-01,2623,671,Japan,Services,1
2025-05-01,2959,571,United States,Hardware,2
2025-05-01,7650,1216,Germany,Hardware,11
2025-05-01,12596,3565,Japan,Services,11
2025-05-01,5980,1137,Japan,Training,4
2025-05-01,7383,2277,France,Training,4
2025-05-01,1007,337,Japan,Training,5
2025-05-01,2113,733,Spain,Software,7
2025-05-01,7321,2951,France,Software,3
2025-05-01,4976,1488,France,Hardware,5
2025-05-01,1921,382,United States,Training,9
2025-05-01,2865,1332,France,Software,1
2025-05-01,4313,809,France,Hardware,1
2025-05-01,3243,1109,France,Software,3
2025-05-01,2733,414,United States,Training,1
2025-05-01,3864,686,France,Training,10
2025-05-01,3450,680,Japan,Services,1
2025-05-01,1691,548,United States,Hardware,2
2025-05-01,2448,482,Spain,Training,1
2025-05-01,7347,1538,United Kingdom,Hardware,11
2025-05-01,1797,617,Japan,Services,6
2025-05-01,3607,1168,France,Training,5
2025-05-01,2093,505,United States,Training,3
2025-05-01,3861,1104,Japan,Training,5
2025-05-01,9224,3692,Japan,Training,7
2025-05-01,9940,1510,France,Hardware,13
2025-05-01,2761,1137,United States,Software,4
2025-05-01,4028,1813,Germany,Software,3
2025-05-01,5947,2471,United Kingdom,Software,9
2025-05-01,1841,446,Germany,Services,1
2025-05-01,16548,3096,United States,Hardware,22
2025-05-01,3125,1033,United States,Services,1
2025-05-01,1625,525,United States,Training,4
2025-05-01,4001,420,United States,Training,4
2025-05-01,11599,2978,Japan,Hardware,14
2025-05-01,5458,2396,United Kingdom,Software,1
2025-05-01,3983,1127,Germany,Training,2
2025-05-01,3382,782,France,Services,2
2025-05-01,618,197,France,Training,3
2025-05-01,1543,413,Japan,Training,1
2025-05-01,5880,1157,Germany,Hardware,5
2025-05-01,2415,1031,Germany,Software,1
2025-05-01,2172,763,France,Training,4
2025-05-01,3629,1050,United States,Software,5
2025-05-01,1891,344,France,Services,1
2025-05-01,4071,1183,United Kingdom,Software,2
2025-05-01,3941,1573,France,Services,9
2025-05-01,8432,1147,Spain,Hardware,10
2025-05-01,9780,1884,Japan,Hardware,12
2025-05-01,2318,705,Germany,Training,2
2025-05-01,6395,1231,Germany,Training,7
2025-05-01,2489,835,Spain,Training,7
2025-05-01,3026,576,France,Training,3
2025-05-01,3127,1428,Spain,Software,1
2025-05-01,1766,396,Japan,Training,1
2025-05-01,6425,1908,United States,Services,1
2025-05-01,2280,783,United States,Training,7
2025-05-01,5715,1659,United States,Software,6
2025-05-01,7784,4156,Germany,Software,7
2025-05-01,2233,935,Germany,Software,2
2025-05-01,954,197,Spain,Training,4
2025-05-01,7552,796,United States,Hardware,14
2025-05-01,6955,2234,United States,Training,8
2025-05-01,2742,755,Spain,Services,2
2025-05-01,6573,1981,France,Hardware,8
2025-05-01,5427,1378,France,Services,8
2025-05-01,5234,1614,Germany,Hardware,9
2025-05-01,2074,433,Japan,Training,2
2025-05-01,2592,838,Japan,Hardware,6
2025-06-01,10765,1417,Germany,Hardware,10
2025-06-01,5379,1442,Japan,Hardware,3
2025-06-01,9918,3885,Germany,Software,8
2025-06-01,4348,891,Japan,Training,6
2025-06-01,7513,2587,France,Services,7
2025-06-01,1308,297,Spain,Training,1
2025-06-01,6307,1953,United Kingdom,Hardware,11
2025-06-01,3396,915,United States,Services,2
2025-06-01,5942,1475,United States,Hardware,11
2025-06-01,5164,639,United States,Hardware,5
2025-06-01,1150,330,Spain,Training,1
2025-06-01,12917,3168,Germany,Hardware,14
2025-06-01,9525,2507,Japan,Hardware,11
2025-06-01,9974,3260,Japan,Hardware,13
2025-06-01,1881,459,France,Training,1
2025-06-01,1798,428,United States,Training,1
2025-06-01,1215,238,Germany,Training,5
2025-06-01,4399,437,Germany,Hardware,5
2025-06-01,7426,2508,Germany,Software,8
2025-06-01,1360,376,United States,Training,5
2025-06-01,4053,1215,United States,Software,3
2025-06-01,12369,3635,Japan,Software,12
2025-06-01,9217,2412,France,Software,16
2025-06-01,3829,1408,Japan,Software,1
2025-06-01,7868,3659,France,Software,7
2025-06-01,3816,1115,United States,Training,7
2025-06-01,2338,490,Japan,Training,6
2025-06-01,3352,758,Japan,Training,1
2025-06-01,2786,1018,United Kingdom,Software,1
2025-06-01,12057,1566,United States,Hardware,12
2025-06-01,2068,523,Japan,Training,1
2025-06-01,2811,1381,France,Software,1
2025-06-01,4607,779,Japan,Hardware,12
2025-06-01,6080,1995,Japan,Services,11
2025-06-01,15746,4713,Japan,Hardware,23
2025-06-01,4174,818,Japan,Hardware,11
2025-06-01,13690,5600,United States,Software,15
2025-06-01,4613,1058,France,Hardware,7
2025-06-01,1731,488,Spain,Training,3
2025-06-01,3615,905,Spain,Hardware,5
2025-06-01,1423,364,Spain,Training,1
2025-06-01,4525,1266,United States,Software,4
2025-06-01,5532,1688,Japan,Services,4
2025-06-01,2924,746,Germany,Training,4
2025-06-01,5899,3006,United Kingdom,Software,7
2025-06-01,16696,6770,Japan,Services,21
2025-06-01,8423,2623,Japan,Software,14
2025-06-01,4227,1051,Japan,Hardware,6
2025-06-01,2471,970,France,Services,7
2025-06-01,10834,3826,United States,Software,13
2025-06-01,2858,329,France,Hardware,5
2025-06-01,6352,1746,Germany,Hardware,4
2025-06-01,11729,3154,United States,Services,11
2025-06-01,1141,533,Germany,Software,1
2025-06-01,4516,1488,Germany,Training,6
2025-06-01,979,343,United Kingdom,Services,1
2025-06-01,3871,1253,United States,Services,5
2025-06-01,7494,933,Japan,Hardware,11
2025-06-01,7745,2012,United States,Hardware,4
2025-06-01,5931,1732,United States,Hardware,8
2025-06-01,6697,1602,United States,Hardware,8
2025-06-01,3985,1084,Germany,Services,5
2025-06-01,1250,244,United States,Training,1
2025-06-01,4007,968,Germany,Services,3
2025-06-01,5735,2528,Japan,Software,1
2025-06-01,2331,570,Japan,Training,3
2025-06-01,1667,678,United States,Training,6
2025-06-01,9260,2388,United States,Hardware,12
2025-06-01,10889,5237,Spain,Software,14
2025-06-01,4501,1106,Japan,Services,1
2025-06-01,5060,1624,United States,Services,3
2025-06-01,4675,983,Japan,Training,5
2025-06-01,6998,1358,France,Training,10
2025-06-01,1816,308,Germany,Training,2
2025-06-01,3708,995,Japan,Services,1
2025-06-01,17700,5839,Germany,Hardware,20
2025-06-01,1569,524,United States,Training,3
2025-06-01,2464,848,Japan,Hardware,4
2025-06-01,2971,655,United States,Hardware,1
2025-06-01,1163,456,Japan,Training,2
2025-06-01,9858,3495,France,Services,6
2025-06-01,3186,968,United Kingdom,Services,1
2025-06-01,5736,1749,Germany,Software,6
2025-06-01,5435,771,United States,Hardware,7
2025-06-01,4399,1560,Japan,Software,4
2025-06-01,5147,2073,United States,Software,4
2025-06-01,4323,649,Spain,Software,1
2025-06-01,3934,883,France,Hardware,6
2025-06-01,1254,215,United States,Training,2
2025-06-01,3821,1936,France,Software,9
2025-06-01,1013,385,Japan,Training,1
2025-06-01,2146,539,Germany,Training,6
2025-06-01,2113,711,Germany,Services,5
2025-06-01,4489,1174,United States,Services,3
2025-06-01,3368,1224,United States,Software,2
2025-06-01,3546,1367,Germany,Services,4
2025-06-01,8068,1654,United States,Hardware,11
2025-06-01,2765,763,France,Software,1
2025-06-01,1507,350,Japan,Training,1
2025-06-01,13288,1985,United Kingdom,Hardware,15
2025-06-01,8391,3126,Spain,Software,13
2025-06-01,6654,2642,Spain,Software,4
2025-06-01,999,231,France,Training,1
2025-06-01,21237,4289,France,Hardware,18
2025-06-01,4620,479,France,Hardware,8
2025-06-01,19152,3470,United States,Services,16
2025-06-01,8211,2881,Spain,Software,6
2025-06-01,17292,4435,France,Services,23
2025-06-01,2497,504,Japan,Hardware,1
2025-06-01,2405,609,Spain,Training,1
2025-06-01,1621,270,Japan,Training,4
2025-06-01,2586,760,France,Services,3
2025-06-01,6318,2226,Spain,Services,7
2025-06-01,3259,1219,United Kingdom,Training,1
2025-06-01,3883,780,Germany,Training,6
2025-06-01,9870,1954,Germany,Hardware,13
2025-06-01,6365,1470,Japan,Hardware,5
2025-06-01,7870,2244,Germany,Software,11
2025-06-01,4741,1462,Germany,Services,5
2025-06-01,3167,1361,Germany,Software,8
2025-06-01,3678,600,United Kingdom,Training,7
2025-06-01,3857,967,Germany,Hardware,4
2025-06-01,4324,1216,Japan,Services,5
2025-06-01,2643,792,United Kingdom,Hardware,3
2025-06-01,8022,1943,France,Software,5
2025-06-01,12973,3811,Japan,Hardware,18
2025-06-01,2615,693,Japan,Training,1
2025-06-01,5636,1110,Germany,Training,7
2025-06-01,1254,354,United States,Services,1
2025-06-01,3626,840,United States,Services,7
2025-06-01,3179,1798,United States,Software,1
2025-06-01,4126,1121,France,Training,3
2025-06-01,3461,1064,Japan,Software,1
2025-06-01,7237,2261,United States,Training,6
2025-06-01,8430,1858,France,Hardware,10
2025-06-01,14625,1369,Spain,Hardware,15
2025-06-01,6703,1909,Japan,Services,5
2025-06-01,12075,2960,Germany,Hardware,15
2025-06-01,3108,538,United Kingdom,Services,2
2025-06-01,2881,677,Spain,Training,1
2025-06-01,2082,722,Spain,Services,5
2025-06-01,5190,919,Spain,Training,8
2025-06-01,6603,1566,United States,Hardware,6
2025-06-01,3530,1397,Spain,Services,7
2025-06-01,3272,955,Japan,Training,5
2025-06-01,1598,368,United States,Training,1
2025-06-01,1755,643,United Kingdom,Training,1
2025-06-01,3411,1313,France,Software,3
2025-06-01,2750,422,Japan,Hardware,4
2025-06-01,3237,442,United States,Training,2
2025-06-01,3830,1193,Germany,Hardware,2
2025-06-01,10586,2589,United States,Hardware,7
2025-06-01,927,174,United States,Services,1
2025-06-01,4212,1622,United States,Software,5
2025-06-01,3756,1526,United States,Services,5
2025-06-01,2304,831,United Kingdom,Training,3
2025-06-01,14575,5103,Germany,Hardware,12
2025-06-01,2639,371,United States,Training,1
2025-06-01,1843,525,Japan,Training,5
2025-06-01,2731,629,France,Training,2
2025-06-01,5524,1554,Japan,Software,6
2025-06-01,3440,1320,France,Training,5
2025-06-01,14071,4405,Germany,Hardware,16
2025-06-01,3976,1816,United Kingdom,Software,4
2025-06-01,4217,2113,France,Software,7
2025-06-01,6363,723,United Kingdom,Services,7
2025-06-01,7672,2593,France,Services,10
2025-06-01,8712,1708,Japan,Hardware,8
2025-06-01,5615,1556,Spain,Training,8
2025-06-01,5344,1785,Germany,Hardware,1
2025-06-01,4786,993,Spain,Services,9
2025-06-01,5017,1167,Germany,Software,2
2025-06-01,771,257,Spain,Software,1
2025-06-01,7638,2832,Japan,Training,4
2025-06-01,3679,1023,United States,Training,2
2025-06-01,9472,3610,Spain,Software,10
2025-06-01,2624,826,Japan,Hardware,2
2025-06-01,5053,1110,Japan,Hardware,5
2025-06-01,865,230,United Kingdom,Training,2
2025-06-01,3374,1178,Germany,Services,1
2025-06-01,4426,1177,France,Services,10
2025-06-01,2058,600,France,Training,8
2025-06-01,2885,1212,France,Services,2
2025-06-01,1613,343,United States,Training,1
2025-06-01,4976,905,Japan,Hardware,4
2025-06-01,6426,1899,France,Services,12
2025-06-01,4614,2334,Germany,Software,1
2025-06-01,1253,620,Japan,Training,1
2025-06-01,22595,8115,United Kingdom,Software,27
2025-06-01,3599,1297,Japan,Services,5
2025-06-01,5699,1367,Germany,Services,7
2025-06-01,3475,1468,United Kingdom,Software,1
2025-06-01,1812,480,Germany,Services,1
2025-06-01,3918,1877,Spain,Software,3
2025-06-01,6347,1689,Spain,Software,2
2025-06-01,5032,1515,United Kingdom,Services,6
2025-06-01,4776,1289,United States,Training,5
2025-06-01,2473,689,Japan,Hardware,8
2025-06-01,2293,596,Spain,Services,5
2025-06-01,17717,4672,Japan,Hardware,17
2025-06-01,22298,5218,United Kingdom,Services,20
2025-06-01,7957,1525,United Kingdom,Services,9
2025-06-01,17141,8661,United States,Services,17
2025-06-01,10534,4037,Spain,Software,9
2025-06-01,2344,1055,France,Software,3
2025-06-01,9015,724,United Kingdom,Hardware,13
2025-06-01,3860,1404,United States,Training,6
2025-06-01,5061,1709,France,Services,4
2025-06-01,3410,1300,Japan,Services,4
2025-06-01,2946,1359,Japan,Software,4
2025-06-01,8322,3732,Germany,Software,12
2025-06-01,7426,2888,United States,Software,6
2025-06-01,14235,2716,Germany,Hardware,
2025-06-01,2552,887,Japan,Training,8
2025-06-01,11092,5867,Germany,Software,13
2025-06-01,632,92,United Kingdom,Training,1
2025-06-01,1772,565,Germany,Software,1
2025-06-01,3290,1263,United States,Software,4
2025-06-01,4120,923,Germany,Services,5
2025-06-01,2257,599,France,Hardware,3
2025-06-01,5180,1592,United States,Software,
2025-06-01,5219,896,Germany,Hardware,6
2025-06-01,8044,2106,France,Hardware,9
2025-06-01,16672,4045,Germany,Hardware,12
2025-06-01,5745,2569,Japan,Software,5
2025-06-01,8022,2645,France,Services,9
2025-06-01,2886,475,United States,Training,2
2025-06-01,9105,4585,United States,Software,7
2025-06-01,5300,1422,United States,Services,2
2025-06-01,6516,2968,Spain,Software,11
2025-06-01,6299,2192,Japan,Software,8
2025-06-01,3351,541,Japan,Hardware,
2025-06-01,3250,766,United Kingdom,Hardware,9
2025-06-01,8166,1894,Germany,Hardware,5
2025-06-01,3347,585,United Kingdom,Hardware,1
2025-06-01,10956,2405,Germany,Hardware,8
2025-06-01,4269,1064,Japan,Services,3
2025-06-01,10964,4426,United States,Software,12
2025-06-01,2134,669,Japan,Training,1
2025-06-01,10198,2080,United Kingdom,Hardware,12
2025-06-01,3254,1198,Japan,Services,3
2025-06-01,8442,2929,Germany,Software,11
2025-06-01,3181,1514,United States,Software,8
2025-06-01,1556,467,Germany,Software,1
2025-06-01,3034,732,United Kingdom,Services,1
2025-06-01,7861,1948,United Kingdom,Training,7
2025-06-01,9504,3024,Germany,Software,9
2025-06-01,9764,2041,France,Software,13
2025-06-01,4199,1246,Spain,Services,7
2025-06-01,3319,1206,Japan,Software,4
2025-06-01,4027,891,United States,Training,1
2025-06-01,5891,1627,Japan,Training,4
2025-06-01,8268,2516,United Kingdom,Services,12
2025-06-01,1638,445,Japan,Training,1
2025-06-01,2524,749,Germany,Services,3
2025-06-01,7477,2651,United States,Services,10
2025-06-01,6436,1650,France,Services,9
2025-06-01,3718,1471,United States,Software,1
2025-06-01,13155,5176,United States,Hardware,15
2025-06-01,7196,2518,France,Software,9
2025-06-01,6386,2139,Japan,Software,6
2025-06-01,11288,1756,United States,Hardware,12
2025-06-01,5218,1857,United Kingdom,Hardware,10
2025-06-01,10410,3092,United States,Services,10
2025-06-01,515,102,France,Training,1
2025-06-01,9076,2957,France,Software,12
2025-06-01,2408,395,United States,Training,5
2025-06-01,8247,1889,United States,Hardware,5
2025-06-01,4850,1159,Japan,Hardware,5
2025-06-01,6481,2660,France,Software,10
2025-06-01,1253,458,United States,Training,1
2025-06-01,2727,1227,United Kingdom,Training,8
2025-06-01,4154,1489,United States,Software,1
2025-06-01,8006,1597,United Kingdom,Hardware,3
2025-06-01,8448,3214,Germany,Services,7
2025-06-01,1559,623,United States,Software,1
2025-06-01,2247,615,Japan,Software,3
2025-06-01,2794,630,Japan,Services,5
2025-06-01,17938,2493,France,Hardware,21
2025-06-01,28863,6998,France,Hardware,30
2025-06-01,8322,2806,United States,Hardware,12
2025-06-01,2639,585,Japan,Training,4
2025-06-01,1960,939,United States,Software,8
2025-06-01,10200,2902,France,Hardware,11
2025-06-01,9815,3191,Japan,Software,5
2025-06-01,1929,629,United Kingdom,Training,3
2025-06-01,4135,1163,Spain,Training,3
2025-06-01,659,240,Germany,Training,1
2025-06-01,9031,2662,France,Services,10
2025-06-01,936,190,United States,Training,1
2025-06-01,3274,779,France,Training,6
2025-06-01,5726,2260,Germany,Services,5
2025-06-01,1458,519,Germany,Services,1
2025-06-01,7990,2502,United States,Hardware,8
2025-06-01,6054,2633,France,Software,4
2025-06-01,6773,1535,Spain,Software,11
2025-06-01,2013,426,France,Training,2
2025-06-01,641,195,France,Training,1
2025-06-01,6625,952,Germany,Hardware,6
2025-06-01,970,401,Spain,Training,1
2025-06-01,1866,472,United Kingdom,Services,1
2025-06-01,2769,925,United States,Services,4
2025-06-01,3936,1535,Japan,Services,4
2025-06-01,2387,348,United Kingdom,Training,1
2025-06-01,8785,2483,Germany,Training,9
2025-06-01,2771,975,Germany,Services,3
2025-06-01,4703,1472,United States,Software,2
2025-06-01,4147,1352,Spain,Software,
2025-06-01,4651,834,Germany,Hardware,6
2025-06-01,16339,3839,United Kingdom,Services,16
2025-06-01,2026,468,Germany,Training,1
2025-06-01,5798,1732,Japan,Services,8
2025-06-01,3013,793,Spain,Training,7
2025-06-01,2645,850,United Kingdom,Services,9
2025-06-01,3710,1177,United States,Software,2
2025-06-01,2469,1331,United Kingdom,Services,1
2025-06-01,8802,1755,Germany,Hardware,10
2025-06-01,1711,538,Japan,Services,1
2025-06-01,3143,1319,France,Software,1
2025-06-01,7412,3351,Spain,Software,12
2025-06-01,5310,808,United States,Hardware,10
2025-06-01,9154,3541,Germany,Services,9
2025-06-01,9347,3199,Japan,Software,12
2025-06-01,1847,630,Germany,Training,1
2025-06-01,2940,1426,United States,Software,1
2025-06-01,3817,820,United States,Services,7
2025-06-01,3670,934,United States,Training,1
2025-06-01,7778,1739,Japan,Hardware,1
2025-06-01,6445,1133,Japan,Hardware,8
2025-06-01,2234,751,United States,Services,1
2025-06-01,3567,856,United States,Services,5
2025-06-01,3520,1682,United Kingdom,Software,4
2025-06-01,3340,1392,United States,Software,
2025-06-01,3124,1493,United States,Software,5
2025-06-01,1185,227,Germany,Training,3
2025-06-01,5871,1874,Spain,Services,6
2025-06-01,7617,1287,Germany,Hardware,9
2025-06-01,1824,395,Spain,Software,4
2025-06-01,5584,1521,Japan,Hardware,4
2025-06-01,4830,996,Spain,Training,3
2025-06-01,3673,833,Germany,Software,3
2025-06-01,1381,576,Spain,Software,2
2025-06-01,2471,715,Japan,Services,5
2025-06-01,4835,1284,Spain,Software,7
2025-06-01,2443,803,United States,Software,3
2025-06-01,8607,3514,Spain,Training,12
2025-06-01,14549,2569,United States,Hardware,11
2025-06-01,5977,1953,France,Services,9
2025-06-01,1531,612,Japan,Training,1
2025-06-01,3878,1136,United States,Training,6
2025-06-01,5248,1716,Spain,Services,4
2025-06-01,3269,1092,Spain,Software,9
2025-06-01,2570,599,Germany,Training,5
2025-06-01,4861,1143,United States,Services,5
2025-06-01,8613,3229,Japan,Software,14
2025-06-01,7687,2854,Germany,Software,12
2025-06-01,2916,1229,Germany,Software,6
2025-06-01,2773,793,Germany,Hardware,4
2025-06-01,2250,914,United States,Services,1
2025-06-01,2287,585,United States,Services,1
2025-06-01,6033,2038,Spain,Software,5
2025-06-01,2080,531,United States,Training,6
2025-06-01,2257,530,France,Hardware,6
2025-06-01,6460,2534,United States,Software,6
2025-06-01,7992,2802,United States,Software,13
2025-06-01,11584,1963,Spain,Software,11
2025-06-01,7356,1121,United States,Hardware,7
2025-06-01,3264,474,Japan,Hardware,2
2025-06-01,1716,355,Germany,Training,6
2025-06-01,7862,2476,Germany,Training,11
2025-06-01,3161,1565,Germany,Software,1
2025-06-01,5690,1135,United States,Hardware,10
2025-06-01,4550,347,Japan,Hardware,5
2025-06-01,5141,721,Spain,Hardware,8
2025-06-01,9714,2485,United States,Hardware,15
2025-06-01,2319,566,United States,Training,
2025-06-01,8759,3543,United States,Software,13
2025-06-01,5669,1265,United States,Hardware,10
2025-06-01,4298,812,Spain,Services,7
2025-06-01,3318,685,Japan,Hardware,2
2025-06-01,7875,1906,Germany,Software,7
2025-06-01,11511,3416,France,Training,18
2025-06-01,13241,5967,Japan,Services,13
2025-06-01,4474,1456,Japan,Software,6
2025-06-01,2726,632,United States,Hardware,1
2025-06-01,22946,4913,Spain,Hardware,23
2025-06-01,7358,2396,France,Hardware,6
2025-06-01,2497,932,Germany,Training,4
2025-06-01,5258,1834,Japan,Software,4
2025-06-01,3430,629,Spain,Training,2
2025-06-01,2961,885,United States,Services,3
2025-06-01,1659,494,Spain,Training,1
2025-06-01,4383,1222,Spain,Services,7
2025-06-01,4090,1510,France,Software,8
2025-06-01,10369,2497,Japan,Services,9
2025-06-01,1071,211,United States,Training,1
2025-06-01,1353,349,United States,Training,4
2025-06-01,1125,226,France,Training,1
2025-06-01,2653,772,United States,Training,8
2025-06-01,1507,478,France,Training,
2025-07-01,4428,1432,Spain,Training,10
2025-07-01,3963,1549,United States,Software,4
2025-07-01,3390,1071,United States,Services,8
2025-07-01,5426,1384,France,Hardware,3
2025-07-01,15203,5334,Spain,Services,19
2025-07-01,11008,4098,United States,Software,
2025-07-01,10247,2285,United States,Services,14
2025-07-01,4052,1087,France,Software,3
2025-07-01,3390,746,Germany,Services,4
2025-07-01,7250,2255,United States,Hardware,4
2025-07-01,2558,1065,Spain,Software,4
2025-07-01,1563,590,Germany,Services,3
2025-07-01,4210,1069,United Kingdom,Training,5
2025-07-01,5292,549,Japan,Hardware,2
2025-07-01,6184,2440,United Kingdom,Software,5
2025-07-01,4563,1172,United Kingdom,Services,9
2025-07-01,7349,1405,Germany,Hardware,8
2025-07-01,2817,1046,Germany,Services,1
2025-07-01,1558,590,Japan,Training,5
2025-07-01,16723,5481,Japan,Software,16
2025-07-01,6546,2393,Japan,Software,5
2025-07-01,4008,973,United States,Services,2
2025-07-01,4913,1061,United Kingdom,Hardware,9
2025-07-01,4979,1730,United States,Services,8
2025-07-01,3749,977,Japan,Services,9
2025-07-01,9819,3431,United States,Services,11
2025-07-01,3043,1481,United States,Software,6
2025-07-01,4612,1358,United States,Software,6
2025-07-01,5809,1019,United Kingdom,Hardware,6
2025-07-01,4074,1677,France,Software,7
2025-07-01,4548,1581,Germany,Software,5
2025-07-01,3154,781,United States,Training,6
2025-07-01,7452,970,France,Training,12
2025-07-01,968,249,United States,Training,4
2025-07-01,1306,373,United States,Services,1
2025-07-01,3796,949,United States,Services,4
2025-07-01,6657,2433,Spain,Software,10
2025-07-01,9885,2323,Germany,Services,12
2025-07-01,2171,544,United Kingdom,Services,5
2025-07-01,11166,1342,Japan,Hardware,11
2025-07-01,11169,1377,Spain,Hardware,11
2025-07-01,4115,907,Germany,Hardware,1
2025-07-01,5846,921,United States,Services,7
2025-07-01,8357,862,Germany,Hardware,9
2025-07-01,8578,3021,United States,Hardware,9
2025-07-01,8028,3399,United Kingdom,Services,10
2025-07-01,9256,2966,Japan,Software,9
2025-07-01,2790,746,Japan,Training,2
2025-07-01,11388,2497,Germany,Hardware,8
2025-07-01,1493,375,United States,Training,1
2025-07-01,1423,350,France,Training,3
2025-07-01,9340,1760,United States,Hardware,10
2025-07-01,918,244,United States,Services,6
2025-07-01,4152,1253,United States,Services,3
2025-07-01,4089,1049,United States,Services,4
2025-07-01,9293,3806,Spain,Hardware,9
2025-07-01,4839,1379,Germany,Services,4
2025-07-01,1477,421,Germany,Training,4
2025-07-01,5624,2143,United States,Services,1
2025-07-01,15584,1790,United States,Hardware,20
2025-07-01,3209,1096,United States,Software,5
2025-07-01,3790,1212,Spain,Training,4
2025-07-01,3514,1679,Germany,Services,3
2025-07-01,6050,1793,Spain,Hardware,5
2025-07-01,3602,784,Spain,Services,2
2025-07-01,2703,556,United Kingdom,Training,3
2025-07-01,7613,649,United Kingdom,Hardware,7
2025-07-01,1374,427,France,Services,7
2025-07-01,1194,143,Japan,Training,3
2025-07-01,23793,6875,United Kingdom,Hardware,22
2025-07-01,10297,2963,Japan,Hardware,9
2025-07-01,2518,769,France,Services,1
2025-07-01,9297,3261,United States,Hardware,15
2025-07-01,1602,410,Japan,Training,4
2025-07-01,8107,3211,United States,Software,9
2025-07-01,9364,3835,Germany,Software,8
2025-07-01,4221,928,United States,Services,1
2025-07-01,3004,1190,United Kingdom,Software,3
2025-07-01,12068,4734,France,Software,15
2025-07-01,5780,2496,France,Services,7
2025-07-01,4542,1775,Spain,Software,4
2025-07-01,1280,346,Germany,Training,2
2025-07-01,2202,622,Germany,Software,6
2025-07-01,4350,900,United States,Services,6
2025-07-01,5325,2102,United States,Software,4
2025-07-01,8456,2193,United States,Hardware,11
2025-07-01,7856,1690,France,Training,9
2025-07-01,14835,4256,Japan,Services,20
2025-07-01,4662,993,France,Software,10
2025-07-01,1471,495,United States,Services,1
2025-07-01,4463,1192,Spain,Hardware,4
2025-07-01,7898,2177,United Kingdom,Hardware,4
2025-07-01,4834,865,United States,Hardware,3
2025-07-01,1905,405,United Kingdom,Training,1
2025-07-01,3476,1206,United Kingdom,Software,1
2025-07-01,1919,986,Germany,Software,7
2025-07-01,3852,1473,United Kingdom,Hardware,1
2025-07-01,1414,423,Spain,Training,1
2025-07-01,11549,4281,Germany,Software,16
2025-07-01,5259,1770,Japan,Training,8
2025-07-01,2710,1264,France,Software,4
2025-07-01,10826,4581,France,Software,4
2025-07-01,2195,664,United States,Training,
2025-07-01,1606,538,United States,Software,1
2025-07-01,2768,787,Germany,Services,1
2025-07-01,13225,3505,United States,Hardware,16
2025-07-01,4314,560,United States,Hardware,1
2025-07-01,4526,642,France,Training,4
2025-07-01,5430,1160,Japan,Hardware,4
2025-07-01,2425,632,United Kingdom,Training,4
2025-07-01,5135,1660,Japan,Services,7
2025-07-01,17652,4352,United Kingdom,Hardware,20
2025-07-01,3252,607,Spain,Services,1
2025-07-01,10172,3488,United States,Services,12
2025-07-01,1222,427,United States,Training,1
2025-07-01,7703,2418,France,Services,9
2025-07-01,20699,3938,United States,Hardware,23
2025-07-01,5159,2062,United Kingdom,Software,1
2025-07-01,2392,1058,Japan,Software,1
2025-07-01,2969,579,United Kingdom,Training,10
2025-07-01,7500,1575,United Kingdom,Hardware,7
2025-07-01,12953,3675,Germany,Hardware,14
2025-07-01,2386,786,Spain,Training,4
2025-07-01,5203,2551,United States,Software,7
2025-07-01,5738,2263,United States,Software,7
2025-07-01,3614,1502,United Kingdom,Services,3
2025-07-01,1972,707,United Kingdom,Services,2
2025-07-01,2241,480,United States,Training,1
2025-07-01,6959,1299,United States,Hardware,6
2025-07-01,3407,1391,France,Software,3
2025-07-01,6689,1424,France,Software,9
2025-07-01,8327,1753,United Kingdom,Training,11
2025-07-01,8271,4316,Germany,Software,12
2025-07-01,4775,1406,Japan,Training,3
2025-07-01,10375,1841,France,Hardware,9
2025-07-01,10975,183,United Kingdom,Hardware,8
2025-07-01,2997,599,United States,Services,6
2025-07-01,4062,537,United States,Hardware,1
2025-07-01,3526,1647,Japan,Software,11
2025-07-01,4686,1754,United States,Services,8
2025-07-01,7411,2401,Japan,Hardware,8
2025-07-01,4002,1356,United States,Services,1
2025-07-01,1202,474,United States,Training,2
2025-07-01,4227,1606,United Kingdom,Software,3
2025-07-01,3622,640,United States,Hardware,9
2025-07-01,4967,1799,United States,Software,1
2025-07-01,2337,680,United Kingdom,Software,1
2025-07-01,3894,1030,United Kingdom,Hardware,4
2025-07-01,2398,451,France,Hardware,3
2025-07-01,3982,1295,Japan,Training,4
2025-07-01,9496,1615,United Kingdom,Hardware,9
2025-07-01,4604,1665,France,Services,4
2025-07-01,8396,2219,United States,Hardware,
2025-07-01,2776,736,United States,Training,5
2025-07-01,12005,2866,Germany,Hardware,12
2025-07-01,1509,443,France,Training,3
2025-07-01,6036,2287,United States,Training,11
2025-07-01,13112,2314,Germany,Hardware,17
2025-07-01,4418,1109,France,Hardware,3
2025-07-01,4311,2049,United States,Training,7
2025-07-01,6461,1893,Japan,Services,7
2025-07-01,1233,453,Spain,Services,4
2025-07-01,2559,943,United Kingdom,Software,4
2025-07-01,4420,1736,France,Hardware,4
2025-07-01,3751,1424,Japan,Software,3
2025-07-01,1108,366,United States,Software,1
2025-07-01,4295,1219,United Kingdom,Training,2
2025-07-01,7874,2185,United States,Services,4
2025-07-01,2471,783,United Kingdom,Services,9
2025-07-01,4222,1015,Germany,Services,10
2025-07-01,1751,537,United States,Training,5
2025-07-01,5459,873,Japan,Hardware,10
2025-07-01,5746,1303,United States,Hardware,9
2025-07-01,3373,1217,France,Services,1
2025-07-01,670,213,Japan,Training,1
2025-07-01,6476,1699,Japan,Services,8
2025-07-01,6686,1232,Germany,Hardware,7
2025-07-01,2729,745,United States,Training,7
2025-07-01,3083,1063,United States,Services,4
2025-07-01,4009,1031,Japan,Services,5
2025-07-01,1472,400,France,Services,1
2025-07-01,3664,589,Germany,Services,6
2025-07-01,24633,6523,United States,Hardware,27
2025-07-01,2259,499,United Kingdom,Training,1
2025-07-01,3003,756,Spain,Training,3
2025-07-01,2818,899,United Kingdom,Training,4
2025-07-01,5938,528,United States,Hardware,6
2025-07-01,740,156,France,Training,
2025-07-01,3621,750,United States,Services,5
2025-07-01,2549,1011,Spain,Services,5
2025-07-01,2560,813,Japan,Services,6
2025-07-01,1627,692,Germany,Software,6
2025-07-01,9473,717,United States,Hardware,6
2025-07-01,3314,1117,United States,Services,1
2025-07-01,7816,3420,United States,Software,15
2025-07-01,3301,675,United Kingdom,Hardware,9
2025-07-01,4510,1035,France,Hardware,1
2025-07-01,3873,1786,United States,Software,1
2025-07-01,2991,982,Germany,Software,4
2025-07-01,13613,1460,France,Hardware,13
2025-07-01,18531,5356,United States,Hardware,21
2025-07-01,13836,3097,United States,Software,10
2025-07-01,6841,2327,Spain,Software,8
2025-07-01,3079,744,United States,Hardware,2
2025-07-01,3760,679,Germany,Training,1
2025-07-01,3310,670,United States,Services,4
2025-07-01,3965,806,Germany,Training,
2025-07-01,9573,3453,Japan,Services,15
2025-07-01,6685,2360,Japan,Services,8
2025-07-01,3346,1442,United States,Software,3
2025-07-01,4279,1864,United Kingdom,Software,1
2025-07-01,4562,763,Germany,Hardware,9
2025-07-01,3893,1092,United States,Training,2
2025-07-01,3418,1439,Spain,Software,1
2025-07-01,9009,2438,Germany,Hardware,10
2025-07-01,5309,1686,United Kingdom,Services,5
2025-07-01,538,124,Japan,Training,1
2025-07-01,2234,379,United States,Training,3
2025-07-01,5196,1492,United States,Hardware,3
2025-07-01,7406,1941,United Kingdom,Services,7
2025-07-01,6811,569,Spain,Hardware,12
2025-07-01,4979,942,United States,Services,10
2025-07-01,3304,1221,United States,Training,1
2025-07-01,2374,757,United States,Hardware,4
2025-07-01,2351,716,Germany,Services,1
2025-07-01,7208,2073,Germany,Hardware,6
2025-07-01,3025,1227,France,Software,2
2025-07-01,5991,1637,France,Services,3
2025-07-01,4475,652,United States,Hardware,5
2025-07-01,9502,4313,Japan,Software,10
2025-07-01,3661,601,Japan,Hardware,3
2025-07-01,7683,1888,United States,Services,11
2025-07-01,10204,2706,Spain,Software,13
2025-07-01,9769,1153,Japan,Hardware,11
2025-07-01,13953,4906,Germany,Software,18
2025-07-01,1495,491,Germany,Software,1
2025-07-01,3533,1217,Japan,Services,9
2025-07-01,10786,3264,Spain,Hardware,18
2025-07-01,7872,2358,France,Software,6
2025-07-01,1117,466,Japan,Training,1
2025-07-01,14718,3369,Japan,Hardware,17
2025-07-01,12466,4145,Spain,Hardware,15
2025-07-01,5234,2361,United States,Software,11
2025-07-01,4911,1585,United Kingdom,Software,7
2025-07-01,6657,1724,Japan,Hardware,9
2025-07-01,2844,842,Spain,Services,4
2025-07-01,6241,2567,Spain,Software,5
2025-07-01,3118,826,United States,Services,4
2025-07-01,1131,437,United States,Services,5
2025-07-01,2610,320,France,Training,6
2025-07-01,10605,4886,Japan,Software,19
2025-07-01,5753,1677,Japan,Hardware,9
2025-07-01,3309,1028,United States,Training,8
2025-07-01,4618,1695,United States,Software,10
2025-07-01,10296,1962,United States,Training,11
2025-07-01,10897,2623,France,Hardware,18
2025-07-01,4570,1115,France,Hardware,8
2025-07-01,5007,721,United States,Hardware,11
2025-07-01,1438,394,United Kingdom,Software,1
2025-07-01,2613,539,Japan,Training,4
2025-07-01,4725,1427,Spain,Hardware,4
2025-07-01,3219,844,Germany,Training,1
2025-07-01,1625,255,Germany,Training,3
2025-07-01,5752,1097,United States,Hardware,3
2025-07-01,6422,1221,Japan,Hardware,6
2025-07-01,12474,3195,Germany,Hardware,11
2025-07-01,3931,983,United States,Training,5
2025-07-01,2827,959,Germany,Training,4
2025-07-01,2161,719,United States,Training,1
2025-07-01,1304,450,Spain,Training,1
2025-07-01,2535,559,Spain,Training,6
2025-07-01,4376,777,France,Hardware,4
2025-07-01,6340,2000,United States,Training,3
2025-07-01,8634,1435,United States,Hardware,7
2025-07-01,3494,770,Japan,Training,5
2025-07-01,4734,1917,Japan,Training,4
2025-07-01,8721,2632,United States,Software,7
2025-07-01,4876,1590,France,Software,7
2025-07-01,4654,1799,United States,Software,5
2025-07-01,1758,573,Japan,Services,4
2025-07-01,5547,1973,France,Software,11
2025-07-01,3534,622,Germany,Hardware,3
2025-07-01,9532,2881,United Kingdom,Software,9
2025-07-01,14395,5787,Spain,Software,11
2025-07-01,5847,1650,United States,Hardware,5
2025-07-01,6590,2132,Spain,Software,4
2025-07-01,2168,473,United Kingdom,Hardware,8
2025-07-01,5599,1117,Spain,Hardware,7
2025-07-01,4384,1575,United Kingdom,Software,5
2025-07-01,8339,2043,Spain,Hardware,9
2025-07-01,5951,2649,United States,Software,12
2025-07-01,7760,1535,Germany,Services,8
2025-07-01,6554,2461,United Kingdom,Software,8
2025-07-01,6110,1479,Germany,Hardware,4
2025-07-01,7910,3144,France,Software,9
2025-07-01,1789,388,United States,Training,6
2025-07-01,2790,934,United States,Services,
2025-07-01,2571,861,United States,Services,1
2025-07-01,11882,4520,France,Software,15
2025-07-01,3293,1117,France,Training,7
2025-07-01,1921,531,Germany,Services,1
2025-07-01,9606,2476,United States,Training,11
2025-07-01,4213,1534,Germany,Services,2
2025-07-01,1793,140,United States,Services,8
2025-07-01,3706,527,United States,Hardware,2
2025-07-01,2805,411,Germany,Hardware,2
2025-07-01,2645,921,Japan,Software,4
2025-07-01,5723,2214,Spain,Hardware,5
2025-07-01,9537,5078,Germany,Software,10
2025-07-01,7038,2879,Spain,Software,3
2025-07-01,4663,701,Germany,Training,5
2025-07-01,1838,222,United States,Training,1
2025-07-01,2963,994,Spain,Software,3
2025-07-01,4496,1916,United States,Software,3
2025-07-01,4012,1497,United Kingdom,Training,7
2025-07-01,7594,1935,Spain,Hardware,10
2025-07-01,4830,1561,France,Software,3
2025-07-01,7469,2983,Spain,Services,7
2025-07-01,1104,479,United States,Services,6
2025-07-01,13426,6712,Spain,Software,14
2025-07-01,20454,3878,United Kingdom,Hardware,
2025-07-01,3647,1346,France,Services,6
2025-07-01,10677,3847,United Kingdom,Software,4
2025-07-01,3946,1286,Japan,Services,6
2025-07-01,1614,507,United States,Services,4
2025-07-01,5125,657,United Kingdom,Hardware,4
2025-07-01,15254,3099,United States,Services,15
2025-07-01,3866,1222,France,Software,14
2025-07-01,12323,4128,Germany,Hardware,14
2025-07-01,4068,1574,Japan,Software,4
2025-07-01,14470,3507,Germany,Hardware,12
2025-07-01,4237,1238,Spain,Services,8
2025-07-01,7660,2180,United States,Hardware,9
2025-07-01,2282,485,Spain,Hardware,7
2025-07-01,5617,1679,Spain,Software,9
2025-07-01,2314,966,United States,Services,3
2025-07-01,2956,1160,Japan,Software,1
2025-07-01,3244,1212,France,Training,3
2025-07-01,4114,702,France,Hardware,3
2025-07-01,3271,899,Germany,Training,6
2025-07-01,21541,3582,United States,Hardware,24
2025-07-01,6799,2090,United Kingdom,Hardware,7
2025-07-01,1346,662,United States,Software,5
2025-07-01,2193,770,Spain,Services,4
2025-07-01,3106,701,Germany,Hardware,8
2025-07-01,4743,645,Spain,Hardware,1
2025-07-01,3537,1144,Germany,Training,3
2025-07-01,22387,4557,France,Hardware,23
2025-07-01,3584,920,United States,Training,1
2025-07-01,2698,1029,Spain,Services,1
2025-07-01,2379,895,Germany,Software,3
2025-07-01,971,318,United States,Training,1
2025-07-01,4329,731,United Kingdom,Hardware,6
2025-07-01,6067,1530,Germany,Hardware,4
2025-07-01,9098,2467,France,Hardware,7
2025-07-01,6205,2509,United States,Software,7
2025-07-01,4324,1629,Spain,Software,7
2025-07-01,5029,1044,United Kingdom,Services,10
2025-07-01,2584,803,Japan,Training,1
2025-07-01,4991,1425,United Kingdom,Services,10
2025-07-01,2912,757,United States,Services,6
2025-07-01,12163,2220,United States,Hardware,16
2025-07-01,6245,1144,Japan,Services,10
2025-07-01,1814,876,Spain,Software,4
2025-07-01,1231,389,United States,Training,4
2025-07-01,3881,469,United States,Training,8
2025-07-01,5617,2119,United States,Hardware,9
2025-07-01,8267,3714,United States,Software,11
2025-07-01,4252,1145,Germany,Services,6
2025-07-01,2524,918,United States,Services,4
2025-07-01,4813,1799,Japan,Software,4
2025-07-01,1918,432,United States,Training,7
2025-07-01,6061,1703,Germany,Training,9
2025-07-01,1954,558,United States,Training,1
2025-07-01,3504,865,Spain,Training,10
2025-07-01,2084,693,United States,Software,3
2025-07-01,982,316,Japan,Training,11
2025-07-01,2302,1025,United States,Software,1
2025-07-01,3199,1488,France,Software,2
2025-07-01,4699,1425,United States,Services,7
2025-07-01,2171,515,United States,Hardware,8
2025-07-01,12765,5930,Germany,Software,16
2025-07-01,1931,727,Spain,Training,5
2025-07-01,1637,392,United States,Training,1
2025-07-01,4924,1137,United States,Hardware,2
2025-07-01,4917,2029,Japan,Software,12
2025-07-01,15271,2992,Spain,Hardware,20
2025-07-01,5313,1948,Germany,Software,6
2025-07-01,2355,700,United States,Services,2
2025-07-01,3294,1056,Spain,Hardware,4
2025-07-01,4035,972,Japan,Services,6
2025-07-01,1305,468,Japan,Training,1
2025-07-01,2660,713,United Kingdom,Services,6
2025-07-01,5742,1734,United States,Software,5
2025-07-01,7026,1482,United Kingdom,Hardware,2
2025-07-01,6586,2202,United States,Services,13
2025-07-01,4331,1857,Germany,Software,8
2025-07-01,43983,8459,Japan,Hardware,51
2025-07-01,9790,1670,United States,Hardware,4
2025-07-01,7608,2850,United Kingdom,Services,2
2025-08-01,5479,1848,Germany,Training,8
2025-08-01,2506,759,United States,Software,2
2025-08-01,1498,418,France,Services,2
2025-08-01,4303,1119,Spain,Services,9
2025-08-01,2419,645,France,Services,6
2025-08-01,890,232,United States,Training,1
2025-08-01,1728,597,United Kingdom,Software,1
2025-08-01,3619,1130,Germany,Hardware,1
2025-08-01,2258,520,Germany,Services,2
2025-08-01,1257,325,Japan,Training,2
2025-08-01,1892,609,Germany,Training,3
2025-08-01,1625,508,United States,Software,1
2025-08-01,2834,873,United States,Software,2
2025-08-01,5864,2165,United States,Services,6
2025-08-01,2420,689,Spain,Services,2
2025-08-01,7796,1975,Spain,Hardware,17
2025-08-01,2731,928,United States,Hardware,3
2025-08-01,5040,1966,Japan,Training,3
2025-08-01,3119,918,United States,Services,6
2025-08-01,6286,1475,United States,Hardware,2
2025-08-01,7732,1455,United Kingdom,Hardware,7
2025-08-01,4805,1265,United States,Services,5
2025-08-01,1933,595,United States,Services,1
2025-08-01,3740,1448,United States,Software,4
2025-08-01,3499,517,Germany,Hardware,5
2025-08-01,2140,485,Germany,Services,2
2025-08-01,2569,979,United Kingdom,Software,1
2025-08-01,6736,1650,Japan,Training,11
2025-08-01,6867,2330,Spain,Software,6
2025-08-01,6643,2287,Japan,Services,5
2025-08-01,7453,3964,Germany,Software,7
2025-08-01,6241,1305,United States,Hardware,9
2025-08-01,4250,736,Germany,Services,3
2025-08-01,2750,829,United Kingdom,Software,4
2025-08-01,1986,721,United Kingdom,Software,2
2025-08-01,1833,526,Japan,Training,1
2025-08-01,5036,2074,United States,Services,8
2025-08-01,5276,2313,Germany,Software,1
2025-08-01,3830,1320,Spain,Training,6
2025-08-01,7843,2861,Spain,Services,14
2025-08-01,1960,733,United States,Training,1
2025-08-01,3034,1234,Germany,Software,4
2025-08-01,8162,2793,Spain,Hardware,12
2025-08-01,1667,526,United States,Training,1
2025-08-01,1285,446,United States,Software,1
2025-08-01,2159,667,Japan,Software,1
2025-08-01,4214,971,Spain,Training,8
2025-08-01,1453,206,France,Training,3
2025-08-01,13231,5338,Spain,Software,14
2025-08-01,1984,470,Spain,Services,6
2025-08-01,5044,1897,Spain,Software,6
2025-08-01,10996,6134,France,Software,9
2025-08-01,1634,411,Japan,Software,6
2025-08-01,7746,2228,United States,Hardware,6
2025-08-01,11024,3612,Japan,Software,15
2025-08-01,1133,327,United Kingdom,Services,1
2025-08-01,1700,407,United States,Training,4
2025-08-01,4162,1258,Spain,Hardware,10
2025-08-01,2430,662,Spain,Software,1
2025-08-01,5058,1029,United States,Hardware,3
2025-08-01,3291,1480,Japan,Software,1
2025-08-01,4173,1271,Germany,Services,4
2025-08-01,5408,1573,United States,Services,3
2025-08-01,3613,1391,Germany,Services,2
2025-08-01,1874,703,Germany,Services,4
2025-08-01,5806,1674,Japan,Services,10
2025-08-01,5731,1282,United States,Services,7
2025-08-01,5009,1733,United Kingdom,Software,4
2025-08-01,2810,804,United Kingdom,Software,9
2025-08-01,3090,673,Spain,Training,3
2025-08-01,5620,1482,Germany,Training,6
2025-08-01,1415,585,Japan,Software,1
2025-08-01,2666,1401,United States,Software,5
2025-08-01,3950,645,Germany,Training,5
2025-08-01,2831,631,France,Training,1
2025-08-01,7752,1790,United States,Hardware,6
2025-08-01,3450,1194,Japan,Services,2
2025-08-01,4697,1869,France,Software,9
2025-08-01,7185,1345,Germany,Training,12
2025-08-01,812,229,France,Training,1
2025-08-01,6102,1672,United States,Services,1
2025-08-01,2178,558,Japan,Services,3
2025-08-01,2881,706,United States,Hardware,3
2025-08-01,5179,929,United States,Hardware,5
2025-08-01,2499,704,United States,Training,1
2025-08-01,1818,551,Spain,Services,6
2025-08-01,1788,651,United States,Software,3
2025-08-01,1708,481,Spain,Training,2
2025-08-01,1629,464,France,Training,1
2025-08-01,8115,1624,France,Hardware,12
2025-08-01,3501,627,United States,Hardware,3
2025-08-01,3422,682,Spain,Services,1
2025-08-01,2989,867,United States,Services,5
2025-08-01,5153,1100,France,Hardware,2
2025-08-01,2143,663,United Kingdom,Training,1
2025-08-01,1223,447,Japan,Services,2
2025-08-01,9999,2427,United States,Hardware,15
2025-08-01,3386,1383,France,Software,6
2025-08-01,2465,762,Japan,Software,8
2025-08-01,3176,1087,Germany,Software,9
2025-08-01,2968,530,Germany,Hardware,4
2025-08-01,1343,333,United States,Services,1
2025-08-01,5509,1482,Japan,Services,5
2025-08-01,5466,1614,United States,Training,3
2025-08-01,5042,1323,France,Training,10
2025-08-01,1796,492,United Kingdom,Training,1
2025-08-01,7811,2190,Japan,Services,4
2025-08-01,834,224,France,Training,1
2025-08-01,5841,1960,United States,Services,6
2025-08-01,13753,4904,France,Software,12
2025-08-01,3777,1289,Spain,Software,2
2025-08-01,5683,2246,Japan,Software,3
2025-08-01,2685,392,Germany,Training,1
2025-08-01,3400,1292,Spain,Training,8
2025-08-01,1356,288,United States,Training,2
2025-08-01,16570,7166,United States,Software,18
2025-08-01,7117,1492,Japan,Hardware,4
2025-08-01,3339,1048,United Kingdom,Services,1
2025-08-01,15204,6066,United States,Services,17
2025-08-01,5262,1779,Spain,Services,2
2025-08-01,1655,373,Japan,Services,1
2025-08-01,3806,1197,United Kingdom,Hardware,2
2025-08-01,2041,276,United States,Training,6
2025-08-01,3575,795,Germany,Hardware,3
2025-08-01,5265,1693,Spain,Services,14
2025-08-01,6458,1870,United Kingdom,Training,12
2025-08-01,13912,2910,United States,Hardware,14
2025-08-01,2357,725,United States,Training,4
2025-08-01,12654,2956,United States,Hardware,14
2025-08-01,5694,1804,Spain,Software,8
2025-08-01,8765,1802,United Kingdom,Hardware,9
2025-08-01,9027,3405,United States,Software,12
2025-08-01,5174,643,Germany,Hardware,4
2025-08-01,3425,951,United Kingdom,Hardware,5
2025-08-01,9338,2872,Japan,Hardware,7
2025-08-01,5030,1538,Spain,Hardware,12
2025-08-01,4799,1384,Spain,Services,7
2025-08-01,11972,3578,Spain,Software,13
2025-08-01,1866,667,Germany,Hardware,5
2025-08-01,8643,2350,Spain,Hardware,1
2025-08-01,1871,497,Spain,Hardware,3
2025-08-01,5069,1337,United States,Hardware,5
2025-08-01,1441,418,France,Services,
2025-08-01,3538,1316,Spain,Services,3
2025-08-01,4880,1249,Spain,Services,8
2025-08-01,6505,1444,France,Software,9
2025-08-01,5714,2459,United States,Services,14
2025-08-01,1312,347,Spain,Training,1
2025-08-01,6193,2107,United States,Hardware,10
2025-08-01,5894,2011,United States,Software,7
2025-08-01,3270,1452,Spain,Training,4
2025-08-01,9427,2313,Germany,Hardware,12
2025-08-01,8057,1972,United States,Hardware,10
2025-08-01,7140,1978,United States,Hardware,5
2025-08-01,1961,810,Spain,Services,3
2025-08-01,3038,904,Spain,Hardware,1
2025-08-01,3411,913,Germany,Training,4
2025-08-01,10974,4546,Germany,Services,13
2025-08-01,3862,1210,United States,Hardware,2
2025-08-01,5893,1821,Germany,Services,1
2025-08-01,3607,689,Spain,Services,5
2025-08-01,1989,576,France,Software,1
2025-08-01,3703,685,United States,Services,1
2025-08-01,8058,2124,United States,Hardware,5
2025-08-01,8280,2695,Germany,Software,8
2025-08-01,4362,1352,Germany,Services,1
2025-08-01,15820,2053,France,Hardware,19
2025-08-01,5268,1678,Germany,Software,7
2025-08-01,2252,591,Germany,Training,1
2025-08-01,2034,743,United States,Services,1
2025-08-01,4139,1144,Germany,Hardware,5
2025-08-01,12350,4485,Germany,Software,16
2025-08-01,1089,476,France,Software,1
2025-08-01,2353,748,Japan,Services,3
2025-08-01,2089,633,Spain,Services,8
2025-08-01,2919,1327,Germany,Services,1
2025-08-01,2059,635,Japan,Training,2
2025-08-01,4909,1575,Spain,Services,7
2025-08-01,4918,1729,Spain,Software,12
2025-08-01,5720,2446,Germany,Software,8
2025-08-01,2850,1128,United States,Software,5
2025-08-01,2040,701,France,Training,1
2025-08-01,2291,714,United Kingdom,Services,3
2025-08-01,2942,1140,United Kingdom,Services,4
2025-08-01,4654,1752,United States,Software,5
2025-08-01,3390,1104,United States,Services,6
2025-08-01,1633,549,Spain,Training,2
2025-08-01,3208,1286,Japan,Software,1
2025-08-01,2365,770,United States,Software,1
2025-08-01,2980,854,Japan,Services,1
2025-08-01,4159,872,Japan,Hardware,3
2025-08-01,2091,498,Germany,Training,3
2025-08-01,2829,860,France,Training,1
2025-08-01,15045,3751,United States,Hardware,19
2025-08-01,2284,550,Germany,Training,4
2025-08-01,4183,1605,France,Services,9
2025-08-01,1398,489,Germany,Services,3
2025-08-01,1418,323,Germany,Hardware,1
2025-08-01,17364,7204,France,Software,20
2025-08-01,2034,764,France,Training,1
2025-08-01,2919,673,United States,Training,1
2025-08-01,9015,3318,Japan,Services,11
2025-08-01,1634,581,Spain,Training,1
2025-08-01,710,251,Germany,Software,3
2025-08-01,4934,661,United Kingdom,Training,10
2025-08-01,1528,367,France,Training,5
2025-08-01,13460,4992,Japan,Services,15
2025-08-01,2076,799,United States,Training,1
2025-08-01,7127,2412,Spain,Training,5
2025-08-01,6520,1682,United Kingdom,Services,6
2025-08-01,1688,566,United States,Software,8
2025-08-01,3027,1335,United Kingdom,Software,1
2025-08-01,4762,617,Spain,Hardware,5
2025-08-01,11294,1994,United States,Hardware,10
2025-08-01,2214,683,Spain,Software,1
2025-08-01,1952,896,United States,Software,1
2025-08-01,1949,476,Spain,Services,4
2025-08-01,4206,1971,United States,Software,9
2025-08-01,7606,2469,France,Software,8
2025-08-01,1390,434,United States,Software,3
2025-08-01,5902,2232,United States,Software,5
2025-08-01,4614,1974,United States,Services,2
2025-08-01,7370,1037,France,Hardware,10
2025-08-01,1813,694,United States,Software,1
2025-08-01,11886,3205,United States,Hardware,15
2025-08-01,6957,2287,Spain,Hardware,6
2025-08-01,3620,880,Japan,Hardware,4
2025-08-01,4392,918,Germany,Training,1
2025-08-01,3456,495,Spain,Hardware,4
2025-08-01,7578,2232,United States,Hardware,7
2025-08-01,6192,1250,Germany,Hardware,7
2025-08-01,6238,1843,Spain,Software,4
2025-08-01,6183,933,United States,Hardware,7
2025-08-01,943,123,France,Training,2
2025-08-01,5812,2961,France,Software,9
2025-08-01,10788,2826,Japan,Services,14
2025-08-01,3296,1119,United States,Services,6
2025-08-01,5799,2220,United States,Software,5
2025-08-01,6484,3125,Germany,Software,8
2025-08-01,2058,544,United States,Training,2
2025-08-01,7463,3372,United States,Software,13
2025-08-01,3936,1065,Japan,Training,7
2025-08-01,4485,239,Japan,Hardware,4
2025-08-01,11969,3314,United Kingdom,Hardware,20
2025-08-01,936,283,France,Training,1
2025-08-01,4199,1722,United States,Training,1
2025-08-01,2487,718,Japan,Services,1
2025-08-01,3939,818,United States,Hardware,6
2025-08-01,7618,1413,United States,Training,10
2025-08-01,2795,507,Japan,Training,6
2025-08-01,3795,1339,Japan,Training,5
2025-08-01,1148,547,France,Software,2
2025-08-01,2473,805,United States,Services,6
2025-08-01,10868,4166,Spain,Software,10
2025-08-01,5456,1012,United States,Hardware,3
2025-08-01,3056,731,Germany,Hardware,
2025-08-01,3773,1355,France,Software,1
2025-08-01,1519,227,United Kingdom,Training,1
2025-08-01,1858,650,Japan,Software,2
2025-08-01,5369,1247,United States,Training,12
2025-08-01,4725,1605,United States,Software,3
2025-08-01,3224,1157,France,Services,1
2025-08-01,3797,1978,Spain,Software,6
2025-08-01,2860,646,United States,Training,1
2025-08-01,7301,1680,United States,Hardware,10
2025-08-01,6115,2413,Germany,Software,13
2025-08-01,3640,1318,United Kingdom,Training,1
2025-08-01,8082,1436,United States,Hardware,8
2025-08-01,10561,3189,France,Hardware,5
2025-08-01,1780,873,Spain,Software,1
2025-08-01,2535,999,United States,Software,6
2025-08-01,1881,391,United States,Training,1
2025-08-01,6511,3289,United States,Software,10
2025-08-01,2995,845,France,Training,6
2025-08-01,8946,1566,United Kingdom,Hardware,11
2025-08-01,7117,2859,Spain,Services,11
2025-08-01,6777,1659,Spain,Hardware,6
2025-08-01,4207,983,Japan,Software,3
2025-08-01,1591,308,United States,Training,3
2025-08-01,8381,1285,Spain,Hardware,10
2025-08-01,1783,416,United Kingdom,Services,1
2025-08-01,6090,1359,United Kingdom,Hardware,9
2025-08-01,4848,1627,United States,Services,8
2025-08-01,7453,2230,France,Services,8
2025-08-01,1907,753,United States,Services,1
2025-08-01,23145,11407,France,Software,31
2025-08-01,7406,1523,Japan,Services,10
2025-08-01,2047,514,Germany,Training,1
2025-08-01,4961,2091,Spain,Software,3
2025-08-01,9099,3355,United Kingdom,Software,10
2025-08-01,4405,736,Japan,Services,5
2025-08-01,5010,457,United States,Hardware,14
2025-08-01,4339,1092,Japan,Training,4
2025-08-01,2751,814,United States,Training,5
2025-08-01,684,137,Germany,Training,1
2025-08-01,815,207,Japan,Services,1
2025-08-01,6690,1899,Germany,Services,4
2025-08-01,2537,753,United States,Services,8
2025-08-01,721,214,Spain,Training,6
2025-08-01,5909,1273,United States,Services,1
2025-08-01,9611,3662,United Kingdom,Software,11
2025-08-01,3901,797,France,Services,4
2025-08-01,4867,1392,Japan,Training,11
2025-08-01,875,165,United States,Training,5
2025-08-01,2065,697,France,Training,2
2025-08-01,5972,1393,United Kingdom,Software,9
2025-08-01,1240,303,United States,Services,5
2025-08-01,7310,1139,United States,Hardware,12
2025-08-01,1813,500,Spain,Services,5
2025-08-01,3676,804,United States,Training,1
2025-08-01,4920,1792,Japan,Services,9
2025-08-01,4196,1371,United States,Software,5
2025-08-01,1411,253,Japan,Training,1
2025-08-01,3001,1160,France,Services,5
2025-08-01,7572,2357,United States,Hardware,11
2025-08-01,2065,535,Germany,Services,1
2025-08-01,2133,417,Germany,Training,3
2025-08-01,18436,3101,United States,Hardware,23
2025-08-01,6827,3237,Japan,Software,11
2025-08-01,7019,1273,United States,Hardware,8
2025-08-01,2575,736,United Kingdom,Training,1
2025-08-01,8642,2381,United States,Services,10
2025-08-01,9197,2594,Spain,Software,12
2025-08-01,3546,1436,United States,Software,1
2025-08-01,2954,1059,United States,Services,7
2025-08-01,10254,2773,Germany,Hardware,16
2025-08-01,1896,432,United States,Training,3
2025-08-01,2823,1037,United States,Services,1
2025-08-01,4005,1600,Spain,Software,10
2025-08-01,7151,1968,Spain,Software,8
2025-08-01,5884,2021,United States,Software,4
2025-08-01,2676,954,United Kingdom,Services,5
2025-08-01,10605,2517,United States,Hardware,10
2025-08-01,2562,611,France,Training,5
2025-08-01,10316,1265,Japan,Hardware,10
2025-08-01,2574,558,Germany,Services,1
2025-08-01,2977,940,United States,Services,2
2025-08-01,5468,2337,Spain,Software,7
2025-08-01,4051,503,Spain,Hardware,7
2025-08-01,3679,775,Spain,Hardware,2
2025-08-01,3041,883,Spain,Services,2
2025-08-01,18355,3570,France,Hardware,21
2025-08-01,3121,1338,Germany,Software,5
2025-08-01,3946,1842,United States,Software,5
2025-08-01,2590,590,Spain,Training,1
2025-08-01,11106,3714,United States,Hardware,12
2025-08-01,4965,1531,France,Services,6
2025-08-01,14566,2466,United States,Hardware,17
2025-08-01,2261,831,Japan,Services,3
2025-08-01,12429,2510,Japan,Hardware,16
2025-08-01,5711,2018,Spain,Software,7
2025-08-01,4078,840,Germany,Hardware,3
2025-08-01,1572,551,France,Training,5
2025-08-01,5046,1025,Germany,Training,8
2025-08-01,10036,3697,United States,Training,13
2025-08-01,1457,485,Spain,Services,1
2025-08-01,3463,1003,Spain,Hardware,5
2025-08-01,5495,2269,Spain,Software,9
2025-08-01,1635,282,Germany,Training,1
2025-08-01,3474,797,United Kingdom,Hardware,2
2025-08-01,846,211,France,Training,1
2025-08-01,12688,5235,United Kingdom,Software,14
2025-08-01,4936,1066,France,Hardware,6
2025-08-01,5195,1792,Germany,Software,6
2025-08-01,4164,1876,France,Software,4
2025-08-01,5587,1579,Japan,Services,1
2025-08-01,6273,1067,United States,Training,8
2025-08-01,1006,435,United Kingdom,Software,1
2025-08-01,1497,457,Spain,Hardware,1
2025-08-01,2364,677,Japan,Hardware,2
2025-08-01,864,192,Japan,Training,1
2025-08-01,13438,1536,France,Hardware,14
2025-08-01,14234,3529,France,Hardware,16
2025-08-01,2857,1216,Germany,Software,3
2025-08-01,1539,501,Japan,Software,1
2025-08-01,12367,3770,Japan,Services,18
2025-08-01,3898,1235,Japan,Services,9
2025-08-01,6374,2919,Japan,Software,12
2025-08-01,2775,1227,United States,Software,2
2025-08-01,1031,500,United States,Software,3
2025-08-01,2542,797,United Kingdom,Services,1
2025-08-01,3235,1072,United States,Services,9
2025-08-01,2290,670,United States,Services,2
2025-08-01,2584,712,France,Training,1
2025-08-01,1948,513,Germany,Services,2
2025-08-01,7000,1981,Spain,Software,3
2025-08-01,5613,1479,United Kingdom,Hardware,7
2025-08-01,2166,677,France,Training,5
2025-08-01,8625,2147,Germany,Hardware,11
2025-08-01,1279,508,Japan,Services,1
2025-08-01,3013,760,Japan,Training,1
2025-08-01,8311,1772,United States,Hardware,12
2025-08-01,760,172,Japan,Services,4
2025-08-01,6134,679,Germany,Hardware,
2025-08-01,1694,560,Japan,Services,5
2025-08-01,1194,264,Japan,Training,1
2025-08-01,7000,1393,United States,Hardware,9
2025-08-01,8260,1624,Japan,Hardware,11
2025-08-01,3092,964,France,Software,6
2025-08-01,9189,3573,Germany,Software,14
2025-09-01,8178,1821,United States,Hardware,5
2025-09-01,6713,2425,Spain,Software,12
2025-09-01,3179,914,United States,Training,6
2025-09-01,8255,2872,Germany,Software,9
2025-09-01,3844,1279,France,Training,5
2025-09-01,1953,888,Japan,Software,9
2025-09-01,1317,320,France,Services,1
2025-09-01,8910,3730,Japan,Services,7
2025-09-01,4904,1547,United States,Training,5
2025-09-01,1990,275,Spain,Training,4
2025-09-01,2103,728,United States,Services,2
2025-09-01,3146,598,Germany,Training,5
2025-09-01,1637,280,France,Training,1
2025-09-01,3464,669,Germany,Hardware,4
2025-09-01,7901,2042,Japan,Services,12
2025-09-01,3857,1543,Germany,Services,3
2025-09-01,4459,1445,Spain,Services,7
2025-09-01,2475,1044,United Kingdom,Training,1
2025-09-01,12267,1569,Japan,Hardware,16
2025-09-01,2817,745,United States,Services,1
2025-09-01,2309,515,Japan,Training,5
2025-09-01,5648,1870,United States,Software,10
2025-09-01,3827,1098,Japan,Training,4
2025-09-01,4817,1085,Japan,Services,7
2025-09-01,3585,1056,Germany,Services,3
2025-09-01,3803,1355,Japan,Software,3
2025-09-01,13024,1991,Spain,Hardware,14
2025-09-01,2021,528,United Kingdom,Training,1
2025-09-01,3963,1425,Germany,Software,3
2025-09-01,5449,1468,Germany,Training,10
2025-09-01,2912,1380,United States,Software,6
2025-09-01,955,228,United States,Software,3
2025-09-01,581,188,Germany,Software,2
2025-09-01,3422,477,Spain,Training,4
2025-09-01,11907,4075,United States,Services,15
2025-09-01,3370,832,Japan,Services,3
2025-09-01,1945,453,United States,Training,5
2025-09-01,10830,2949,United States,Services,10
2025-09-01,7208,2076,United States,Hardware,4
2025-09-01,4639,1375,Germany,Services,1
2025-09-01,4649,1415,France,Services,13
2025-09-01,9786,4737,Japan,Software,12
2025-09-01,13482,2986,Japan,Hardware,12
2025-09-01,4907,1273,United States,Training,2
2025-09-01,4671,325,Germany,Hardware,7
2025-09-01,2283,560,Japan,Training,6
2025-09-01,2335,405,Germany,Training,1
2025-09-01,6910,2378,Germany,Services,8
2025-09-01,6021,2141,France,Services,3
2025-09-01,4649,1667,Germany,Software,8
2025-09-01,2384,423,United States,Hardware,3
2025-09-01,3358,1628,Japan,Software,2
2025-09-01,7731,3015,United Kingdom,Software,11
2025-09-01,667,209,United Kingdom,Training,1
2025-09-01,3477,1257,United States,Software,11
2025-09-01,5223,1488,Germany,Hardware,8
2025-09-01,12015,2297,Japan,Hardware,9
2025-09-01,889,320,United Kingdom,Training,1
2025-09-01,3049,1331,France,Software,1
2025-09-01,7342,1783,Japan,Hardware,8
2025-09-01,5615,2059,France,Services,9
2025-09-01,1553,507,Germany,Software,4
2025-09-01,23223,5581,United Kingdom,Hardware,26
2025-09-01,3104,1209,France,Software,5
2025-09-01,3640,1587,Germany,Software,5
2025-09-01,7514,3739,Germany,Hardware,12
2025-09-01,4508,853,Germany,Services,6
2025-09-01,727,266,United States,Services,3
2025-09-01,15427,3197,France,Hardware,18
2025-09-01,13758,2893,United States,Hardware,15
2025-09-01,2766,1082,Japan,Software,2
2025-09-01,7244,2552,Germany,Software,7
2025-09-01,1431,164,Japan,Training,1
2025-09-01,3830,1266,United States,Services,1
2025-09-01,1421,347,Spain,Training,1
2025-09-01,11028,1946,United States,Hardware,15
2025-09-01,1770,537,Japan,Training,6
2025-09-01,7922,1291,Spain,Hardware,6
2025-09-01,3766,1283,Germany,Services,3
2025-09-01,6054,2227,Japan,Services,6
2025-09-01,17537,5460,United Kingdom,Hardware,19
2025-09-01,2521,566,Germany,Services,6
2025-09-01,4545,1347,Japan,Software,5
2025-09-01,4373,1409,Germany,Training,6
2025-09-01,6985,1802,Germany,Software,4
2025-09-01,4674,1663,Japan,Software,11
2025-09-01,12174,2713,Japan,Hardware,14
2025-09-01,7596,2546,Japan,Services,4
2025-09-01,2181,657,France,Services,1
2025-09-01,2160,461,Spain,Services,1
2025-09-01,2049,588,United Kingdom,Training,1
2025-09-01,2129,547,Spain,Training,6
2025-09-01,3693,905,Japan,Training,3
2025-09-01,6958,3287,Germany,Software,5
2025-09-01,6380,1312,Japan,Hardware,8
2025-09-01,2322,763,France,Training,1
2025-09-01,7465,1346,Spain,Hardware,12
2025-09-01,5554,1450,United States,Services,6
2025-09-01,12003,1813,Spain,Hardware,18
2025-09-01,995,288,Spain,Training,1
2025-09-01,7765,3278,Spain,Services,4
2025-09-01,16826,4108,Germany,Hardware,15
2025-09-01,4227,1058,Germany,Services,9
2025-09-01,7579,1350,Germany,Hardware,7
2025-09-01,6724,1405,United Kingdom,Hardware,2
2025-09-01,7825,2790,United States,Software,7
2025-09-01,12722,4151,United States,Services,19
2025-09-01,2503,518,France,Training,2
2025-09-01,12043,2800,United States,Hardware,11
2025-09-01,6959,2131,United States,Services,13
2025-09-01,1183,302,Germany,Training,4
2025-09-01,9619,3534,United States,Software,16
2025-09-01,4390,1564,Spain,Software,7
2025-09-01,4043,1080,Japan,Services,3
2025-09-01,1892,394,United Kingdom,Training,1
2025-09-01,17222,2935,United States,Hardware,16
2025-09-01,1731,623,Spain,Training,7
2025-09-01,9094,2701,Germany,Software,11
2025-09-01,2924,992,Germany,Training,4
2025-09-01,6947,1063,Spain,Hardware,8
2025-09-01,1295,345,Spain,Services,1
2025-09-01,4100,1258,United States,Services,1
2025-09-01,1445,272,Spain,Training,6
2025-09-01,5033,720,United States,Hardware,3
2025-09-01,1043,209,Spain,Services,1
2025-09-01,7004,1866,Japan,Software,4
2025-09-01,3491,1407,United Kingdom,Software,8
2025-09-01,8126,2401,United Kingdom,Hardware,5
2025-09-01,16167,3110,United States,Hardware,15
2025-09-01,4516,1168,United Kingdom,Training,7
2025-09-01,1595,338,United Kingdom,Training,6
2025-09-01,10885,3181,Spain,Services,13
2025-09-01,3404,1134,Japan,Services,1
2025-09-01,1118,304,Spain,Training,1
2025-09-01,3249,806,Japan,Services,4
2025-09-01,2567,641,United Kingdom,Training,1
2025-09-01,3511,1296,Spain,Software,5
2025-09-01,2014,757,France,Services,3
2025-09-01,2469,511,Japan,Hardware,2
2025-09-01,1812,467,Japan,Training,3
2025-09-01,8576,3001,Spain,Software,7
2025-09-01,5094,1215,United States,Services,1
2025-09-01,2922,829,Germany,Training,6
2025-09-01,5909,1910,Germany,Services,7
2025-09-01,3405,1391,France,Software,9
2025-09-01,3596,351,Japan,Hardware,1
2025-09-01,2619,818,France,Services,6
2025-09-01,4156,1268,France,Training,4
2025-09-01,7782,1208,United Kingdom,Hardware,12
2025-09-01,3926,1737,France,Software,10
2025-09-01,812,261,United Kingdom,Training,1
2025-09-01,4598,1627,Japan,Software,4
2025-09-01,6362,2361,United States,Software,11
2025-09-01,2138,178,United States,Training,1
2025-09-01,2250,506,Japan,Services,10
2025-09-01,4537,1253,United States,Services,3
2025-09-01,16440,2628,United States,Hardware,14
2025-09-01,3761,1370,United States,Training,3
2025-09-01,7925,2207,United States,Hardware,5
2025-09-01,1667,642,Japan,Services,8
2025-09-01,3074,1259,France,Software,4
2025-09-01,4144,1570,United States,Software,4
2025-09-01,912,247,Spain,Training,1
2025-09-01,1885,589,Germany,Training,1
2025-09-01,1562,655,United States,Software,1
2025-09-01,3341,934,Germany,Training,9
2025-09-01,5315,1312,Japan,Services,7
2025-09-01,12014,4105,United States,Hardware,14
2025-09-01,12776,2872,Japan,Hardware,16
2025-09-01,2733,1057,United Kingdom,Training,6
2025-09-01,2104,870,United States,Training,1
2025-09-01,6457,1529,United States,Training,9
2025-09-01,4586,1026,United States,Hardware,1
2025-09-01,3590,1266,Germany,Services,1
2025-09-01,20328,8692,United Kingdom,Software,28
2025-09-01,2224,637,United States,Services,4
2025-09-01,3076,770,United Kingdom,Training,2
2025-09-01,2645,686,Spain,Services,6
2025-09-01,12092,2721,Spain,Hardware,9
2025-09-01,20954,5089,United Kingdom,Hardware,26
2025-09-01,1960,711,United Kingdom,Services,1
2025-09-01,3727,898,United Kingdom,Services,1
2025-09-01,2361,351,United States,Training,1
2025-09-01,1588,565,France,Training,1
2025-09-01,3811,1002,France,Training,5
2025-09-01,4392,685,Japan,Hardware,3
2025-09-01,6140,1987,Spain,Services,
2025-09-01,8319,2761,France,Hardware,9
2025-09-01,14077,4277,United States,Hardware,11
2025-09-01,11253,3105,United States,Services,16
2025-09-01,552,89,United States,Hardware,1
2025-09-01,3018,533,Germany,Services,3
2025-09-01,3212,1539,Germany,Software,2
2025-09-01,7532,2805,France,Services,5
2025-09-01,6440,2494,Germany,Software,9
2025-09-01,15694,5168,France,Hardware,13
2025-09-01,8611,861,Germany,Hardware,7
2025-09-01,4722,1494,United States,Training,1
2025-09-01,6793,1818,Japan,Hardware,12
2025-09-01,3395,1490,United Kingdom,Software,10
2025-09-01,24016,9103,Japan,Software,30
2025-09-01,4478,1259,Japan,Hardware,3
2025-09-01,2067,585,United States,Services,4
2025-09-01,1390,580,United States,Services,3
2025-09-01,2318,810,United States,Services,2
2025-09-01,4164,1531,France,Hardware,3
2025-09-01,10093,5710,United States,Software,11
2025-09-01,16668,3059,Japan,Training,20
2025-09-01,7482,1422,France,Hardware,1
2025-09-01,18286,3789,United States,Hardware,18
2025-09-01,6334,1875,Germany,Software,8
2025-09-01,487,181,United Kingdom,Training,3
2025-09-01,2034,435,France,Training,4
2025-09-01,4813,1763,United States,Software,5
2025-09-01,1194,321,United States,Training,2
2025-09-01,4925,1036,Spain,Hardware,8
2025-09-01,5522,667,Spain,Hardware,7
2025-09-01,3255,1064,United States,Software,4
2025-09-01,825,220,United States,Training,1
2025-09-01,2149,558,United Kingdom,Software,8
2025-09-01,3080,1239,United States,Software,3
2025-09-01,1062,264,United States,Training,6
2025-09-01,992,242,Spain,Training,1
2025-09-01,2638,736,United Kingdom,Training,4
2025-09-01,5297,2199,United States,Software,7
2025-09-01,13784,3990,France,Hardware,11
2025-09-01,7661,1563,France,Hardware,10
2025-09-01,751,308,United States,Training,1
2025-09-01,521,229,Japan,Training,1
2025-09-01,4938,1383,Germany,Training,7
2025-09-01,5616,1579,France,Software,1
2025-09-01,1599,186,United Kingdom,Training,3
2025-09-01,9417,2075,United States,Services,11
2025-09-01,3402,709,Japan,Services,6
2025-09-01,15060,1701,Japan,Hardware,15
2025-09-01,7286,601,United Kingdom,Hardware,9
2025-09-01,6624,2115,Spain,Hardware,9
2025-09-01,3393,985,France,Software,7
2025-09-01,2640,979,United States,Services,4
2025-09-01,8389,2614,United States,Hardware,2
2025-09-01,4244,1492,Spain,Software,1
2025-09-01,6246,2252,United States,Services,6
2025-09-01,8240,2370,Japan,Hardware,12
2025-09-01,3268,1136,United Kingdom,Services,7
2025-09-01,5158,1899,Japan,Services,4
2025-09-01,1865,579,United Kingdom,Services,1
2025-09-01,2996,874,United States,Services,4
2025-09-01,7998,1369,United States,Hardware,6
2025-09-01,2429,403,Germany,Services,3
2025-09-01,8404,1657,Germany,Hardware,8
2025-09-01,9526,1225,France,Hardware,15
2025-09-01,3400,1009,United States,Software,2
2025-09-01,11557,4807,Japan,Software,16
2025-09-01,1221,284,Germany,Software,1
2025-09-01,3250,1510,United Kingdom,Software,1
2025-09-01,625,205,United Kingdom,Training,5
2025-09-01,2216,586,United States,Services,5
2025-09-01,7209,2984,United States,Software,5
2025-09-01,3786,1356,United Kingdom,Services,1
2025-09-01,4689,731,United Kingdom,Hardware,2
2025-09-01,1191,442,Germany,Services,6
2025-09-01,4677,2301,United States,Software,3
2025-09-01,15261,7541,United States,Software,13
2025-09-01,4113,1242,Japan,Services,3
2025-09-01,14235,3813,France,Services,19
2025-09-01,3194,508,United Kingdom,Training,3
2025-09-01,11414,2498,Germany,Hardware,11
2025-09-01,2585,781,Spain,Services,3
2025-09-01,4908,685,United States,Hardware,3
2025-09-01,2647,795,Germany,Training,4
2025-09-01,14575,3165,United Kingdom,Hardware,12
2025-09-01,5639,1796,United States,Services,7
2025-09-01,6486,1189,United States,Hardware,15
2025-09-01,4700,2150,United States,Software,5
2025-09-01,1717,672,Germany,Services,3
2025-09-01,3797,1739,Germany,Software,5
2025-09-01,1851,500,France,Hardware,1
2025-09-01,3244,609,Germany,Services,3
2025-09-01,2036,496,United States,Software,4
2025-09-01,2039,805,France,Services,2
2025-09-01,3838,252,France,Hardware,1
2025-09-01,2085,313,France,Training,1
2025-09-01,3015,721,United States,Services,1
2025-09-01,1252,181,United States,Services,1
2025-09-01,1726,594,United States,Software,4
2025-09-01,3304,877,United States,Training,8
2025-09-01,3263,794,France,Training,7
2025-09-01,3403,1862,Japan,Software,2
2025-09-01,13770,3718,Germany,Hardware,12
2025-09-01,4592,1692,Spain,Software,6
2025-09-01,2533,740,United States,Services,2
2025-09-01,2121,1036,Germany,Services,1
2025-09-01,4274,1189,United Kingdom,Services,7
2025-09-01,3007,409,United States,Training,3
2025-09-01,4797,1437,Germany,Training,6
2025-09-01,1637,271,United States,Services,3
2025-09-01,1775,498,United States,Services,2
2025-09-01,7784,3372,United Kingdom,Software,7
2025-09-01,9782,2737,Germany,Hardware,13
2025-09-01,7097,1633,United States,Hardware,9
2025-09-01,5873,1739,Germany,Services,7
2025-09-01,2514,734,United Kingdom,Software,6
2025-09-01,1108,293,France,Training,2
2025-09-01,8542,1297,United States,Hardware,12
2025-09-01,7122,1516,United States,Hardware,8
2025-09-01,15025,3235,United States,Hardware,11
2025-09-01,21236,6498,Japan,Software,27
2025-09-01,1790,483,Japan,Training,1
2025-09-01,4661,1164,United States,Hardware,6
2025-09-01,5167,1076,United Kingdom,Hardware,4
2025-09-01,4323,638,Germany,Hardware,5
2025-09-01,5766,1453,United States,Hardware,3
2025-09-01,1739,392,United States,Hardware,1
2025-09-01,3878,1262,United States,Software,5
2025-09-01,11397,1733,Spain,Hardware,10
2025-09-01,7097,956,France,Hardware,5
2025-09-01,3066,1131,United Kingdom,Services,3
2025-09-01,3531,594,Germany,Training,10
2025-09-01,8306,1540,United States,Hardware,14
2025-09-01,5254,1523,United States,Hardware,7
2025-09-01,6586,1574,Germany,Services,4
2025-09-01,3644,1247,United States,Services,3
2025-09-01,13703,1441,United States,Hardware,16
2025-09-01,5554,2548,United Kingdom,Software,4
2025-09-01,5791,1418,Japan,Hardware,6
2025-09-01,3991,855,Spain,Training,11
2025-09-01,2057,557,Germany,Training,7
2025-09-01,1889,433,France,Training,2
2025-09-01,6353,3172,United States,Software,4
2025-09-01,3614,1140,Germany,Software,8
2025-09-01,2916,937,United Kingdom,Training,5
2025-09-01,2794,416,Japan,Training,3
2025-09-01,6242,1564,United Kingdom,Services,11
2025-09-01,2880,664,United States,Training,4
2025-09-01,3294,1530,United Kingdom,Software,7
2025-09-01,5515,1047,Germany,Hardware,6
2025-09-01,2500,614,Japan,Training,1
2025-09-01,8979,3369,Germany,Software,13
2025-09-01,3460,769,France,Training,7
2025-09-01,3280,1028,United States,Software,1
2025-09-01,6762,2002,United Kingdom,Training,10
2025-09-01,3883,1218,Japan,Hardware,
2025-09-01,12286,3366,Spain,Hardware,15
2025-09-01,1439,372,United States,Training,7
2025-09-01,4716,1827,France,Software,2
2025-09-01,14702,4478,United Kingdom,Hardware,13
2025-09-01,2430,917,Germany,Software,4
2025-09-01,4065,1616,United Kingdom,Training,4
2025-09-01,2286,699,United Kingdom,Training,5
2025-09-01,3216,596,France,Training,6
2025-09-01,3373,775,Spain,Hardware,1
2025-09-01,2665,851,United States,Software,1
2025-09-01,8011,2963,United States,Software,5
2025-09-01,13082,4147,United States,Software,16
2025-09-01,4178,1802,Germany,Software,1
2025-09-01,3917,1383,United States,Software,8
2025-09-01,6088,1391,United States,Training,7
2025-09-01,5133,1806,United States,Services,6
2025-09-01,3987,1328,France,Services,2
2025-09-01,7891,1110,Spain,Hardware,9
2025-09-01,4551,1878,United States,Services,6
2025-09-01,1233,491,United Kingdom,Training,1
2025-09-01,2305,1134,United States,Software,5
2025-09-01,2114,232,Germany,Training,4
2025-09-01,2640,548,Spain,Services,1
2025-09-01,4320,1086,Spain,Services,5
2025-09-01,3342,866,United Kingdom,Hardware,6
2025-09-01,1357,428,France,Training,1
2025-09-01,12040,1290,United States,Hardware,19
2025-09-01,4856,1837,United Kingdom,Software,10
2025-09-01,3980,1398,France,Software,4
2025-09-01,1584,462,United States,Training,
2025-09-01,6557,594,Spain,Hardware,8
2025-09-01,4263,1635,Spain,Software,3
2025-09-01,2989,887,United States,Services,3
2025-09-01,9133,2126,United States,Hardware,5
2025-09-01,2688,1324,Japan,Software,4
2025-09-01,7648,3454,United States,Software,6
2025-09-01,6078,2411,Germany,Software,7
2025-09-01,1342,429,Japan,Training,1
2025-09-01,1555,500,France,Services,1
2025-09-01,1401,485,United States,Training,2
2025-09-01,3056,994,Spain,Hardware,9
2025-09-01,7005,1581,United States,Hardware,8
2025-09-01,1597,423,Spain,Training,1
2025-09-01,2219,785,Spain,Services,6
2025-09-01,3554,1424,United Kingdom,Services,4
2025-09-01,5937,2038,United States,Services,7
2025-09-01,4891,1992,Japan,Software,6
2025-09-01,1952,663,United States,Services,1
2025-09-01,3874,1689,France,Software,4
2025-09-01,12034,2677,United Kingdom,Hardware,13
2025-09-01,835,261,France,Training,1
2025-09-01,4577,1444,United Kingdom,Services,4
2025-09-01,1984,196,Germany,Training,1
2025-09-01,830,219,Spain,Training,1
2025-09-01,902,443,Germany,Services,
2025-09-01,813,271,France,Services,5
2025-09-01,10507,1238,Germany,Hardware,13
2025-09-01,4379,1784,Spain,Software,6
2025-10-01,3586,699,Japan,Training,2
2025-10-01,3247,584,United Kingdom,Training,3
2025-10-01,5146,1201,France,Services,9
2025-10-01,2058,551,Japan,Training,1
2025-10-01,2511,845,France,Training,1
2025-10-01,2563,1013,France,Training,2
2025-10-01,4950,1285,Spain,Services,2
2025-10-01,2884,1023,Japan,Services,1
2025-10-01,2432,767,Spain,Services,1
2025-10-01,1393,295,United States,Training,1
2025-10-01,5144,1323,France,Hardware,1
2025-10-01,2049,472,Japan,Training,1
2025-10-01,4361,1173,Japan,Hardware,5
2025-10-01,1789,570,United States,Software,1
2025-10-01,2416,495,France,Training,
2025-10-01,3538,1487,France,Software,8
2025-10-01,8201,2671,Germany,Software,8
2025-10-01,7687,1820,Germany,Hardware,1
2025-10-01,1618,434,Spain,Training,6
2025-10-01,3771,1059,Japan,Services,4
2025-10-01,3182,682,United States,Services,5
2025-10-01,2423,243,France,Services,5
2025-10-01,4779,1363,United States,Hardware,7
2025-10-01,4498,1396,United Kingdom,Services,4
2025-10-01,12082,5051,France,Software,13
2025-10-01,9579,1476,Japan,Hardware,12
2025-10-01,10092,3927,United States,Software,16
2025-10-01,2472,742,Germany,Services,3
2025-10-01,3542,1231,Germany,Services,4
2025-10-01,1972,551,United States,Training,1
2025-10-01,3724,1565,United States,Software,9
2025-10-01,750,161,Spain,Training,1
2025-10-01,9036,3541,Germany,Software,10
2025-10-01,6313,1339,United States,Hardware,8
2025-10-01,1808,123,Japan,Hardware,4
2025-10-01,6336,1352,Germany,Hardware,8
2025-10-01,8067,2967,France,Software,5
2025-10-01,5203,2295,United States,Software,2
2025-10-01,2350,1092,United Kingdom,Software,8
2025-10-01,9112,3064,United States,Software,7
2025-10-01,3444,581,Germany,Hardware,8
2025-10-01,1443,630,Germany,Software,1
2025-10-01,3351,1457,United States,Software,5
2025-10-01,3216,586,Germany,Services,1
2025-10-01,2651,780,Spain,Services,8
2025-10-01,3706,1407,Germany,Software,8
2025-10-01,2446,448,United States,Training,3
2025-10-01,2184,312,United Kingdom,Hardware,2
2025-10-01,3631,1132,France,Software,2
2025-10-01,13622,2951,Japan,Hardware,
2025-10-01,821,167,United States,Training,2
2025-10-01,7884,2155,Germany,Hardware,5
2025-10-01,3823,996,United Kingdom,Services,3
2025-10-01,981,299,United States,Services,4
2025-10-01,2817,302,United States,Training,1
2025-10-01,5812,1143,United States,Hardware,3
2025-10-01,1759,434,Japan,Training,3
2025-10-01,5450,1140,United States,Hardware,8
2025-10-01,2435,851,France,Training,8
2025-10-01,9021,3655,Spain,Services,10
2025-10-01,2781,707,United States,Services,1
2025-10-01,7015,2740,Japan,Software,8
2025-10-01,1399,302,Spain,Training,1
2025-10-01,9683,2100,Spain,Services,13
2025-10-01,1132,295,Germany,Services,4
2025-10-01,3998,1144,Spain,Services,7
2025-10-01,3808,1555,Japan,Software,1
2025-10-01,6718,1816,United Kingdom,Software,5
2025-10-01,5955,1390,Germany,Hardware,1
2025-10-01,10821,1816,France,Hardware,10
2025-10-01,5796,1431,United States,Hardware,4
2025-10-01,7837,1712,Germany,Hardware,9
2025-10-01,2408,919,France,Software,4
2025-10-01,6236,2093,France,Hardware,1
2025-10-01,5609,2010,Spain,Services,8
2025-10-01,5404,1914,United States,Software,13
2025-10-01,9040,2301,Japan,Hardware,8
2025-10-01,2462,561,United Kingdom,Training,5
2025-10-01,5297,1785,United States,Training,8
2025-10-01,2949,685,Japan,Services,1
2025-10-01,2079,558,Germany,Services,3
2025-10-01,951,172,United Kingdom,Training,2
2025-10-01,7351,2636,Japan,Services,6
2025-10-01,2481,455,Japan,Training,4
2025-10-01,7613,2317,Germany,Services,8
2025-10-01,5485,3223,Spain,Software,6
2025-10-01,4126,1701,United States,Software,7
2025-10-01,3152,882,Germany,Services,1
2025-10-01,13143,3055,United Kingdom,Hardware,13
2025-10-01,2463,384,United Kingdom,Hardware,1
2025-10-01,4920,1416,United Kingdom,Hardware,9
2025-10-01,7550,2214,United States,Software,9
2025-10-01,2274,406,United States,Services,5
2025-10-01,2108,178,United States,Hardware,3
2025-10-01,11624,1851,France,Hardware,19
2025-10-01,3319,871,Japan,Services,6
2025-10-01,7118,2318,United States,Hardware,13
2025-10-01,1887,714,France,Training,1
2025-10-01,1661,597,Germany,Services,6
2025-10-01,4721,1243,Germany,Hardware,6
2025-10-01,3263,871,Japan,Training,4
2025-10-01,1274,243,United Kingdom,Training,2
2025-10-01,2225,520,France,Services,3
2025-10-01,6084,1049,United States,Hardware,7
2025-10-01,4261,967,United Kingdom,Hardware,7
2025-10-01,3147,815,Germany,Services,4
2025-10-01,2026,633,Japan,Training,3
2025-10-01,2921,509,France,Training,1
2025-10-01,5619,2073,Germany,Training,7
2025-10-01,7807,2217,Germany,Services,4
2025-10-01,2521,815,France,Training,5
2025-10-01,4015,519,Japan,Hardware,1
2025-10-01,4855,2155,Spain,Software,5
2025-10-01,4010,1165,Germany,Services,9
2025-10-01,7238,3451,United States,Software,10
2025-10-01,5015,1457,Spain,Services,6
2025-10-01,5196,1707,Japan,Software,11
2025-10-01,3733,1102,United States,Software,6
2025-10-01,6156,1864,United States,Hardware,10
2025-10-01,1265,260,United States,Training,4
2025-10-01,11729,2759,Japan,Hardware,16
2025-10-01,1931,415,United States,Training,1
2025-10-01,6480,1370,France,Services,9
2025-10-01,2408,512,United Kingdom,Services,1
2025-10-01,1940,531,Germany,Services,1
2025-10-01,897,345,Spain,Training,1
2025-10-01,5079,2388,United States,Software,1
2025-10-01,2737,723,United Kingdom,Training,2
2025-10-01,8398,2776,United States,Hardware,12
2025-10-01,2664,892,Germany,Services,8
2025-10-01,1951,486,France,Training,1
2025-10-01,4162,1227,United States,Services,3
2025-10-01,2960,1074,United Kingdom,Services,1
2025-10-01,2453,640,United States,Hardware,6
2025-10-01,1666,297,France,Hardware,1
2025-10-01,7515,2670,United Kingdom,Software,9
2025-10-01,3669,1495,United States,Hardware,2
2025-10-01,3135,671,France,Services,1
2025-10-01,1785,500,United States,Training,4
2025-10-01,16195,3211,United States,Hardware,15
2025-10-01,3720,1469,United States,Services,5
2025-10-01,7294,1450,United States,Hardware,11
2025-10-01,22628,5871,Japan,Hardware,26
2025-10-01,2535,784,United States,Training,2
2025-10-01,522,193,Japan,Training,1
2025-10-01,1067,182,United States,Training,1
2025-10-01,1477,418,Japan,Training,1
2025-10-01,1771,280,Japan,Hardware,1
2025-10-01,3100,923,United States,Training,1
2025-10-01,6007,1898,Spain,Services,8
2025-10-01,2936,373,Japan,Hardware,1
2025-10-01,1029,233,United States,Hardware,1
2025-10-01,3233,434,United Kingdom,Training,6
2025-10-01,2531,852,Germany,Services,1
2025-10-01,4995,1323,United States,Software,6
2025-10-01,10532,3304,Japan,Hardware,13
2025-10-01,2796,1384,United States,Software,4
2025-10-01,2221,689,France,Training,8
2025-10-01,11343,3467,France,Hardware,17
2025-10-01,6210,2178,France,Software,9
2025-10-01,4665,1470,Japan,Software,4
2025-10-01,3324,999,United States,Services,1
2025-10-01,3134,1073,United Kingdom,Training,2
2025-10-01,1365,317,Spain,Training,4
2025-10-01,3779,742,France,Training,6
2025-10-01,2208,995,United States,Software,1
2025-10-01,2634,701,United States,Services,3
2025-10-01,4826,1283,United States,Hardware,7
2025-10-01,2188,578,Germany,Hardware,4
2025-10-01,823,262,Japan,Training,5
2025-10-01,4359,1966,Germany,Services,4
2025-10-01,2458,1301,Germany,Software,1
2025-10-01,3009,1009,United Kingdom,Training,1
2025-10-01,5648,1343,Germany,Services,
2025-10-01,6742,1214,United Kingdom,Hardware,8
2025-10-01,3561,864,France,Training,1
2025-10-01,3023,536,Japan,Training,7
2025-10-01,3418,443,France,Training,8
2025-10-01,1328,210,France,Hardware,1
2025-10-01,2573,436,Japan,Training,3
2025-10-01,4444,1207,France,Hardware,4
2025-10-01,894,372,Germany,Services,1
2025-10-01,4881,1243,Spain,Services,8
2025-10-01,7486,1571,United States,Hardware,12
2025-10-01,3639,877,Germany,Services,1
2025-10-01,1682,504,France,Software,2
2025-10-01,2479,105,United Kingdom,Hardware,4
2025-10-01,4011,1112,Spain,Services,5
2025-10-01,6208,1729,United States,Services,11
2025-10-01,3018,1565,United States,Software,11
2025-10-01,3850,1619,France,Software,1
2025-10-01,6750,2119,Spain,Hardware,12
2025-10-01,2071,483,Spain,Training,1
2025-10-01,2144,773,Japan,Training,
2025-10-01,2885,1052,Spain,Hardware,6
2025-10-01,9209,2063,Germany,Hardware,7
2025-10-01,6888,2922,United States,Services,6
2025-10-01,3210,777,United Kingdom,Services,4
2025-10-01,1939,241,United Kingdom,Training,1
2025-10-01,3361,1569,Germany,Software,6
2025-10-01,6312,1871,Japan,Software,5
2025-10-01,2672,322,Spain,Training,6
2025-10-01,10576,3847,France,Software,13
2025-10-01,8488,4223,Japan,Software,10
2025-10-01,1093,257,United Kingdom,Training,1
2025-10-01,1430,319,Japan,Training,1
2025-10-01,10955,1800,Japan,Hardware,12
2025-10-01,2004,387,United States,Training,3
2025-10-01,1368,367,Spain,Services,7
2025-10-01,994,223,Germany,Training,3
2025-10-01,4976,638,France,Hardware,
2025-10-01,3539,873,United Kingdom,Hardware,5
2025-10-01,4267,1336,United Kingdom,Training,3
2025-10-01,2972,795,Germany,Training,1
2025-10-01,2117,396,United States,Services,3
2025-10-01,3860,1416,United States,Software,4
2025-10-01,1037,253,Germany,Software,5
2025-10-01,2740,1313,France,Software,9
2025-10-01,2887,1281,United States,Software,1
2025-10-01,4497,1909,United States,Services,6
2025-10-01,3244,711,Japan,Hardware,10
2025-10-01,2163,666,Germany,Services,1
2025-10-01,4284,1106,France,Software,1
2025-10-01,4191,1210,Spain,Hardware,7
2025-10-01,5458,942,Spain,Hardware,3
2025-10-01,527,118,Spain,Training,3
2025-10-01,3132,1003,United States,Services,1
2025-10-01,3011,504,Germany,Hardware,1
2025-10-01,2103,614,United Kingdom,Training,7
2025-10-01,5623,2216,United Kingdom,Software,10
2025-10-01,4950,1703,France,Software,7
2025-10-01,4996,1273,France,Training,4
2025-10-01,3734,733,Germany,Training,6
2025-10-01,1118,183,France,Training,1
2025-10-01,4181,1229,United States,Services,2
2025-10-01,1756,384,Germany,Training,5
2025-10-01,1238,384,United Kingdom,Training,1
2025-10-01,1551,442,Spain,Services,4
2025-10-01,4017,1851,Spain,Software,9
2025-10-01,4212,777,United States,Training,8
2025-10-01,2737,644,Germany,Training,1
2025-10-01,7119,1517,Spain,Services,6
2025-10-01,11765,2705,Spain,Hardware,13
2025-10-01,7838,1925,Germany,Hardware,7
2025-10-01,3834,626,United Kingdom,Training,2
2025-10-01,3909,884,France,Services,5
2025-10-01,6959,1884,Japan,Hardware,7
2025-10-01,4485,1636,Spain,Services,5
2025-10-01,5159,1298,United States,Services,6
2025-10-01,6580,2095,United States,Training,6
2025-10-01,2726,1059,France,Services,3
2025-10-01,5057,851,Japan,Services,2
2025-10-01,574,116,United States,Training,4
2025-10-01,4080,1548,Germany,Software,3
2025-10-01,647,194,France,Training,1
2025-10-01,2978,1024,Germany,Software,2
2025-10-01,1704,468,Japan,Services,2
2025-10-01,6231,1753,United States,Services,10
2025-10-01,3458,510,France,Hardware,5
2025-10-01,5173,1384,France,Hardware,8
2025-10-01,2218,222,United States,Training,2
2025-10-01,2524,577,France,Hardware,5
2025-10-01,2077,830,France,Training,2
2025-10-01,1052,392,Germany,Training,5
2025-10-01,1305,491,United States,Services,1
2025-10-01,7340,1648,United Kingdom,Hardware,7
2025-10-01,1546,499,Spain,Services,3
2025-10-01,9119,3207,Japan,Software,10
2025-10-01,5470,873,Spain,Hardware,3
2025-10-01,4540,1943,Japan,Software,5
2025-10-01,2857,1143,United States,Software,3
2025-10-01,7794,1838,Japan,Services,8
2025-10-01,4997,827,Germany,Hardware,1
2025-10-01,7762,4473,United Kingdom,Software,4
2025-10-01,4924,1222,Japan,Hardware,6
2025-10-01,8726,1758,United States,Hardware,8
2025-10-01,11039,3770,Spain,Software,11
2025-10-01,5415,2029,Germany,Training,8
2025-10-01,4091,1057,Japan,Services,1
2025-10-01,7819,1151,Japan,Hardware,11
2025-10-01,1188,412,Germany,Services,1
2025-10-01,3564,1033,Spain,Training,1
2025-10-01,1853,412,Germany,Services,7
2025-10-01,4673,1215,Spain,Services,8
2025-10-01,3505,1035,Spain,Services,8
2025-10-01,4056,1763,Germany,Hardware,1
2025-10-01,9754,2534,Germany,Services,9
2025-10-01,4015,1563,Germany,Hardware,1
2025-10-01,2695,453,France,Training,3
2025-10-01,3131,846,United Kingdom,Training,1
2025-10-01,3638,1183,Japan,Services,1
2025-10-01,1992,410,United Kingdom,Training,4
2025-10-01,4217,1376,Japan,Services,6
2025-10-01,656,191,United States,Training,1
2025-10-01,1840,689,United States,Software,1
2025-10-01,5822,969,United States,Hardware,8
2025-10-01,4055,1532,Spain,Services,8
2025-10-01,11357,5758,Spain,Software,9
2025-10-01,10468,4440,United States,Services,14
2025-10-01,2063,774,France,Training,1
2025-10-01,2495,593,Spain,Training,1
2025-10-01,4840,1097,United States,Hardware,7
2025-10-01,5718,1958,France,Hardware,5
2025-10-01,1805,694,United States,Services,2
2025-10-01,5417,1056,Japan,Software,7
2025-10-01,2811,994,Japan,Software,7
2025-10-01,3002,650,United States,Training,8
2025-10-01,5873,1181,Germany,Services,14
2025-10-01,4143,1800,Germany,Software,5
2025-10-01,3210,259,Germany,Training,2
2025-10-01,852,245,Spain,Training,5
2025-10-01,2343,836,Spain,Training,6
2025-10-01,6713,1880,Germany,Hardware,3
2025-10-01,1471,576,United States,Services,5
2025-10-01,14010,3548,United Kingdom,Services,18
2025-10-01,7313,683,United States,Hardware,9
2025-10-01,2209,812,Germany,Software,2
2025-10-01,6241,2208,United States,Software,11
2025-10-01,10157,2239,Spain,Services,8
2025-10-01,2055,453,United States,Training,1
2025-10-01,4052,787,United States,Software,7
2025-10-01,3551,1217,United States,Services,3
2025-10-01,2760,1139,United States,Services,2
2025-10-01,8082,2837,Japan,Software,12
2025-10-01,884,45,United States,Training,7
2025-10-01,7837,2016,Germany,Hardware,8
2025-10-01,9337,4150,France,Software,13
2025-10-01,4570,627,Japan,Training,6
2025-10-01,4266,1439,United States,Services,10
2025-10-01,2980,923,Spain,Services,1
2025-10-01,13596,3414,United Kingdom,Hardware,15
2025-10-01,2051,659,Spain,Services,1
2025-10-01,4741,1031,France,Hardware,7
2025-10-01,2164,564,Japan,Training,2
2025-10-01,6042,2475,Spain,Software,6
2025-10-01,5380,1607,Spain,Services,7
2025-10-01,7019,2862,France,Software,6
2025-10-01,1166,218,Germany,Training,3
2025-10-01,5439,1801,France,Services,11
2025-10-01,6353,1619,United States,Hardware,4
2025-10-01,5101,1485,Spain,Services,5
2025-10-01,4915,1200,Japan,Hardware,6
2025-10-01,4458,1244,Germany,Hardware,13
2025-10-01,3144,707,United States,Hardware,4
2025-10-01,9384,2580,United Kingdom,Hardware,5
2025-10-01,3371,842,Spain,Hardware,1
2025-10-01,877,295,Germany,Training,2
2025-10-01,3520,1698,Germany,Software,5
2025-10-01,3760,1456,Japan,Software,6
2025-10-01,6187,981,Japan,Training,8
2025-10-01,2343,740,Germany,Training,1
2025-10-01,3974,1600,Spain,Services,3
2025-10-01,1802,276,Japan,Training,2
2025-10-01,3030,676,Spain,Training,2
2025-10-01,3283,936,Germany,Training,8
2025-10-01,2035,657,Japan,Services,4
2025-10-01,1574,469,Japan,Training,1
2025-10-01,1729,367,Germany,Training,1
2025-10-01,5555,1725,United States,Services,7
2025-10-01,8351,3163,Germany,Software,5
2025-10-01,2719,490,United States,Services,5
2025-10-01,9769,2643,Japan,Hardware,11
2025-10-01,9203,3103,Spain,Services,14
2025-10-01,9103,2562,Spain,Services,8
2025-10-01,438,98,France,Training,1
2025-10-01,3333,1441,United States,Software,1
2025-10-01,7371,1968,United States,Services,6
2025-10-01,478,105,Japan,Training,1
2025-10-01,13796,2662,United States,Hardware,21
2025-10-01,5128,1508,United States,Software,6
2025-10-01,5306,1240,France,Hardware,8
2025-10-01,1150,366,Japan,Training,1
2025-10-01,2104,354,United States,Training,8
2025-10-01,3620,976,Spain,Software,5
2025-10-01,2686,1011,France,Training,6
2025-10-01,17674,4022,Spain,Hardware,24
2025-10-01,2670,582,Japan,Hardware,7
2025-10-01,9949,1493,United Kingdom,Hardware,
2025-10-01,5613,1915,United Kingdom,Hardware,8
2025-10-01,3532,1073,Spain,Hardware,3
2025-10-01,2594,659,Spain,Services,3
2025-10-01,3032,1117,United States,Services,1
2025-10-01,9032,1956,United States,Services,11
2025-10-01,2760,727,United States,Training,7
2025-10-01,5307,1568,United Kingdom,Software,6
2025-10-01,7911,1729,France,Services,3
2025-10-01,3886,642,France,Hardware,2
2025-10-01,1275,391,Germany,Services,1
2025-10-01,16151,2266,United States,Hardware,16
2025-10-01,7834,3476,United States,Software,8
2025-10-01,4781,1283,United Kingdom,Hardware,7
2025-10-01,5145,2048,Japan,Software,7
2025-10-01,1670,511,Spain,Services,2
2025-10-01,9492,3377,United States,Software,8
2025-10-01,1110,248,Japan,Hardware,1
2025-10-01,2422,370,United Kingdom,Services,5
2025-10-01,4964,928,Japan,Training,4
2025-10-01,4010,1073,United States,Services,4
2025-10-01,652,178,France,Training,1
2025-10-01,7991,3454,United States,Software,10
2025-11-01,4429,1247,Germany,Training,1
2025-11-01,2722,547,United Kingdom,Hardware,1
2025-11-01,1332,254,Germany,Training,6
2025-11-01,3360,960,France,Services,1
2025-11-01,1428,644,France,Services,3
2025-11-01,2219,621,United Kingdom,Training,1
2025-11-01,6479,2087,United Kingdom,Services,8
2025-11-01,2977,1021,United States,Software,8
2025-11-01,1095,311,France,Training,3
2025-11-01,1144,172,United States,Training,1
2025-11-01,3826,338,France,Hardware,11
2025-11-01,1803,418,Germany,Training,1
2025-11-01,7261,1885,United States,Services,8
2025-11-01,4836,1057,United States,Hardware,5
2025-11-01,3694,1267,Japan,Software,5
2025-11-01,2162,828,Germany,Services,1
2025-11-01,2438,692,Germany,Services,5
2025-11-01,6902,877,Japan,Services,5
2025-11-01,8293,1561,Germany,Training,11
2025-11-01,4455,1472,Japan,Services,1
2025-11-01,4229,1482,Germany,Hardware,8
2025-11-01,3590,1173,France,Software,6
2025-11-01,12002,3664,United Kingdom,Software,15
2025-11-01,3551,1268,Japan,Services,5
2025-11-01,2740,619,France,Hardware,4
2025-11-01,7804,2624,United States,Software,2
2025-11-01,6689,998,France,Hardware,6
2025-11-01,6246,1023,Spain,Hardware,7
2025-11-01,3120,816,France,Training,10
2025-11-01,5679,1170,Japan,Hardware,4
2025-11-01,1414,354,Japan,Training,1
2025-11-01,2299,559,United States,Training,1
2025-11-01,983,207,Japan,Training,1
2025-11-01,3071,697,France,Training,2
2025-11-01,3922,1217,Germany,Hardware,4
2025-11-01,2231,637,United States,Services,4
2025-11-01,7123,2642,United States,Software,8
2025-11-01,1562,538,France,Training,2
2025-11-01,8689,3417,United States,Software,7
2025-11-01,2202,1053,Spain,Software,7
2025-11-01,4874,1586,United States,Training,6
2025-11-01,1880,607,United States,Training,1
2025-11-01,3993,1060,France,Hardware,1
2025-11-01,3036,841,Germany,Training,1
2025-11-01,2621,849,France,Hardware,5
2025-11-01,2350,603,Spain,Training,7
2025-11-01,3364,1137,Germany,Software,5
2025-11-01,14622,2159,United States,Hardware,17
2025-11-01,4021,557,Germany,Hardware,3
2025-11-01,9050,1668,Spain,Hardware,8
2025-11-01,2254,716,Japan,Services,4
2025-11-01,3819,1164,Japan,Training,4
2025-11-01,7409,1696,France,Hardware,10
2025-11-01,8596,2226,United Kingdom,Hardware,10
2025-11-01,2345,769,France,Services,1
2025-11-01,3446,1190,Japan,Services,1
2025-11-01,1386,539,Germany,Training,1
2025-11-01,6852,2117,United Kingdom,Hardware,5
2025-11-01,2177,346,United States,Hardware,3
2025-11-01,3553,923,Japan,Hardware,4
2025-11-01,3521,1556,United States,Software,6
2025-11-01,3506,988,Germany,Hardware,5
2025-11-01,2729,630,France,Training,5
2025-11-01,7203,2235,United Kingdom,Hardware,5
2025-11-01,2958,823,Spain,Hardware,1
2025-11-01,2144,806,France,Training,1
2025-11-01,10286,2079,United States,Hardware,10
2025-11-01,4202,1526,United States,Software,3
2025-11-01,6810,2988,Germany,Services,6
2025-11-01,14125,3849,France,Hardware,21
2025-11-01,2577,951,United States,Software,8
2025-11-01,5421,1689,Spain,Services,7
2025-11-01,4098,403,Japan,Hardware,4
2025-11-01,1421,528,Spain,Software,1
2025-11-01,2777,499,Japan,Hardware,5
2025-11-01,6337,1304,Japan,Hardware,10
2025-11-01,877,276,United States,Training,1
2025-11-01,2204,697,United States,Software,1
2025-11-01,12160,3741,Japan,Software,12
2025-11-01,2652,650,Japan,Services,5
2025-11-01,3498,792,Spain,Training,1
2025-11-01,10567,3095,Spain,Hardware,9
2025-11-01,1808,600,Spain,Software,2
2025-11-01,6161,1988,Germany,Training,8
2025-11-01,2457,841,Spain,Services,1
2025-11-01,1409,489,Japan,Training,2
2025-11-01,3366,1381,Germany,Software,1
2025-11-01,686,83,United Kingdom,Training,1
2025-11-01,3561,1157,United States,Software,1
2025-11-01,6290,2374,United States,Hardware,1
2025-11-01,3971,1739,Germany,Software,1
2025-11-01,1684,195,France,Training,2
2025-11-01,3711,752,France,Training,2
2025-11-01,1214,246,United Kingdom,Training,1
2025-11-01,2175,945,Spain,Software,1
2025-11-01,14702,4057,Germany,Software,14
2025-11-01,3240,1083,Germany,Software,6
2025-11-01,2269,396,Japan,Training,2
2025-11-01,1219,417,France,Training,1
2025-11-01,3829,897,Germany,Services,4
2025-11-01,3613,896,France,Hardware,4
2025-11-01,2540,955,Spain,Services,7
2025-11-01,1286,457,United States,Training,2
2025-11-01,4058,1505,France,Software,1
2025-11-01,1046,407,United States,Services,2
2025-11-01,1140,373,France,Training,4
2025-11-01,2703,792,Japan,Software,4
2025-11-01,1135,360,United States,Software,1
2025-11-01,8370,1476,Japan,Services,11
2025-11-01,3013,952,United States,Services,2
2025-11-01,4745,1660,United States,Software,4
2025-11-01,2744,378,United Kingdom,Hardware,8
2025-11-01,2014,1007,United Kingdom,Software,3
2025-11-01,2814,490,Spain,Services,6
2025-11-01,4566,1169,United States,Hardware,
2025-11-01,2253,682,France,Services,1
2025-11-01,2325,711,Spain,Services,1
2025-11-01,1401,341,Japan,Training,5
2025-11-01,5551,820,United Kingdom,Hardware,3
2025-11-01,9377,2369,Spain,Software,16
2025-11-01,2897,239,France,Hardware,3
2025-11-01,16622,4154,Germany,Hardware,16
2025-11-01,1478,331,Spain,Training,3
2025-11-01,3061,905,United Kingdom,Software,6
2025-11-01,1406,386,Spain,Services,1
2025-11-01,4835,1236,United Kingdom,Services,1
2025-11-01,9592,3862,United States,Software,11
2025-11-01,4498,1387,Japan,Hardware,7
2025-11-01,8860,1469,Japan,Hardware,7
2025-11-01,9999,2174,Germany,Hardware,17
2025-11-01,2270,603,United Kingdom,Services,1
2025-11-01,9792,2456,Japan,Software,7
2025-11-01,3348,740,Germany,Services,1
2025-11-01,6874,1723,France,Hardware,4
2025-11-01,6276,1263,Japan,Hardware,11
2025-11-01,3939,868,United States,Hardware,2
2025-11-01,5098,1070,Germany,Training,4
2025-11-01,3342,923,Germany,Hardware,7
2025-11-01,3133,688,Germany,Services,6
2025-11-01,2039,688,Spain,Software,1
2025-11-01,5648,1613,Japan,Services,11
2025-11-01,2095,790,United Kingdom,Services,5
2025-11-01,6203,1447,United States,Hardware,10
2025-11-01,6409,2575,France,Software,9
2025-11-01,1010,379,United States,Software,1
2025-11-01,2496,503,Germany,Hardware,3
2025-11-01,6360,1834,Germany,Services,3
2025-11-01,9398,1853,Spain,Training,12
2025-11-01,1872,671,United States,Training,3
2025-11-01,30418,6123,Germany,Hardware,35
2025-11-01,1136,235,Japan,Training,2
2025-11-01,4587,2042,Japan,Software,1
2025-11-01,4299,1785,Spain,Software,8
2025-11-01,12542,5977,France,Software,13
2025-11-01,1963,817,Germany,Training,1
2025-11-01,648,251,Spain,Software,1
2025-11-01,3178,1243,Spain,Software,5
2025-11-01,2689,913,United States,Training,1
2025-11-01,1195,174,United States,Training,1
2025-11-01,1182,246,Germany,Training,3
2025-11-01,3662,950,United States,Hardware,1
2025-11-01,2192,798,United States,Software,4
2025-11-01,10140,2041,Japan,Hardware,12
2025-11-01,3710,900,Spain,Services,8
2025-11-01,606,157,Japan,Training,1
2025-11-01,1692,698,Spain,Services,1
2025-11-01,3965,525,United States,Training,4
2025-11-01,1517,520,United Kingdom,Software,1
2025-11-01,1287,422,United States,Software,1
2025-11-01,7995,2736,Germany,Software,12
2025-11-01,2012,816,Japan,Software,1
2025-11-01,3368,896,United States,Hardware,1
2025-11-01,3655,1152,United Kingdom,Services,11
2025-11-01,5138,2497,Japan,Software,4
2025-11-01,2121,650,United Kingdom,Software,1
2025-11-01,1801,490,United States,Training,1
2025-11-01,1350,411,Germany,Training,2
2025-11-01,5307,2093,France,Software,7
2025-11-01,3753,1165,Japan,Hardware,6
2025-11-01,2848,1070,United States,Services,4
2025-11-01,6008,1843,United States,Software,11
2025-11-01,5043,1490,France,Hardware,7
2025-11-01,3657,679,Japan,Training,5
2025-11-01,1829,519,United States,Training,1
2025-11-01,5297,2046,United Kingdom,Software,5
2025-11-01,2154,542,United States,Services,7
2025-11-01,10865,2646,France,Hardware,10
2025-11-01,5040,772,France,Hardware,1
2025-11-01,3931,761,United States,Hardware,7
2025-11-01,1955,669,France,Services,4
2025-11-01,7363,2067,Germany,Software,10
2025-11-01,1265,243,United States,Training,3
2025-11-01,1444,340,United States,Training,1
2025-11-01,7659,2103,Germany,Services,6
2025-11-01,3697,576,Japan,Training,5
2025-11-01,16207,8174,France,Software,24
2025-11-01,5050,706,United Kingdom,Hardware,1
2025-11-01,2521,1063,Japan,Services,2
2025-11-01,1453,302,United States,Training,1
2025-11-01,5830,1653,United Kingdom,Hardware,8
2025-11-01,1104,375,United States,Training,1
2025-11-01,1837,542,United States,Training,2
2025-11-01,2566,1021,Japan,Software,1
2025-11-01,5100,1403,United States,Hardware,2
2025-11-01,2365,709,France,Training,1
2025-11-01,5408,674,Spain,Hardware,7
2025-11-01,807,340,France,Software,4
2025-11-01,2103,476,France,Hardware,1
2025-11-01,4361,1351,United States,Services,3
2025-11-01,1039,276,United States,Training,6
2025-11-01,2984,1062,Spain,Software,1
2025-11-01,2152,829,Japan,Services,5
2025-11-01,1532,614,United States,Services,5
2025-11-01,4176,923,Spain,Hardware,8
2025-11-01,4517,1416,United States,Hardware,7
2025-11-01,3200,999,Spain,Training,3
2025-11-01,3929,1053,Japan,Services,5
2025-11-01,4805,1379,United Kingdom,Services,3
2025-11-01,6733,1326,Germany,Hardware,9
2025-11-01,3177,605,United Kingdom,Services,3
2025-11-01,2891,757,United States,Hardware,1
2025-11-01,2134,737,United States,Software,4
2025-11-01,11051,4642,United States,Software,15
2025-11-01,429,104,United Kingdom,Training,1
2025-11-01,3125,910,Japan,Training,1
2025-11-01,4532,1118,Germany,Services,5
2025-11-01,1057,351,United States,Training,2
2025-11-01,4149,756,United States,Hardware,4
2025-11-01,1526,428,Germany,Training,5
2025-11-01,3925,1047,Japan,Services,4
2025-11-01,4205,908,Japan,Hardware,13
2025-11-01,2538,66,Spain,Hardware,1
2025-11-01,15005,4592,Japan,Software,17
2025-11-01,15326,5567,United Kingdom,Services,19
2025-11-01,3353,637,Spain,Hardware,2
2025-11-01,1490,319,Spain,Services,1
2025-11-01,2083,499,United Kingdom,Training,1
2025-11-01,3957,932,Japan,Services,9
2025-11-01,4261,937,Japan,Services,6
2025-11-01,6015,2733,Germany,Software,3
2025-11-01,3140,899,Japan,Training,5
2025-11-01,2746,1174,United Kingdom,Software,5
2025-11-01,7696,2283,United Kingdom,Services,9
2025-11-01,1859,447,Germany,Services,5
2025-11-01,4715,1376,United Kingdom,Services,3
2025-11-01,3393,1292,Spain,Services,3
2025-11-01,1812,544,United States,Training,6
2025-11-01,3224,1388,United States,Software,6
2025-11-01,2982,1136,Spain,Software,2
2025-11-01,1164,309,Spain,Services,1
2025-11-01,8394,3294,Japan,Software,10
2025-11-01,1679,848,France,Software,3
2025-11-01,7354,3450,United States,Software,3
2025-11-01,1477,349,United States,Training,4
2025-11-01,3618,839,Japan,Training,1
2025-11-01,6568,1720,Spain,Hardware,11
2025-11-01,5403,2010,United States,Software,8
2025-11-01,4181,1390,Spain,Services,6
2025-11-01,963,290,Japan,Training,1
2025-11-01,9269,2575,United Kingdom,Hardware,11
2025-11-01,1846,692,Japan,Services,3
2025-11-01,3276,826,Germany,Services,8
2025-11-01,3315,895,United Kingdom,Services,6
2025-11-01,2826,1028,Germany,Software,2
2025-11-01,1506,633,Germany,Services,3
2025-11-01,4559,2128,Spain,Services,7
2025-11-01,5211,708,Germany,Hardware,1
2025-11-01,6268,2345,United States,Services,6
2025-11-01,2437,808,France,Training,1
2025-11-01,2632,865,Germany,Services,3
2025-11-01,1807,191,Japan,Training,5
2025-11-01,2739,757,Spain,Training,6
2025-11-01,5589,1895,United States,Software,3
2025-11-01,9282,4224,Japan,Software,11
2025-11-01,3365,1023,France,Software,4
2025-11-01,2626,428,France,Training,8
2025-11-01,4130,1260,United Kingdom,Software,1
2025-11-01,1201,421,France,Services,6
2025-11-01,9512,1267,United States,Hardware,11
2025-11-01,1005,511,Spain,Software,1
2025-11-01,4351,1611,Spain,Software,1
2025-11-01,1899,644,Spain,Training,3
2025-11-01,4508,419,United States,Services,8
2025-11-01,10682,3925,Spain,Hardware,12
2025-11-01,1805,574,Germany,Training,3
2025-11-01,11295,3365,France,Services,15
2025-11-01,2382,843,Germany,Software,3
2025-11-01,4534,1657,France,Software,1
2025-11-01,7543,3218,United States,Software,12
2025-11-01,1564,715,Spain,Software,2
2025-11-01,1226,295,United States,Software,5
2025-11-01,3903,1409,Germany,Services,4
2025-11-01,10455,2564,Japan,Hardware,9
2025-11-01,2929,600,Germany,Training,6
2025-11-01,2945,785,Germany,Services,3
2025-11-01,4625,1121,Spain,Services,6
2025-11-01,1562,311,United States,Training,1
2025-11-01,1430,425,France,Training,4
2025-11-01,4253,630,France,Hardware,3
2025-11-01,2852,1073,United States,Training,5
2025-11-01,1459,513,Germany,Training,4
2025-11-01,7143,2467,Japan,Software,5
2025-11-01,3151,1067,France,Services,5
2025-11-01,1770,305,Germany,Services,1
2025-11-01,2046,763,Spain,Software,1
2025-11-01,1078,252,Germany,Training,1
2025-11-01,7110,1784,Spain,Services,9
2025-11-01,2171,1017,France,Software,1
2025-11-01,4844,656,Japan,Hardware,7
2025-11-01,4446,2238,Germany,Software,1
2025-11-01,5965,1560,Germany,Services,6
2025-11-01,10150,3294,Spain,Hardware,14
2025-11-01,2888,1108,United Kingdom,Services,7
2025-11-01,20859,4418,Spain,Hardware,20
2025-11-01,2741,1009,Japan,Services,4
2025-11-01,2771,979,United States,Software,8
2025-11-01,2146,358,Germany,Hardware,8
2025-11-01,28439,10087,Japan,Hardware,34
2025-11-01,1598,757,United States,Services,2
2025-11-01,9722,4290,Spain,Software,7
2025-11-01,2398,800,Spain,Training,5
2025-11-01,7853,2587,Germany,Software,6
2025-11-01,1493,465,United States,Training,1
2025-11-01,1708,514,United States,Training,1
2025-11-01,4352,1503,Japan,Software,1
2025-11-01,3557,998,Germany,Hardware,1
2025-11-01,3048,1095,Germany,Training,3
2025-11-01,5603,1858,United States,Services,12
2025-11-01,6624,1884,Japan,Hardware,7
2025-11-01,1715,599,Spain,Services,3
2025-11-01,4158,990,Japan,Hardware,5
2025-11-01,3383,923,Germany,Services,1
2025-11-01,3254,1270,United States,Software,5
2025-11-01,2148,700,Japan,Training,7
2025-11-01,5095,1906,United States,Hardware,2
2025-11-01,1484,516,France,Services,1
2025-11-01,3696,963,Germany,Services,3
2025-11-01,18216,4835,Germany,Hardware,28
2025-11-01,2531,508,Spain,Training,4
2025-11-01,5080,974,France,Hardware,9
2025-11-01,2281,523,Germany,Training,1
2025-11-01,4134,1535,Japan,Training,3
2025-11-01,2757,880,Japan,Software,3
2025-11-01,7042,1901,United States,Services,5
2025-11-01,1406,584,Germany,Training,3
2025-11-01,5578,2022,United Kingdom,Software,8
2025-11-01,3554,920,Spain,Services,3
2025-11-01,2211,537,Germany,Services,1
2025-11-01,2400,973,Germany,Software,3
2025-11-01,3570,1409,Germany,Software,7
2025-11-01,2963,435,France,Hardware,11
2025-11-01,2187,736,United States,Services,4
2025-11-01,3370,1212,Germany,Services,14
2025-11-01,4346,1274,France,Training,7
2025-11-01,3902,1627,Germany,Services,2
2025-11-01,1839,657,France,Services,6
2025-11-01,2475,785,Spain,Services,1
2025-11-01,1160,391,Japan,Training,6
2025-11-01,3677,1236,Germany,Software,9
2025-11-01,3696,1284,France,Software,1
2025-11-01,2710,1175,Spain,Software,1
2025-11-01,10116,2133,United States,Hardware,8
2025-11-01,1214,213,United Kingdom,Training,1
2025-11-01,2781,1174,United Kingdom,Software,2
2025-11-01,3662,1156,United States,Services,2
2025-11-01,4949,2091,United States,Software,7
2025-11-01,2518,1043,Germany,Software,3
2025-11-01,4218,684,United Kingdom,Training,1
2025-11-01,2184,684,Spain,Software,2
2025-11-01,4329,1791,Spain,Software,12
2025-11-01,4933,2313,Japan,Software,6
2025-11-01,2122,953,France,Software,1
2025-11-01,8688,2868,United States,Services,9
2025-11-01,2382,707,France,Services,
2025-11-01,11214,1373,United States,Hardware,19
2025-11-01,6545,1949,Japan,Services,9
2025-11-01,958,218,United Kingdom,Training,5
2025-11-01,5032,1692,United Kingdom,Hardware,12
2025-11-01,2888,957,Japan,Hardware,
2025-11-01,1745,615,Japan,Software,1
2025-11-01,8655,1881,United States,Hardware,11
2025-11-01,1692,543,Spain,Services,3
2025-11-01,3869,607,Japan,Hardware,5
2025-11-01,2178,797,France,Software,1
2025-11-01,2638,871,Germany,Hardware,1
2025-11-01,2881,684,Germany,Software,3
2025-11-01,5383,2521,Germany,Software,7
2025-11-01,1534,414,Spain,Services,3
2025-11-01,2677,273,Germany,Hardware,
2025-11-01,1868,689,United States,Services,1
2025-11-01,2572,792,France,Services,3
2025-11-01,6872,1025,United States,Hardware,3
2025-11-01,555,239,France,Services,4
2025-11-01,725,126,Germany,Training,1
2025-11-01,2098,870,Spain,Software,3
2025-11-01,1976,485,United States,Training,2
2025-11-01,1551,235,Germany,Training,3
2025-11-01,8091,1559,United Kingdom,Hardware,7
2025-11-01,4165,408,Japan,Training,2
2025-11-01,5624,1640,United States,Services,6
2025-12-01,14070,2822,France,Hardware,14
2025-12-01,4912,963,United States,Services,8
2025-12-01,5964,1265,Germany,Hardware,10
2025-12-01,6428,2381,France,Software,8
2025-12-01,6093,1279,Japan,Training,6
2025-12-01,2021,414,United Kingdom,Services,4
2025-12-01,5538,2230,United States,Software,8
2025-12-01,2801,1163,France,Software,6
2025-12-01,1286,431,Spain,Software,1
2025-12-01,1754,485,United States,Services,1
2025-12-01,1372,427,France,Training,4
2025-12-01,2978,704,United States,Training,1
2025-12-01,1176,341,France,Training,3
2025-12-01,3368,1302,Japan,Software,2
2025-12-01,2623,1180,United States,Services,1
2025-12-01,2247,692,Japan,Software,2
2025-12-01,960,171,United States,Training,5
2025-12-01,1615,553,United Kingdom,Services,1
2025-12-01,3991,1030,Germany,Services,10
2025-12-01,6049,1616,Germany,Hardware,5
2025-12-01,3769,667,Spain,Services,1
2025-12-01,2643,538,United States,Training,1
2025-12-01,1950,539,France,Hardware,3
2025-12-01,7739,1506,Germany,Hardware,15
2025-12-01,7734,2883,Spain,Software,14
2025-12-01,2808,469,United States,Hardware,10
2025-12-01,3594,910,France,Training,1
2025-12-01,786,202,United Kingdom,Training,1
2025-12-01,1157,287,Germany,Training,3
2025-12-01,5433,1710,Japan,Hardware,5
2025-12-01,8538,2561,United States,Hardware,11
2025-12-01,1734,613,United Kingdom,Services,2
2025-12-01,2311,922,United Kingdom,Training,2
2025-12-01,4629,1011,Spain,Hardware,1
2025-12-01,3123,516,Germany,Training,1
2025-12-01,3695,1072,Germany,Services,6
2025-12-01,1069,281,United States,Training,7
2025-12-01,3295,864,United States,Services,1
2025-12-01,2799,633,Spain,Services,4
2025-12-01,4122,1437,Japan,Software,8
2025-12-01,3057,827,Japan,Software,4
2025-12-01,5577,1787,Germany,Software,6
2025-12-01,1589,593,Japan,Software,1
2025-12-01,1728,388,Japan,Training,1
2025-12-01,710,235,France,Training,1
2025-12-01,1892,642,United States,Services,4
2025-12-01,8166,1667,United Kingdom,Hardware,13
2025-12-01,2786,878,Germany,Software,8
2025-12-01,699,173,France,Training,1
2025-12-01,2829,956,Germany,Services,2
2025-12-01,7619,2128,Japan,Services,10
2025-12-01,2000,626,United Kingdom,Services,1
2025-12-01,4799,1945,Japan,Software,7
2025-12-01,1511,417,Japan,Training,1
2025-12-01,6760,1507,Japan,Hardware,8
2025-12-01,3233,1057,Japan,Services,5
2025-12-01,1168,281,Germany,Services,5
2025-12-01,1574,457,United Kingdom,Training,4
2025-12-01,926,354,United States,Training,2
2025-12-01,1730,303,Japan,Hardware,2
2025-12-01,3075,850,United States,Training,7
2025-12-01,4731,1076,Spain,Hardware,4
2025-12-01,2954,1030,United Kingdom,Software,1
2025-12-01,8846,1001,Japan,Hardware,5
2025-12-01,11107,3379,France,Hardware,14
2025-12-01,1863,390,France,Training,3
2025-12-01,1535,354,Japan,Training,6
2025-12-01,9541,1949,United States,Hardware,9
2025-12-01,7061,1303,Spain,Hardware,9
2025-12-01,2449,729,Spain,Software,1
2025-12-01,2979,518,Spain,Hardware,8
2025-12-01,1188,336,United States,Training,1
2025-12-01,7500,1887,Germany,Hardware,5
2025-12-01,5501,1469,United Kingdom,Training,15
2025-12-01,1366,335,Germany,Training,5
2025-12-01,2313,1025,France,Software,7
2025-12-01,3044,1299,Germany,Software,7
2025-12-01,12371,2297,France,Hardware,6
2025-12-01,3387,683,Spain,Hardware,3
2025-12-01,5287,2916,France,Services,6
2025-12-01,1954,795,Japan,Software,2
2025-12-01,5525,1763,Germany,Software,5
2025-12-01,5251,596,United States,Hardware,6
2025-12-01,5819,1755,United States,Services,3
2025-12-01,4104,1291,Spain,Services,4
2025-12-01,999,217,United States,Training,2
2025-12-01,12680,4291,Japan,Software,16
2025-12-01,1189,283,Japan,Training,1
2025-12-01,11121,2562,United States,Software,13
2025-12-01,4120,1498,United States,Services,2
2025-12-01,1030,324,Germany,Training,1
2025-12-01,2165,531,Germany,Services,4
2025-12-01,1591,658,France,Services,6
2025-12-01,1262,373,France,Training,2
2025-12-01,3079,1014,Germany,Software,9
2025-12-01,2097,297,Germany,Training,1
2025-12-01,1778,694,United Kingdom,Software,5
2025-12-01,1493,633,United States,Software,2
2025-12-01,4766,1218,France,Hardware,5
2025-12-01,2709,909,Germany,Hardware,2
2025-12-01,4860,1060,Japan,Training,7
2025-12-01,2155,886,United States,Software,7
2025-12-01,1244,362,Germany,Services,2
2025-12-01,1673,346,Japan,Hardware,2
2025-12-01,5093,1817,Germany,Software,3
2025-12-01,1411,516,Germany,Software,1
2025-12-01,7323,1971,Japan,Hardware,4
2025-12-01,2023,402,France,Training,1
2025-12-01,3746,1069,United States,Software,5
2025-12-01,1641,284,United States,Training,5
2025-12-01,6282,1755,France,Hardware,6
2025-12-01,1411,416,Germany,Software,1
2025-12-01,10240,2451,Spain,Hardware,16
2025-12-01,2326,710,Japan,Software,7
2025-12-01,1767,433,Spain,Training,1
2025-12-01,1733,617,Japan,Software,2
2025-12-01,1462,432,United States,Training,1
2025-12-01,844,295,United States,Services,1
2025-12-01,2032,310,United States,Hardware,3
2025-12-01,4520,744,United States,Hardware,6
2025-12-01,10911,3040,United Kingdom,Software,16
2025-12-01,6059,1270,Spain,Hardware,12
2025-12-01,4299,747,Japan,Services,5
2025-12-01,9454,2737,Germany,Software,12
2025-12-01,8713,2409,Spain,Hardware,11
2025-12-01,1903,548,Germany,Training,7
2025-12-01,4587,1536,Japan,Services,5
2025-12-01,854,173,United States,Training,1
2025-12-01,3035,304,United States,Training,1
2025-12-01,1522,510,Japan,Training,1
2025-12-01,529,29,United States,Training,1
2025-12-01,4995,1082,Germany,Hardware,5
2025-12-01,4448,1075,Japan,Training,5
2025-12-01,4180,1585,Japan,Software,9
2025-12-01,1981,432,Japan,Services,1
2025-12-01,9010,1203,United States,Hardware,10
2025-12-01,4179,1750,United States,Software,2
2025-12-01,8117,1303,United Kingdom,Hardware,9
2025-12-01,1058,305,Japan,Training,1
2025-12-01,4706,1271,United States,Hardware,4
2025-12-01,6133,2160,Japan,Software,12
2025-12-01,5650,1369,United States,Hardware,10
2025-12-01,1056,419,France,Training,6
2025-12-01,5173,1466,United States,Services,7
2025-12-01,3225,593,United Kingdom,Hardware,8
2025-12-01,3563,1045,United States,Services,1
2025-12-01,2114,657,United States,Software,3
2025-12-01,11985,3323,Japan,Hardware,17
2025-12-01,2439,749,Germany,Hardware,2
2025-12-01,2478,860,Germany,Software,1
2025-12-01,2418,630,Spain,Training,1
2025-12-01,4171,1145,United States,Hardware,6
2025-12-01,2303,380,Japan,Hardware,4
2025-12-01,1836,701,Germany,Training,2
2025-12-01,2684,1237,France,Software,4
2025-12-01,4564,1501,United States,Hardware,9
2025-12-01,2287,476,Japan,Training,7
2025-12-01,453,94,United States,Training,1
2025-12-01,2116,648,Spain,Services,1
2025-12-01,3054,989,United Kingdom,Services,2
2025-12-01,16705,3311,Japan,Hardware,20
2025-12-01,4750,1426,Japan,Services,7
2025-12-01,1409,339,United States,Training,2
2025-12-01,15147,2605,Spain,Hardware,17
2025-12-01,2377,797,France,Services,6
2025-12-01,6939,2624,Germany,Software,5
2025-12-01,7349,2819,United States,Software,12
2025-12-01,2773,669,United States,Services,9
2025-12-01,3009,1444,France,Software,4
2025-12-01,3519,1129,United Kingdom,Software,1
2025-12-01,2177,550,United States,Training,1
2025-12-01,4296,1522,United States,Software,2
2025-12-01,4374,1020,France,Training,6
2025-12-01,7504,1440,United States,Hardware,1
2025-12-01,8688,2765,Japan,Software,13
2025-12-01,2070,787,Spain,Services,4
2025-12-01,2046,750,France,Software,3
2025-12-01,3422,1061,United States,Software,
2025-12-01,1592,476,United Kingdom,Training,1
2025-12-01,1258,285,Spain,Hardware,1
2025-12-01,3440,806,Japan,Training,8
2025-12-01,1850,799,Germany,Software,1
2025-12-01,597,158,France,Services,1
2025-12-01,8732,2585,United States,Hardware,11
2025-12-01,3791,1828,United Kingdom,Software,3
2025-12-01,7173,2112,Spain,Services,9
2025-12-01,1805,760,Japan,Software,12
2025-12-01,10610,1919,United Kingdom,Hardware,13
2025-12-01,3884,1432,United States,Software,5
2025-12-01,1719,587,France,Services,1
2025-12-01,7080,1986,France,Hardware,8
2025-12-01,4970,1348,United States,Training,4
2025-12-01,2419,411,United States,Training,4
2025-12-01,4246,1226,France,Hardware,5
2025-12-01,6261,2136,France,Services,8
2025-12-01,7225,2271,United States,Software,12
2025-12-01,12405,3694,United States,Hardware,14
2025-12-01,1912,542,France,Hardware,3
2025-12-01,1732,365,United States,Training,1
2025-12-01,5227,556,United States,Hardware,7
2025-12-01,18005,3398,Spain,Hardware,25
2025-12-01,3826,1214,United States,Software,3
2025-12-01,6980,2748,United States,Services,12
2025-12-01,4978,1569,Germany,Services,10
2025-12-01,2618,586,United Kingdom,Hardware,5
2025-12-01,2885,1005,Japan,Services,1
2025-12-01,1250,589,United States,Services,1
2025-12-01,1545,328,United States,Training,1
2025-12-01,2642,987,France,Services,5
2025-12-01,5688,1183,Japan,Hardware,7
2025-12-01,2395,766,United Kingdom,Training,3
2025-12-01,1842,367,United Kingdom,Training,1
2025-12-01,4687,1409,France,Software,6
2025-12-01,3454,472,Spain,Hardware,7
2025-12-01,3086,858,United States,Training,1
2025-12-01,1005,246,United Kingdom,Training,1
2025-12-01,2543,660,Japan,Services,3
2025-12-01,1983,533,United States,Services,3
2025-12-01,4071,947,Spain,Training,2
2025-12-01,1702,266,United Kingdom,Hardware,3
2025-12-01,1862,816,Germany,Software,3
2025-12-01,9520,2504,Japan,Software,10
2025-12-01,1959,571,United States,Services,1
2025-12-01,1339,304,France,Services,1
2025-12-01,2982,745,Spain,Hardware,1
2025-12-01,1888,476,Germany,Services,1
2025-12-01,5979,759,United States,Hardware,6
2025-12-01,12410,3814,Japan,Services,17
2025-12-01,5437,1923,United States,Software,8
2025-12-01,12913,2821,France,Hardware,12
2025-12-01,2442,766,Spain,Services,2
2025-12-01,11917,2867,United Kingdom,Hardware,10
2025-12-01,5610,1737,United States,Training,8
2025-12-01,3021,1405,United States,Software,4
2025-12-01,1025,332,United Kingdom,Training,1
2025-12-01,5575,1321,Spain,Hardware,1
2025-12-01,4963,1029,France,Services,3
2025-12-01,6393,1327,Japan,Hardware,4
2025-12-01,994,413,Japan,Services,3
2025-12-01,2112,442,Japan,Software,1
2025-12-01,8927,2288,Japan,Training,15
2025-12-01,2713,1008,United States,Services,7
2025-12-01,790,44,United States,Training,4
2025-12-01,1747,606,France,Software,1
2025-12-01,5231,1630,United States,Software,4
2025-12-01,6863,2227,France,Services,11
2025-12-01,1177,197,Japan,Services,1
2025-12-01,9258,3726,Spain,Software,11
2025-12-01,2214,996,United States,Software,4
2025-12-01,1769,537,Germany,Services,1
2025-12-01,2971,671,United States,Hardware,2
2025-12-01,6343,1404,United Kingdom,Training,7
2025-12-01,6819,1417,United States,Hardware,6
2025-12-01,4144,1187,Japan,Services,3
2025-12-01,1547,655,United Kingdom,Services,6
2025-12-01,7071,2970,Germany,Software,10
2025-12-01,4180,1478,United States,Software,8
2025-12-01,985,328,United States,Training,1
2025-12-01,7289,2381,United Kingdom,Hardware,9
2025-12-01,2656,783,Spain,Services,8
2025-12-01,8157,1820,France,Hardware,8
2025-12-01,202,52,Germany,Training,1
2025-12-01,5903,1444,Spain,Services,11
2025-12-01,4146,938,France,Training,2
2025-12-01,12279,2938,United States,Hardware,16
2025-12-01,1365,287,Germany,Training,4
2025-12-01,11383,1884,United States,Hardware,15
2025-12-01,1351,236,United Kingdom,Services,2
2025-12-01,2281,596,United States,Software,1
2025-12-01,7177,2498,France,Software,9
2025-12-01,4032,671,Germany,Hardware,7
2025-12-01,2559,745,France,Training,1
2025-12-01,4805,1138,United States,Services,2
2025-12-01,3400,1253,France,Software,7
2025-12-01,2703,741,United Kingdom,Training,2
2025-12-01,793,263,United States,Training,3
2025-12-01,1879,592,Spain,Services,1
2025-12-01,5393,1442,United Kingdom,Hardware,5
2025-12-01,3518,357,France,Hardware,1
2025-12-01,5582,1340,Spain,Hardware,8
2025-12-01,6452,1095,Germany,Hardware,1
2025-12-01,2368,855,United Kingdom,Software,1
2025-12-01,5902,2107,France,Hardware,2
2025-12-01,1976,532,United Kingdom,Services,1
2025-12-01,3291,847,France,Software,5
2025-12-01,3961,1141,Japan,Services,5
2025-12-01,5100,1600,United States,Software,7
2025-12-01,8100,658,France,Hardware,9
2025-12-01,3111,642,United States,Hardware,4
2025-12-01,1470,378,France,Training,2
2025-12-01,2944,1068,Japan,Services,2
2025-12-01,2475,659,Spain,Services,2
2025-12-01,4189,1937,Spain,Software,4
2025-12-01,8792,1891,Spain,Services,10
2025-12-01,5742,967,United Kingdom,Hardware,5
2025-12-01,1725,458,United States,Training,6
2025-12-01,2060,423,United States,Services,1
2025-12-01,2787,831,Japan,Services,1
2025-12-01,7818,2915,United Kingdom,Software,8
2025-12-01,2827,631,Germany,Hardware,1
2025-12-01,6071,2310,Japan,Software,8
2025-12-01,4928,1225,United States,Software,4
2025-12-01,10444,1094,United Kingdom,Hardware,12
2025-12-01,9178,4261,Spain,Software,13
2025-12-01,3783,1106,United States,Software,5
2025-12-01,1757,375,Japan,Training,1
2025-12-01,1733,278,Japan,Services,1
2025-12-01,6525,1682,United States,Services,8
2025-12-01,4200,1396,Germany,Services,3
2025-12-01,2779,803,United Kingdom,Services,1
2025-12-01,2038,453,Japan,Training,7
2025-12-01,2022,400,Japan,Services,1
2025-12-01,2694,989,United States,Services,1
2025-12-01,3870,1415,Japan,Software,4
2025-12-01,1567,430,United Kingdom,Services,1
2025-12-01,2948,475,United Kingdom,Training,5
2025-12-01,1132,435,United Kingdom,Training,1
2025-12-01,4590,1415,Germany,Services,4
2025-12-01,4070,1466,United States,Services,4
2025-12-01,2758,733,United States,Services,2
2025-12-01,3437,924,France,Training,1
2025-12-01,2392,399,France,Training,1
2025-12-01,2997,445,Japan,Hardware,3
2025-12-01,2841,999,United States,Software,6
2025-12-01,5844,1802,France,Hardware,9
2025-12-01,13302,2337,Japan,Hardware,15
2025-12-01,3476,834,United States,Services,7
2025-12-01,2786,962,Japan,Software,2
2025-12-01,6186,2368,United States,Software,5
2025-12-01,5254,1322,Germany,Services,6
2025-12-01,1873,581,Japan,Software,7
2025-12-01,6594,1429,United States,Hardware,11
2025-12-01,5168,1711,Spain,Software,2
2025-12-01,1281,203,Japan,Training,4
2025-12-01,6012,2286,United States,Software,5
2025-12-01,1872,530,Germany,Training,1
2025-12-01,7398,3114,Germany,Software,10
2025-12-01,1838,817,Spain,Training,3
2025-12-01,640,145,Japan,Training,1
2025-12-01,631,125,Germany,Training,1
2025-12-01,1449,667,Spain,Software,8
2025-12-01,1642,504,Germany,Services,1
2025-12-01,3634,1445,Spain,Services,9
2025-12-01,4632,365,United States,Hardware,5
2025-12-01,5238,1132,Japan,Hardware,3
2025-12-01,2626,611,Japan,Training,4
2025-12-01,3586,813,Japan,Services,5
2025-12-01,818,135,Germany,Hardware,1
2025-12-01,2853,779,Japan,Hardware,8
2025-12-01,4116,1518,United States,Software,3
2025-12-01,3587,1454,Germany,Software,4
2025-12-01,1248,415,France,Services,2
2025-12-01,1216,269,United States,Services,5
2025-12-01,4810,1313,Germany,Hardware,4
2025-12-01,2537,544,United States,Services,2
2025-12-01,437,124,Japan,Training,2
2025-12-01,6012,2796,Spain,Software,11
2025-12-01,3989,1320,France,Services,1
2025-12-01,2839,1217,France,Software,1
2025-12-01,5134,1582,Spain,Services,1
2025-12-01,3816,547,France,Services,2
2025-12-01,8274,2334,Germany,Services,10
2025-12-01,6264,861,France,Hardware,9
2025-12-01,1588,221,United States,Training,4
2025-12-01,1120,239,United Kingdom,Training,1
2025-12-01,2581,942,United Kingdom,Software,7
2025-12-01,3302,1116,United States,Training,9
2025-12-01,3755,1434,United Kingdom,Software,4
2025-12-01,1069,233,Germany,Training,5
2025-12-01,734,247,United States,Training,1
2025-12-01,7361,2326,United States,Services,16
2025-12-01,3689,1466,France,Services,7
2025-12-01,1719,309,Spain,Training,3
2025-12-01,3034,715,Germany,Services,1
2025-12-01,1267,263,Germany,Software,1
2025-12-01,845,249,Japan,Training,1
2025-12-01,1826,442,United States,Training,1
2025-12-01,1702,525,United States,Training,1
2025-12-01,1328,425,United States,Training,1
2025-12-01,1608,509,United States,Software,3
2025-12-01,3849,1192,Germany,Services,7
2025-12-01,2171,603,Germany,Training,2
2025-12-01,1247,399,Germany,Software,1
2025-12-01,3387,654,Japan,Hardware,1
2025-12-01,2793,447,France,Training,4
2025-12-01,4742,1465,Japan,Training,4
2025-12-01,5834,2087,France,Software,1
2025-12-01,1877,478,Germany,Training,2
2025-12-01,2085,844,United States,Services,4
2025-12-01,4835,1407,United States,Hardware,12
2025-12-01,2884,1376,United States,Software,4
2025-12-01,1867,403,Spain,Training,3
2025-12-01,1516,530,Japan,Training,1
2025-12-01,3509,673,France,Hardware,1
2025-12-01,1786,431,Japan,Services,1
2025-12-01,1241,366,United States,Services,1
2025-12-01,4453,1205,United States,Hardware,10
2025-12-01,4789,1920,Germany,Software,4
2025-12-01,1547,537,France,Services,1
2025-12-01,2905,1224,United Kingdom,Software,5
2026-01-01,5792,1711,Germany,Software,6
2026-01-01,9140,4177,France,Software,9
2026-01-01,4143,1530,Germany,Software,4
2026-01-01,3504,1073,France,Services,11
2026-01-01,2614,329,Germany,Hardware,1
2026-01-01,6231,2157,Spain,Services,11
2026-01-01,4135,721,France,Hardware,5
2026-01-01,6843,2148,Germany,Services,8
2026-01-01,1574,484,United States,Services,1
2026-01-01,4315,1158,Germany,Hardware,7
2026-01-01,585,185,Germany,Training,1
2026-01-01,4271,1300,Germany,Hardware,4
2026-01-01,2227,459,Spain,Hardware,2
2026-01-01,3762,873,Germany,Services,1
2026-01-01,9509,1835,Spain,Hardware,9
2026-01-01,6726,2300,Germany,Software,11
2026-01-01,2905,1118,France,Software,1
2026-01-01,10127,2024,United States,Services,8
2026-01-01,15230,3305,Spain,Hardware,19
2026-01-01,13654,3118,Spain,Hardware,10
2026-01-01,3391,734,Spain,Services,5
2026-01-01,5428,350,Germany,Hardware,2
2026-01-01,12238,2393,United Kingdom,Hardware,15
2026-01-01,3141,675,United States,Hardware,7
2026-01-01,2810,822,Germany,Software,5
2026-01-01,12887,5231,United States,Software,10
2026-01-01,3552,1092,France,Services,2
2026-01-01,17653,4962,Spain,Hardware,21
2026-01-01,4115,837,United States,Hardware,5
2026-01-01,2005,810,Japan,Services,1
2026-01-01,2740,860,Spain,Training,3
2026-01-01,11397,2482,Japan,Hardware,16
2026-01-01,3373,1631,United States,Software,2
2026-01-01,2993,697,United States,Training,1
2026-01-01,3977,1251,Japan,Services,6
2026-01-01,14842,5849,Germany,Software,19
2026-01-01,3938,1668,Spain,Services,10
2026-01-01,1496,490,United States,Training,1
2026-01-01,5577,1899,United Kingdom,Software,7
2026-01-01,4767,1657,Germany,Software,5
2026-01-01,1218,366,United States,Training,4
2026-01-01,1739,250,United Kingdom,Training,1
2026-01-01,5573,1096,Japan,Services,8
2026-01-01,7740,2663,France,Software,7
2026-01-01,4111,1773,Germany,Services,4
2026-01-01,5353,2193,Germany,Services,1
2026-01-01,6176,1676,Germany,Training,9
2026-01-01,8195,2684,Germany,Software,8
2026-01-01,2722,820,United Kingdom,Software,10
2026-01-01,2756,578,Spain,Hardware,3
2026-01-01,2966,491,United States,Hardware,1
2026-01-01,1965,779,Germany,Software,1
2026-01-01,4490,1214,France,Hardware,1
2026-01-01,1757,432,United States,Training,1
2026-01-01,2628,1139,United States,Software,1
2026-01-01,7074,1374,United States,Services,2
2026-01-01,1536,538,Germany,Training,1
2026-01-01,3748,896,France,Hardware,3
2026-01-01,3284,531,Spain,Services,10
2026-01-01,2646,771,France,Training,2
2026-01-01,2757,1004,United Kingdom,Training,1
2026-01-01,21244,3513,United States,Hardware,26
2026-01-01,3824,1273,United States,Software,8
2026-01-01,2831,1017,Spain,Software,5
2026-01-01,1955,591,Japan,Software,1
2026-01-01,5960,1793,United States,Services,11
2026-01-01,1711,392,Germany,Services,2
2026-01-01,2043,637,Spain,Training,1
2026-01-01,4338,953,Spain,Services,7
2026-01-01,2083,607,France,Services,3
2026-01-01,4142,2049,Germany,Software,5
2026-01-01,7124,1622,United Kingdom,Hardware,7
2026-01-01,767,190,Japan,Services,3
2026-01-01,2644,798,United States,Hardware,5
2026-01-01,1348,595,United Kingdom,Software,3
2026-01-01,3046,862,Japan,Training,4
2026-01-01,3579,1683,France,Software,8
2026-01-01,4171,1011,France,Services,8
2026-01-01,2562,602,Spain,Hardware,1
2026-01-01,3117,956,Japan,Software,4
2026-01-01,4565,1572,United States,Software,1
2026-01-01,1897,399,Japan,Training,4
2026-01-01,8295,2559,United States,Software,10
2026-01-01,4685,933,Germany,Hardware,7
2026-01-01,3611,793,Japan,Training,6
2026-01-01,3737,899,France,Hardware,3
2026-01-01,3096,663,Germany,Hardware,2
2026-01-01,7318,2879,Japan,Services,10
2026-01-01,1099,389,United States,Training,1
2026-01-01,4403,762,Germany,Services,6
2026-01-01,11528,3285,United States,Hardware,12
2026-01-01,606,177,France,Training,1
2026-01-01,11628,2906,United States,Software,12
2026-01-01,9585,2419,United States,Software,16
2026-01-01,6743,2135,United States,Hardware,2
2026-01-01,11037,3800,Germany,Software,6
2026-01-01,1460,423,United Kingdom,Services,4
2026-01-01,8648,2431,Germany,Hardware,10
2026-01-01,2008,570,Germany,Training,2
2026-01-01,2398,312,United Kingdom,Services,2
2026-01-01,3623,1319,Germany,Services,2
2026-01-01,1446,463,United States,Training,8
2026-01-01,3508,666,Germany,Services,6
2026-01-01,6984,2651,Germany,Hardware,7
2026-01-01,5461,1772,United States,Services,2
2026-01-01,2604,878,United States,Training,4
2026-01-01,2876,1139,Japan,Services,7
2026-01-01,898,160,United Kingdom,Services,1
2026-01-01,1349,397,France,Training,10
2026-01-01,664,152,Japan,Training,1
2026-01-01,6688,2579,Japan,Software,12
2026-01-01,4576,2074,France,Services,6
2026-01-01,2357,609,Germany,Training,3
2026-01-01,2356,558,United States,Hardware,2
2026-01-01,3904,1335,United Kingdom,Software,5
2026-01-01,7297,2566,United States,Software,7
2026-01-01,2854,583,United Kingdom,Hardware,9
2026-01-01,1016,173,United Kingdom,Training,1
2026-01-01,3157,790,United Kingdom,Hardware,4
2026-01-01,3808,1207,Japan,Training,7
2026-01-01,2908,993,Japan,Software,6
2026-01-01,4004,1534,United States,Software,1
2026-01-01,10297,2739,Spain,Hardware,16
2026-01-01,2275,618,Spain,Software,3
2026-01-01,7075,1952,United States,Hardware,11
2026-01-01,6749,2180,Germany,Software,10
2026-01-01,5397,1110,Spain,Services,4
2026-01-01,13112,1758,Germany,Hardware,19
2026-01-01,2800,1120,France,Software,5
2026-01-01,4113,1179,Germany,Software,7
2026-01-01,2072,1031,United States,Software,6
2026-01-01,2515,715,Spain,Hardware,9
2026-01-01,2467,1053,United States,Services,1
2026-01-01,3668,786,Spain,Hardware,2
2026-01-01,3600,765,United Kingdom,Training,8
2026-01-01,1422,696,United States,Services,1
2026-01-01,3789,1562,Germany,Software,13
2026-01-01,1352,383,United Kingdom,Software,1
2026-01-01,3834,1105,United States,Hardware,6
2026-01-01,4092,1019,United States,Software,1
2026-01-01,4084,1635,Japan,Software,1
2026-01-01,1593,557,France,Training,1
2026-01-01,7331,3368,Germany,Software,7
2026-01-01,11851,3648,United Kingdom,Hardware,14
2026-01-01,3990,1568,Spain,Software,3
2026-01-01,2399,701,Germany,Training,5
2026-01-01,961,254,Germany,Training,1
2026-01-01,6108,1542,Japan,Software,10
2026-01-01,724,269,Japan,Training,1
2026-01-01,2507,584,United Kingdom,Services,1
2026-01-01,3982,1083,Japan,Services,4
2026-01-01,3733,1484,Japan,Software,7
2026-01-01,9636,2832,France,Hardware,9
2026-01-01,2835,334,United States,Hardware,5
2026-01-01,5594,1237,Germany,Services,10
2026-01-01,6995,1750,Japan,Services,6
2026-01-01,2247,754,Germany,Training,3
2026-01-01,6907,2010,Japan,Hardware,1
2026-01-01,1094,393,United States,Services,1
2026-01-01,2073,772,Japan,Services,1
2026-01-01,9953,2067,Spain,Hardware,13
2026-01-01,4173,1322,United States,Services,2
2026-01-01,10598,2636,United States,Hardware,8
2026-01-01,9814,2004,United States,Hardware,10
2026-01-01,3594,720,United States,Hardware,6
2026-01-01,1585,292,United States,Services,5
2026-01-01,6351,2357,France,Software,8
2026-01-01,7175,3087,France,Software,10
2026-01-01,9052,1972,United Kingdom,Hardware,9
2026-01-01,8871,2355,United States,Hardware,14
2026-01-01,3688,1062,Spain,Services,5
2026-01-01,7971,1182,Germany,Hardware,6
2026-01-01,2846,1234,Japan,Training,5
2026-01-01,1893,642,Japan,Software,2
2026-01-01,2209,538,Germany,Training,6
2026-01-01,2684,1239,Japan,Software,2
2026-01-01,6563,1426,Japan,Hardware,3
2026-01-01,6625,2252,United Kingdom,Software,1
2026-01-01,3476,1287,Japan,Services,1
2026-01-01,5302,2071,Germany,Services,5
2026-01-01,2312,481,Germany,Training,3
2026-01-01,1735,202,Spain,Training,1
2026-01-01,2958,1197,United States,Software,4
2026-01-01,8939,3164,United States,Software,13
2026-01-01,4534,1319,Germany,Training,6
2026-01-01,2895,493,Germany,Training,1
2026-01-01,2041,533,Germany,Training,1
2026-01-01,5843,1918,United States,Services,1
2026-01-01,1856,623,Spain,Training,1
2026-01-01,3778,343,France,Hardware,6
2026-01-01,4269,1504,United States,Services,4
2026-01-01,2917,432,Spain,Services,10
2026-01-01,8377,1920,United States,Services,13
2026-01-01,2435,756,Spain,Training,1
2026-01-01,2525,950,United States,Services,3
2026-01-01,4287,1682,Spain,Software,1
2026-01-01,2179,649,Spain,Training,2
2026-01-01,845,148,United Kingdom,Training,3
2026-01-01,1139,292,Spain,Training,3
2026-01-01,1908,716,Spain,Services,3
2026-01-01,1459,458,Japan,Training,1
2026-01-01,2085,615,United States,Training,4
2026-01-01,17429,4199,France,Hardware,17
2026-01-01,2299,448,United States,Training,1
2026-01-01,1832,783,France,Software,2
2026-01-01,7083,2889,Germany,Software,6
2026-01-01,5771,885,Spain,Hardware,9
2026-01-01,1503,251,Spain,Hardware,1
2026-01-01,9588,2880,United States,Hardware,9
2026-01-01,877,333,United States,Software,1
2026-01-01,3280,849,United Kingdom,Training,6
2026-01-01,4188,991,Germany,Software,5
2026-01-01,7248,2058,Japan,Services,10
2026-01-01,1694,586,United States,Services,1
2026-01-01,4772,1597,France,Software,6
2026-01-01,10840,2641,United States,Hardware,15
2026-01-01,5712,1725,United States,Services,10
2026-01-01,3290,1137,France,Training,1
2026-01-01,1522,398,France,Services,2
2026-01-01,1329,294,United States,Training,1
2026-01-01,608,144,Germany,Training,6
2026-01-01,3242,682,United States,Hardware,
2026-01-01,1880,414,Japan,Hardware,3
2026-01-01,2009,450,Germany,Training,1
2026-01-01,983,365,United States,Software,1
2026-01-01,2442,787,Germany,Services,9
2026-01-01,12241,4006,France,Hardware,13
2026-01-01,3936,1773,United States,Training,4
2026-01-01,4971,1920,United States,Training,
2026-01-01,3489,1434,Spain,Services,6
2026-01-01,3483,1182,Japan,Software,5
2026-01-01,1574,489,Germany,Training,1
2026-01-01,10080,4240,United States,Services,12
2026-01-01,6076,2219,Germany,Hardware,5
2026-01-01,8122,964,Spain,Hardware,12
2026-01-01,3074,859,Spain,Services,4
2026-01-01,2579,572,United Kingdom,Services,7
2026-01-01,4786,1789,Germany,Services,2
2026-01-01,18113,3473,Germany,Hardware,22
2026-01-01,2676,875,France,Training,6
2026-01-01,4015,1227,United States,Hardware,3
2026-01-01,1594,271,Japan,Services,1
2026-01-01,4053,969,United States,Services,13
2026-01-01,9233,1860,Spain,Services,10
2026-01-01,4756,1189,United States,Services,1
2026-01-01,2111,700,Japan,Training,1
2026-01-01,3888,1126,United States,Training,5
2026-01-01,2322,576,United States,Training,2
2026-01-01,3245,1531,United Kingdom,Software,9
2026-01-01,1270,299,Spain,Training,1
2026-01-01,4506,939,Germany,Hardware,5
2026-01-01,4190,1229,Japan,Services,
2026-01-01,2078,511,Germany,Training,5
2026-01-01,4486,1485,United States,Training,6
2026-01-01,5643,2165,United States,Software,4
2026-01-01,3097,552,United States,Hardware,4
2026-01-01,981,378,France,Software,1
2026-01-01,4753,1302,France,Software,2
2026-01-01,3586,1244,Spain,Training,4
2026-01-01,2958,1300,Spain,Software,6
2026-01-01,2674,407,Japan,Hardware,1
2026-01-01,9057,3064,Japan,Software,11
2026-01-01,9023,2311,United Kingdom,Services,8
2026-01-01,4859,1414,Japan,Hardware,5
2026-01-01,1077,353,Germany,Training,1
2026-01-01,6313,1680,United Kingdom,Hardware,5
2026-01-01,4642,705,United Kingdom,Hardware,3
2026-01-01,2035,759,Japan,Training,1
2026-01-01,4944,1012,United Kingdom,Hardware,8
2026-01-01,3041,1100,United Kingdom,Software,1
2026-01-01,3712,502,Germany,Training,2
2026-01-01,3588,727,Germany,Hardware,3
2026-01-01,1646,743,Germany,Software,5
2026-01-01,1721,459,United States,Training,2
2026-01-01,31354,5701,United States,Hardware,38
2026-01-01,5734,1122,United States,Hardware,9
2026-01-01,4985,1106,France,Hardware,6
2026-01-01,2458,1008,United Kingdom,Services,5
2026-01-01,1419,477,France,Services,7
2026-01-01,13063,4074,United States,Services,15
2026-01-01,1600,199,Japan,Training,1
2026-01-01,3540,1606,Japan,Software,8
2026-01-01,2787,905,Japan,Services,1
2026-01-01,2051,995,United States,Services,5
2026-01-01,5053,1440,United States,Hardware,1
2026-01-01,3568,783,United States,Services,12
2026-01-01,1656,467,United States,Training,4
2026-01-01,2096,788,Germany,Software,1
2026-01-01,2480,755,United Kingdom,Services,1
2026-01-01,10873,2512,France,Hardware,16
2026-01-01,855,260,France,Training,2
2026-01-01,2757,777,Japan,Software,3
2026-01-01,2687,696,Spain,Training,4
2026-01-01,4208,1066,Japan,Training,5
2026-01-01,8596,1184,United States,Hardware,10
2026-01-01,1954,663,Germany,Training,2
2026-01-01,1626,787,Japan,Software,5
2026-01-01,1943,444,United States,Training,2
2026-01-01,10241,2608,Germany,Hardware,9
2026-01-01,3949,1752,France,Software,2
2026-01-01,4047,1138,United States,Training,4
2026-01-01,1285,206,France,Hardware,4
2026-01-01,3805,679,Germany,Hardware,1
2026-01-01,4834,1277,Germany,Training,6
2026-01-01,22324,3489,United States,Hardware,29
2026-01-01,2053,681,France,Training,1
2026-01-01,2878,934,France,Software,1
2026-01-01,3384,1257,Germany,Software,1
2026-01-01,2373,487,Spain,Training,1
2026-01-01,3629,1813,United States,Software,3
2026-01-01,969,311,Japan,Training,1
2026-01-01,4119,1238,Germany,Hardware,7
2026-01-01,1468,287,Spain,Services,9
2026-01-01,5899,1836,France,Services,8
2026-01-01,4931,1591,United States,Software,2
2026-01-01,2857,989,United States,Services,2
2026-01-01,1779,416,United States,Training,3
2026-01-01,5316,2162,France,Services,10
2026-01-01,1388,367,Germany,Services,3
2026-01-01,1568,564,Spain,Training,3
2026-01-01,1338,204,United Kingdom,Services,4
2026-01-01,6001,2092,Germany,Software,8
2026-01-01,1122,261,United States,Training,2
2026-01-01,1138,232,Germany,Training,1
2026-01-01,7016,1629,United Kingdom,Services,10
2026-01-01,1032,360,United States,Training,1
2026-01-01,643,263,United States,Training,2
2026-01-01,4862,721,United States,Hardware,1
2026-01-01,5909,2201,United Kingdom,Software,3
2026-01-01,4672,1709,Japan,Software,3
2026-01-01,5803,2165,France,Training,8
2026-01-01,1092,155,United States,Training,5
2026-01-01,2562,821,Germany,Training,5
2026-01-01,6801,1960,United Kingdom,Hardware,7
2026-01-01,3420,774,United Kingdom,Training,7
2026-01-01,1621,445,Spain,Services,1
2026-01-01,3103,983,United Kingdom,Services,2
2026-01-01,16780,5830,United States,Services,24
2026-01-01,1299,424,France,Training,1
2026-01-01,17501,7767,United Kingdom,Software,24
2026-01-01,7229,3509,Japan,Software,6
2026-01-01,4794,1743,Spain,Software,3
2026-01-01,4464,1532,United States,Software,2
2026-01-01,5640,1525,United Kingdom,Services,1
2026-01-01,4920,1824,Japan,Software,5
2026-01-01,5002,1581,Japan,Hardware,5
2026-01-01,4599,1287,France,Hardware,8
2026-01-01,1127,406,France,Training,1
2026-01-01,2124,354,France,Hardware,2
2026-01-01,1632,542,United Kingdom,Training,6
2026-01-01,4667,2035,United Kingdom,Services,6
2026-01-01,4941,1797,United Kingdom,Software,8
2026-01-01,8160,2429,Japan,Services,7
2026-01-01,3986,1601,Japan,Software,5
2026-01-01,14692,2894,Spain,Hardware,18
2026-01-01,8266,2498,France,Software,10
2026-01-01,10222,2892,United States,Hardware,10
2026-01-01,2275,852,Germany,Software,3
2026-01-01,3317,408,Spain,Hardware,4
2026-01-01,1735,480,Japan,Software,2
2026-01-01,5391,2176,United Kingdom,Software,4
2026-01-01,2560,985,United States,Services,1
2026-01-01,2612,580,United States,Services,1
2026-01-01,4354,914,United States,Hardware,2
2026-01-01,4062,957,Germany,Training,6
2026-01-01,2723,962,United States,Training,5
2026-01-01,3825,1395,Japan,Services,6
2026-01-01,7760,1249,United States,Hardware,8
2026-01-01,1344,239,France,Training,1
2026-01-01,4357,308,United States,Hardware,5
2026-01-01,8514,1835,United States,Training,5
2026-01-01,2742,957,France,Training,1
2026-01-01,8032,1301,United States,Hardware,5
2026-01-01,4907,1134,France,Hardware,7
2026-01-01,3879,1037,Germany,Services,2
2026-01-01,1236,342,United Kingdom,Training,4
2026-01-01,6385,1987,United Kingdom,Software,2
2026-01-01,2000,404,United Kingdom,Training,3
2026-01-01,1262,89,France,Services,4
2026-01-01,1282,195,France,Services,5
2026-01-01,4108,1285,Germany,Training,1
2026-01-01,1219,320,United States,Services,4
2026-01-01,1497,409,Germany,Training,3
2026-01-01,5477,1713,France,Services,4
2026-01-01,6271,1817,Spain,Services,6
2026-01-01,3901,1356,Spain,Training,1
2026-01-01,2400,599,Japan,Hardware,1
2026-01-01,12444,3085,United Kingdom,Hardware,15
2026-01-01,1667,545,Japan,Training,3
2026-01-01,3765,934,United States,Training,5
2026-01-01,1753,504,France,Training,6
2026-01-01,6541,1170,Germany,Hardware,4
2026-01-01,8441,2317,Germany,Hardware,7
2026-01-01,2066,261,Spain,Training,3
2026-01-01,2820,956,United Kingdom,Software,6
2026-01-01,1167,359,Germany,Training,1
2026-01-01,1001,197,United Kingdom,Training,1
2026-01-01,2279,1002,United States,Software,6
2026-01-01,3435,935,Germany,Training,4
2026-01-01,4813,1891,France,Services,4
2026-02-01,7709,1276,Japan,Hardware,10
2026-02-01,9198,3164,Spain,Software,8
2026-02-01,2997,739,Spain,Training,3
2026-02-01,2777,581,Germany,Hardware,5
2026-02-01,3792,869,Spain,Hardware,6
2026-02-01,8307,2255,France,Hardware,6
2026-02-01,762,320,France,Training,4
2026-02-01,4313,1098,Japan,Training,3
2026-02-01,6828,3077,France,Software,7
2026-02-01,4229,1303,United States,Hardware,4
2026-02-01,4320,1200,Spain,Services,1
2026-02-01,2996,908,Spain,Software,7
2026-02-01,1484,222,Germany,Training,4
2026-02-01,1675,511,Spain,Training,3
2026-02-01,2529,921,Germany,Software,2
2026-02-01,1457,340,Japan,Training,1
2026-02-01,3113,529,United Kingdom,Training,3
2026-02-01,1902,641,United States,Software,4
2026-02-01,1754,729,United States,Software,2
2026-02-01,3402,777,Germany,Training,1
2026-02-01,2104,529,United States,Services,2
2026-02-01,2272,681,United States,Services,4
2026-02-01,1539,282,France,Training,1
2026-02-01,5305,935,Germany,Hardware,1
2026-02-01,4805,1518,United States,Services,5
2026-02-01,629,91,France,Training,1
2026-02-01,898,235,Japan,Training,1
2026-02-01,3071,595,France,Training,3
2026-02-01,2997,1425,Japan,Software,2
2026-02-01,1388,347,United Kingdom,Services,1
2026-02-01,1569,480,Japan,Services,1
2026-02-01,1186,316,Spain,Training,5
2026-02-01,7139,1214,France,Hardware,3
2026-02-01,16736,2539,United States,Hardware,14
2026-02-01,3361,789,Japan,Training,1
2026-02-01,1517,507,Spain,Training,4
2026-02-01,1943,804,United States,Software,1
2026-02-01,8403,3036,Germany,Services,12
2026-02-01,5244,1417,United States,Hardware,4
2026-02-01,4903,2616,Germany,Software,9
2026-02-01,4815,2101,France,Software,8
2026-02-01,4990,1211,Germany,Services,8
2026-02-01,3831,1716,Japan,Software,4
2026-02-01,3940,1380,United Kingdom,Training,5
2026-02-01,2806,818,United States,Software,2
2026-02-01,3740,1439,United States,Training,8
2026-02-01,7233,2441,Germany,Software,9
2026-02-01,1234,349,France,Services,7
2026-02-01,6543,2011,Japan,Software,7
2026-02-01,5749,1664,Japan,Software,4
2026-02-01,4311,1668,Japan,Software,10
2026-02-01,982,135,France,Training,1
2026-02-01,2310,506,France,Hardware,1
2026-02-01,2609,800,United States,Software,6
2026-02-01,4458,1696,Germany,Software,2
2026-02-01,4584,574,Japan,Training,3
2026-02-01,6416,1937,Spain,Software,12
2026-02-01,2745,650,Germany,Hardware,4
2026-02-01,4060,1061,Japan,Training,3
2026-02-01,1716,810,Spain,Software,4
2026-02-01,9744,3497,United States,Hardware,14
2026-02-01,9696,830,Spain,Hardware,15
2026-02-01,2675,803,Japan,Software,1
2026-02-01,24025,8390,Japan,Software,28
2026-02-01,3076,763,United States,Training,4
2026-02-01,2936,896,Japan,Services,9
2026-02-01,1997,731,United States,Services,5
2026-02-01,2463,1003,United States,Software,6
2026-02-01,6267,3469,Germany,Software,6
2026-02-01,5503,2145,United States,Software,6
2026-02-01,2779,974,Japan,Services,5
2026-02-01,4781,1699,Spain,Services,4
2026-02-01,2167,617,France,Services,2
2026-02-01,3796,1441,Japan,Hardware,9
2026-02-01,5371,571,France,Hardware,3
2026-02-01,3728,1233,United States,Services,1
2026-02-01,1395,332,Japan,Services,1
2026-02-01,4452,836,United Kingdom,Services,4
2026-02-01,3005,792,Japan,Training,4
2026-02-01,581,133,United Kingdom,Training,3
2026-02-01,2636,1148,Germany,Services,2
2026-02-01,4176,1311,Spain,Training,6
2026-02-01,8382,287,Germany,Hardware,11
2026-02-01,11824,4029,United Kingdom,Software,12
2026-02-01,18369,4011,United States,Hardware,21
2026-02-01,2869,824,United States,Training,
2026-02-01,958,281,Germany,Training,4
2026-02-01,5067,1921,United Kingdom,Software,7
2026-02-01,11258,3297,United Kingdom,Hardware,11
2026-02-01,2536,444,United States,Training,2
2026-02-01,8151,3206,Germany,Software,9
2026-02-01,7248,2503,Japan,Software,6
2026-02-01,4361,347,United States,Hardware,9
2026-02-01,2826,995,United States,Services,4
2026-02-01,10860,4348,Japan,Hardware,11
2026-02-01,2334,588,United States,Training,3
2026-02-01,3439,890,Spain,Hardware,2
2026-02-01,11166,3717,United States,Software,16
2026-02-01,8431,2520,United Kingdom,Hardware,5
2026-02-01,3056,890,Japan,Services,1
2026-02-01,4408,1183,United States,Services,6
2026-02-01,8488,2554,United States,Hardware,4
2026-02-01,6796,2384,United States,Services,6
2026-02-01,1195,161,United States,Training,1
2026-02-01,1076,382,France,Services,1
2026-02-01,2796,613,Germany,Training,4
2026-02-01,2188,891,Spain,Software,4
2026-02-01,6958,3279,Japan,Software,10
2026-02-01,6134,1694,Germany,Services,4
2026-02-01,1806,562,Germany,Software,2
2026-02-01,1006,256,United States,Training,1
2026-02-01,5320,2069,Japan,Software,11
2026-02-01,3896,2139,Spain,Software,8
2026-02-01,1738,433,United States,Services,1
2026-02-01,3851,1450,Japan,Software,2
2026-02-01,5494,431,Japan,Hardware,5
2026-02-01,2562,1101,Spain,Services,1
2026-02-01,3368,1079,United Kingdom,Software,2
2026-02-01,6286,1431,Spain,Hardware,9
2026-02-01,3059,1086,France,Services,1
2026-02-01,4569,969,United States,Hardware,4
2026-02-01,1705,533,United States,Services,3
2026-02-01,4923,871,Spain,Hardware,6
2026-02-01,6050,1940,United States,Hardware,4
2026-02-01,1705,244,United States,Hardware,1
2026-02-01,4861,1062,France,Hardware,7
2026-02-01,2253,845,France,Training,1
2026-02-01,8821,3408,United States,Software,8
2026-02-01,5176,1798,Germany,Software,2
2026-02-01,3782,1623,United States,Software,5
2026-02-01,3454,1186,United States,Training,4
2026-02-01,3181,1010,United Kingdom,Training,5
2026-02-01,2072,327,France,Training,1
2026-02-01,8890,4579,Spain,Services,6
2026-02-01,9761,3166,Japan,Software,11
2026-02-01,1061,217,United States,Services,1
2026-02-01,2780,1295,United Kingdom,Software,6
2026-02-01,6316,3055,Japan,Software,8
2026-02-01,13434,3677,France,Hardware,15
2026-02-01,1427,545,United Kingdom,Software,1
2026-02-01,2981,609,Germany,Services,5
2026-02-01,1056,291,Spain,Training,1
2026-02-01,5540,1241,Japan,Services,8
2026-02-01,1041,225,Germany,Training,1
2026-02-01,3808,999,Japan,Training,9
2026-02-01,13843,2508,Germany,Hardware,18
2026-02-01,4167,1206,Spain,Services,7
2026-02-01,3868,1887,United States,Software,1
2026-02-01,778,183,Spain,Training,1
2026-02-01,7532,2297,France,Software,6
2026-02-01,5319,1214,Germany,Hardware,
2026-02-01,3988,1015,Japan,Hardware,5
2026-02-01,6050,1241,Japan,Hardware,8
2026-02-01,7924,1781,Japan,Hardware,9
2026-02-01,4976,2051,Spain,Software,6
2026-02-01,4416,1426,United States,Training,11
2026-02-01,3114,673,United Kingdom,Services,4
2026-02-01,9950,2223,United States,Hardware,6
2026-02-01,3611,1282,Japan,Services,3
2026-02-01,10483,3390,Germany,Hardware,11
2026-02-01,5346,1251,Germany,Hardware,4
2026-02-01,2662,803,Germany,Training,4
2026-02-01,1624,445,Japan,Training,1
2026-02-01,3700,1435,Germany,Software,8
2026-02-01,2449,891,Spain,Training,4
2026-02-01,6287,1264,Spain,Hardware,7
2026-02-01,3802,1346,Spain,Software,7
2026-02-01,865,229,United States,Training,4
2026-02-01,11249,4024,United States,Software,10
2026-02-01,2485,1219,United States,Software,3
2026-02-01,13504,2456,Germany,Hardware,17
2026-02-01,1276,287,Japan,Training,3
2026-02-01,3969,1452,Germany,Software,3
2026-02-01,3497,2124,Germany,Software,1
2026-02-01,10340,4913,Japan,Software,16
2026-02-01,7053,1296,United States,Hardware,11
2026-02-01,9774,2137,Japan,Hardware,12
2026-02-01,5694,2145,Spain,Services,5
2026-02-01,11236,2992,France,Training,15
2026-02-01,5141,913,Japan,Training,
2026-02-01,2232,357,Japan,Training,1
2026-02-01,14817,3205,Germany,Hardware,19
2026-02-01,2475,872,Germany,Services,6
2026-02-01,3012,742,Spain,Services,3
2026-02-01,9846,2541,Germany,Hardware,13
2026-02-01,2094,600,United States,Software,2
2026-02-01,7055,1001,Spain,Hardware,
2026-02-01,5163,1806,Spain,Services,2
2026-02-01,7259,2230,Germany,Training,3
2026-02-01,1003,166,United Kingdom,Training,4
2026-02-01,7749,1266,Japan,Training,12
2026-02-01,1264,411,United States,Software,1
2026-02-01,964,183,United States,Training,1
2026-02-01,2390,577,United States,Services,2
2026-02-01,1859,452,United States,Training,2
2026-02-01,2767,1322,United States,Software,4
2026-02-01,2352,700,Germany,Training,3
2026-02-01,1973,869,United States,Services,1
2026-02-01,1193,294,Germany,Training,1
2026-02-01,7160,513,Germany,Hardware,10
2026-02-01,6345,2637,France,Software,4
2026-02-01,2927,955,Germany,Software,5
2026-02-01,1930,819,Japan,Software,3
2026-02-01,7051,1528,United States,Training,6
2026-02-01,601,127,United States,Training,3
2026-02-01,1792,328,Japan,Hardware,10
2026-02-01,2734,1140,United States,Services,1
2026-02-01,20923,6543,Spain,Hardware,16
2026-02-01,5639,1533,Japan,Services,1
2026-02-01,5161,249,United Kingdom,Training,6
2026-02-01,8204,2350,Japan,Services,10
2026-02-01,5625,1913,United States,Hardware,9
2026-02-01,5090,1464,Germany,Software,11
2026-02-01,4833,1350,Germany,Services,4
2026-02-01,5649,1547,Japan,Services,5
2026-02-01,4565,702,United States,Hardware,12
2026-02-01,4944,1877,United States,Software,6
2026-02-01,2263,1212,United States,Software,1
2026-02-01,5333,1761,United States,Services,4
2026-02-01,2385,1054,Spain,Software,3
2026-02-01,2939,601,Spain,Services,3
2026-02-01,2250,698,Japan,Training,2
2026-02-01,4151,910,France,Services,4
2026-02-01,7898,3514,France,Software,5
2026-02-01,5287,2733,France,Software,6
2026-02-01,4701,1453,France,Services,2
2026-02-01,23788,4289,Japan,Hardware,29
2026-02-01,1484,490,Spain,Training,4
2026-02-01,3993,1000,Germany,Training,4
2026-02-01,1940,972,United Kingdom,Software,1
2026-02-01,5312,2402,United Kingdom,Software,1
2026-02-01,4784,1641,United Kingdom,Software,10
2026-02-01,7572,2156,Japan,Hardware,10
2026-02-01,3680,829,Spain,Hardware,1
2026-02-01,11169,1232,United States,Hardware,7
2026-02-01,1820,84,United States,Training,3
2026-02-01,2063,330,France,Services,9
2026-02-01,8275,1687,France,Hardware,8
2026-02-01,2582,1403,Spain,Software,2
2026-02-01,3569,978,United Kingdom,Services,8
2026-02-01,1382,454,United States,Training,1
2026-02-01,1117,297,United Kingdom,Training,1
2026-02-01,5155,1503,Spain,Training,5
2026-02-01,7415,1599,France,Hardware,12
2026-02-01,11652,1285,France,Hardware,14
2026-02-01,3620,649,United States,Training,8
2026-02-01,6351,1791,United States,Software,3
2026-02-01,4657,1517,France,Services,3
2026-02-01,4480,1257,France,Services,7
2026-02-01,5223,1626,United States,Services,5
2026-02-01,14250,2568,France,Hardware,19
2026-02-01,9429,3039,Spain,Training,12
2026-02-01,5030,1320,Germany,Hardware,2
2026-02-01,3413,1071,Japan,Services,2
2026-02-01,9663,4657,United States,Software,8
2026-02-01,6666,1248,United States,Hardware,1
2026-02-01,3397,968,United States,Services,2
2026-02-01,1007,237,Germany,Training,
2026-02-01,5384,1045,France,Hardware,6
2026-02-01,2279,441,United States,Training,4
2026-02-01,3264,1288,Germany,Services,1
2026-02-01,5157,2047,France,Software,7
2026-02-01,6928,1966,United Kingdom,Training,13
2026-02-01,3930,1234,Germany,Training,5
2026-02-01,8352,2708,Japan,Services,7
2026-02-01,4003,1075,United States,Training,7
2026-02-01,593,98,France,Training,3
2026-02-01,5684,1796,United Kingdom,Services,12
2026-02-01,3316,1354,Germany,Training,3
2026-02-01,3234,648,United States,Hardware,4
2026-02-01,7111,1926,United Kingdom,Hardware,7
2026-02-01,3154,1214,Germany,Services,3
2026-02-01,3265,1386,Spain,Software,2
2026-02-01,1719,651,France,Software,1
2026-02-01,1176,417,Germany,Services,4
2026-02-01,1712,228,France,Hardware,1
2026-02-01,3383,1425,Germany,Software,3
2026-02-01,4932,1058,United States,Hardware,8
2026-02-01,2586,832,Germany,Services,2
2026-02-01,3751,924,Spain,Services,7
2026-02-01,5113,1917,Spain,Software,9
2026-02-01,7240,1887,Japan,Hardware,7
2026-02-01,5767,793,France,Hardware,6
2026-02-01,2058,953,France,Software,3
2026-02-01,3800,1237,Germany,Services,3
2026-02-01,5265,1290,United States,Hardware,8
2026-02-01,2910,448,United States,Training,6
2026-02-01,8263,1961,Spain,Hardware,13
2026-02-01,8395,2385,United States,Software,4
2026-02-01,7291,1332,United States,Hardware,8
2026-02-01,11862,1855,France,Hardware,13
2026-02-01,7683,514,Spain,Hardware,9
2026-02-01,6999,1863,United Kingdom,Hardware,2
2026-02-01,4546,1239,Spain,Software,8
2026-02-01,3674,1289,Japan,Services,7
2026-02-01,10610,2214,United States,Software,9
2026-02-01,4603,886,United Kingdom,Software,10
2026-02-01,4371,886,United States,Hardware,4
2026-02-01,5618,2011,France,Hardware,5
2026-02-01,2362,1201,Spain,Software,5
2026-02-01,7479,2687,Japan,Software,5
2026-02-01,5112,1453,Germany,Hardware,2
2026-02-01,4184,855,United Kingdom,Hardware,3
2026-02-01,12949,4318,Spain,Software,20
2026-02-01,2004,776,France,Software,6
2026-02-01,2596,564,Germany,Training,7
2026-02-01,8586,3678,United States,Software,7
2026-02-01,2085,631,United Kingdom,Software,1
2026-02-01,6480,2066,Germany,Hardware,8
2026-02-01,4116,535,United States,Hardware,3
2026-02-01,6888,1206,United States,Training,4
2026-02-01,8293,2735,Germany,Services,11
2026-02-01,1540,477,Germany,Training,1
2026-02-01,1501,607,United States,Training,3
2026-02-01,7059,1006,United Kingdom,Hardware,12
2026-02-01,2841,701,United Kingdom,Services,1
2026-02-01,6580,2668,United Kingdom,Services,8
2026-02-01,7078,1649,Japan,Hardware,5
2026-02-01,2208,744,Spain,Services,3
2026-02-01,4325,1166,United States,Hardware,3
2026-02-01,6190,1603,Germany,Services,7
2026-02-01,3199,1020,France,Services,3
2026-02-01,935,332,United States,Training,2
2026-02-01,21851,4809,Spain,Hardware,29
2026-02-01,6094,1517,Japan,Hardware,6
2026-02-01,1413,221,United States,Hardware,2
2026-02-01,3771,1221,United Kingdom,Training,3
2026-02-01,5740,1764,United States,Training,4
2026-02-01,2057,296,Germany,Training,6
2026-02-01,4590,951,United States,Hardware,11
2026-02-01,2034,491,Germany,Services,1
2026-02-01,7866,2526,United States,Hardware,10
2026-02-01,1750,508,Japan,Training,3
2026-02-01,3763,805,United States,Training,2
2026-02-01,7425,1904,United States,Hardware,8
2026-02-01,2704,793,Spain,Training,3
2026-02-01,662,109,Germany,Training,5
2026-02-01,4095,1432,United Kingdom,Services,4
2026-02-01,1113,355,Japan,Training,1
2026-02-01,6195,1805,Spain,Software,10
2026-02-01,3522,1126,France,Training,3
2026-02-01,1369,482,France,Software,1
2026-02-01,6874,1205,Spain,Hardware,12
2026-02-01,1008,291,Germany,Services,3
2026-02-01,10788,1306,Japan,Services,10
2026-02-01,5153,1308,France,Services,3
2026-02-01,3971,1593,United States,Software,1
2026-02-01,1811,612,France,Services,7
2026-02-01,3077,689,United States,Software,3
2026-02-01,1570,562,United Kingdom,Training,5
2026-02-01,1150,350,France,Training,2
2026-02-01,2781,686,Spain,Hardware,1
2026-02-01,2230,584,Japan,Services,3
2026-02-01,3107,1006,Japan,Training,5
2026-02-01,1207,307,Japan,Training,1
2026-02-01,2561,920,United Kingdom,Software,3
2026-02-01,3541,1550,Japan,Services,6
2026-02-01,2578,1042,Spain,Software,4
2026-02-01,1541,510,Germany,Services,2
2026-02-01,2521,598,United States,Services,1
2026-02-01,1365,411,United States,Services,1
2026-02-01,2682,932,United Kingdom,Software,5
2026-02-01,6960,2002,France,Software,4
2026-02-01,2893,434,Japan,Hardware,7
2026-02-01,6838,3073,Japan,Software,
2026-02-01,4090,955,Spain,Hardware,4
2026-02-01,1935,512,Germany,Services,4
2026-02-01,7394,2577,Spain,Hardware,6
2026-02-01,2791,1123,Japan,Software,5
2026-02-01,10538,2987,Germany,Hardware,7
2026-02-01,3605,1012,Japan,Software,1
2026-02-01,3578,1144,United States,Services,2
2026-02-01,2572,666,Spain,Hardware,5
2026-02-01,4528,1343,United States,Services,6
2026-02-01,2648,398,United States,Hardware,1
2026-02-01,2623,1119,United States,Software,1
2026-02-01,8300,3439,United States,Software,9
2026-02-01,10008,3617,United Kingdom,Software,9
2026-02-01,4059,981,Japan,Services,3
2026-02-01,5418,563,United Kingdom,Hardware,10
2026-02-01,2980,446,United States,Training,4
2026-02-01,3548,1231,France,Software,9
2026-02-01,3376,855,France,Training,2
2026-02-01,1921,663,United Kingdom,Software,1
2026-02-01,1385,625,United Kingdom,Software,3
2026-02-01,2041,854,United States,Software,3
2026-02-01,1904,674,Japan,Services,3
2026-02-01,2822,1030,United States,Software,3
2026-02-01,4679,2110,Spain,Software,2
2026-02-01,7100,2964,Germany,Software,12
2026-02-01,9674,4215,United States,Software,5
2026-02-01,2468,482,United States,Training,6
2026-02-01,2967,351,Japan,Hardware,1
2026-02-01,3284,966,France,Services,1
2026-02-01,1485,299,France,Training,2
2026-02-01,1379,405,Germany,Services,4
2026-02-01,2939,1002,Spain,Services,1
2026-02-01,8666,2535,United Kingdom,Hardware,13
2026-02-01,1013,416,Spain,Services,1
2026-02-01,4556,1669,Germany,Services,3
2026-03-01,4159,1438,United Kingdom,Services,5
2026-03-01,6337,2124,United States,Services,12
2026-03-01,2514,1435,Germany,Software,6
2026-03-01,4543,2112,United States,Software,2
2026-03-01,2228,390,United States,Hardware,4
2026-03-01,2182,634,Spain,Services,1
2026-03-01,2480,419,Germany,Training,4
2026-03-01,6392,2902,Germany,Training,9
2026-03-01,16183,3503,France,Hardware,17
2026-03-01,3854,856,Japan,Services,7
2026-03-01,1455,460,United States,Training,2
2026-03-01,5348,945,Japan,Hardware,1
2026-03-01,5223,2276,United Kingdom,Software,5
2026-03-01,20480,4599,United States,Hardware,23
2026-03-01,4848,2183,Japan,Software,6
2026-03-01,4625,1366,Germany,Services,7
2026-03-01,7115,1345,Germany,Hardware,1
2026-03-01,5332,1039,Spain,Hardware,7
2026-03-01,694,202,United States,Training,1
2026-03-01,1947,498,Spain,Services,1
2026-03-01,1465,424,Spain,Training,7
2026-03-01,1669,33,United States,Hardware,1
2026-03-01,5012,2375,Spain,Software,6
2026-03-01,8089,3154,United States,Software,9
2026-03-01,5213,2081,Spain,Software,1
2026-03-01,1928,196,United States,Hardware,1
2026-03-01,13789,4515,Japan,Software,12
2026-03-01,4348,1306,Japan,Hardware,2
2026-03-01,3444,1545,United States,Software,5
2026-03-01,5275,1493,United States,Software,2
2026-03-01,8444,1648,Japan,Hardware,6
2026-03-01,2315,364,United States,Training,2
2026-03-01,6486,1694,France,Hardware,6
2026-03-01,5457,1802,Spain,Software,1
2026-03-01,3551,722,Japan,Services,2
2026-03-01,2729,221,Germany,Training,6
2026-03-01,7954,1599,Japan,Services,13
2026-03-01,5257,1488,Japan,Training,7
2026-03-01,10588,2307,France,Hardware,10
2026-03-01,1891,493,United Kingdom,Training,1
2026-03-01,2345,801,United States,Software,1
2026-03-01,1647,416,Spain,Training,2
2026-03-01,4814,1899,Spain,Services,6
2026-03-01,5208,963,United States,Hardware,11
2026-03-01,10629,1693,Japan,Hardware,13
2026-03-01,6149,1802,Spain,Hardware,10
2026-03-01,4814,1094,Japan,Services,7
2026-03-01,6126,1679,United States,Hardware,3
2026-03-01,2126,1048,Japan,Training,1
2026-03-01,652,168,United States,Training,1
2026-03-01,13663,6317,Germany,Software,16
2026-03-01,4212,1082,Germany,Software,7
2026-03-01,3095,861,France,Services,6
2026-03-01,3732,1258,United Kingdom,Services,7
2026-03-01,3421,826,Japan,Hardware,3
2026-03-01,6704,1465,United States,Hardware,9
2026-03-01,7427,1452,United States,Hardware,5
2026-03-01,1851,351,United States,Training,2
2026-03-01,2313,450,Japan,Hardware,7
2026-03-01,5431,1358,Germany,Hardware,7
2026-03-01,1112,338,Japan,Training,1
2026-03-01,4864,1938,Germany,Software,3
2026-03-01,11041,1747,United States,Hardware,15
2026-03-01,13933,4552,United States,Software,16
2026-03-01,6850,916,Spain,Hardware,7
2026-03-01,2898,839,Japan,Services,1
2026-03-01,3300,1847,Germany,Software,5
2026-03-01,1264,303,Germany,Services,1
2026-03-01,5701,2108,United States,Software,6
2026-03-01,2836,811,France,Training,5
2026-03-01,2694,682,United Kingdom,Hardware,2
2026-03-01,9058,2946,Germany,Training,9
2026-03-01,5117,1025,Germany,Training,3
2026-03-01,6578,2384,Germany,Services,10
2026-03-01,7943,1608,Germany,Hardware,11
2026-03-01,1550,730,Japan,Training,1
2026-03-01,1808,500,United States,Hardware,1
2026-03-01,8348,3286,France,Software,9
2026-03-01,11930,2269,Japan,Hardware,9
2026-03-01,4875,1131,United Kingdom,Hardware,1
2026-03-01,4275,1776,United States,Services,4
2026-03-01,2543,816,Japan,Software,2
2026-03-01,2142,321,United Kingdom,Services,4
2026-03-01,14864,3438,Japan,Hardware,16
2026-03-01,1561,391,United States,Training,2
2026-03-01,3151,642,United Kingdom,Services,1
2026-03-01,3840,1514,United States,Software,7
2026-03-01,3173,680,United Kingdom,Training,4
2026-03-01,8844,2079,Germany,Hardware,5
2026-03-01,3890,1775,Spain,Software,6
2026-03-01,2284,500,Spain,Training,4
2026-03-01,4956,1044,United States,Training,4
2026-03-01,2713,1134,United States,Software,1
2026-03-01,4331,1128,United Kingdom,Training,10
2026-03-01,2272,405,France,Training,8
2026-03-01,12164,2852,Spain,Hardware,10
2026-03-01,996,190,Japan,Training,2
2026-03-01,4788,1464,Japan,Services,8
2026-03-01,5567,1936,France,Software,8
2026-03-01,5425,1673,Spain,Software,11
2026-03-01,1702,581,Germany,Software,1
2026-03-01,2392,565,Spain,Training,1
2026-03-01,6680,1836,United States,Services,15
2026-03-01,11269,3398,United States,Software,7
2026-03-01,5993,1752,Germany,Services,8
2026-03-01,4614,518,Japan,Hardware,4
2026-03-01,7083,1889,Spain,Hardware,14
2026-03-01,1272,288,Spain,Training,2
2026-03-01,4399,973,Germany,Training,7
2026-03-01,9008,3091,Germany,Hardware,8
2026-03-01,1514,299,France,Training,1
2026-03-01,5496,1239,France,Hardware,5
2026-03-01,3065,745,Japan,Training,1
2026-03-01,653,141,Japan,Training,1
2026-03-01,2196,648,United Kingdom,Software,1
2026-03-01,1324,300,Germany,Training,1
2026-03-01,4801,1363,Germany,Services,7
2026-03-01,9450,2104,United Kingdom,Hardware,8
2026-03-01,2201,801,United States,Services,1
2026-03-01,3846,1196,United States,Services,5
2026-03-01,5065,1495,France,Hardware,5
2026-03-01,3439,1277,Germany,Training,7
2026-03-01,5032,2073,Germany,Software,4
2026-03-01,8810,3002,United States,Software,5
2026-03-01,5292,910,United States,Hardware,4
2026-03-01,2261,535,Spain,Training,1
2026-03-01,3978,2088,France,Software,6
2026-03-01,1905,725,United States,Services,1
2026-03-01,4191,1091,Spain,Software,8
2026-03-01,8638,3251,Spain,Services,13
2026-03-01,8717,2916,United States,Software,8
2026-03-01,11583,5073,United States,Software,16
2026-03-01,3392,1383,United States,Software,9
2026-03-01,2474,391,United States,Training,1
2026-03-01,4660,701,United States,Hardware,3
2026-03-01,8785,1630,Japan,Hardware,12
2026-03-01,8575,2827,United States,Hardware,11
2026-03-01,6981,2501,United States,Services,5
2026-03-01,1691,564,Spain,Software,2
2026-03-01,12521,1667,Japan,Hardware,12
2026-03-01,6552,1752,Spain,Software,8
2026-03-01,7365,1482,Germany,Hardware,9
2026-03-01,3422,1144,Germany,Software,3
2026-03-01,5549,1346,United Kingdom,Hardware,7
2026-03-01,11153,3777,Japan,Software,11
2026-03-01,21481,7383,Germany,Software,
2026-03-01,13660,2128,France,Hardware,20
2026-03-01,928,240,Japan,Services,4
2026-03-01,11244,2281,Germany,Hardware,12
2026-03-01,1874,553,France,Services,1
2026-03-01,5262,1402,Japan,Training,4
2026-03-01,2667,1024,France,Services,3
2026-03-01,4031,987,United States,Training,5
2026-03-01,1924,831,United Kingdom,Software,1
2026-03-01,7476,3403,Germany,Hardware,9
2026-03-01,5258,1350,Spain,Software,6
2026-03-01,6184,1483,Japan,Hardware,7
2026-03-01,2930,624,Japan,Training,3
2026-03-01,3342,567,United States,Training,1
2026-03-01,7077,1831,United States,Hardware,5
2026-03-01,17767,2651,United States,Hardware,24
2026-03-01,8228,2858,Japan,Software,9
2026-03-01,2254,677,France,Services,6
2026-03-01,1298,461,Japan,Training,1
2026-03-01,1326,307,Spain,Training,1
2026-03-01,11662,3035,United States,Hardware,13
2026-03-01,736,202,United States,Training,1
2026-03-01,4599,1444,Japan,Services,4
2026-03-01,1817,791,United States,Software,4
2026-03-01,4648,1156,Germany,Services,6
2026-03-01,3981,1448,Spain,Software,7
2026-03-01,9333,1876,United States,Hardware,10
2026-03-01,4327,1466,France,Hardware,5
2026-03-01,4830,1508,United Kingdom,Software,5
2026-03-01,4614,1911,Germany,Software,5
2026-03-01,8847,1946,United Kingdom,Hardware,9
2026-03-01,5280,1640,United States,Services,4
2026-03-01,1881,708,United States,Services,6
2026-03-01,5055,2312,Spain,Software,11
2026-03-01,5320,1468,Spain,Training,2
2026-03-01,4920,507,United States,Hardware,6
2026-03-01,2078,454,United States,Services,6
2026-03-01,3691,1530,United States,Software,4
2026-03-01,5724,1628,Germany,Services,10
2026-03-01,14077,2393,Spain,Hardware,12
2026-03-01,1762,343,Japan,Training,1
2026-03-01,3207,721,France,Training,1
2026-03-01,1605,538,United States,Software,1
2026-03-01,9498,3925,Germany,Software,14
2026-03-01,4961,2099,United Kingdom,Training,8
2026-03-01,8695,2475,United States,Hardware,9
2026-03-01,2415,962,United States,Software,1
2026-03-01,5842,1832,Japan,Hardware,2
2026-03-01,2566,851,Spain,Training,6
2026-03-01,1727,570,Spain,Services,1
2026-03-01,770,260,United Kingdom,Training,1
2026-03-01,6540,2651,Germany,Software,4
2026-03-01,3494,1027,Spain,Software,5
2026-03-01,4069,821,United States,Hardware,4
2026-03-01,4541,1842,Japan,Services,7
2026-03-01,2303,717,Japan,Services,7
2026-03-01,4087,84,Germany,Hardware,11
2026-03-01,5378,1145,United States,Hardware,1
2026-03-01,2146,390,Germany,Training,4
2026-03-01,1139,373,Spain,Training,3
2026-03-01,3303,898,France,Services,9
2026-03-01,2823,502,United States,Services,5
2026-03-01,6297,1742,Spain,Hardware,8
2026-03-01,4619,1892,Germany,Software,5
2026-03-01,2869,958,United Kingdom,Software,1
2026-03-01,5342,856,United States,Hardware,3
2026-03-01,2154,479,Japan,Training,4
2026-03-01,13603,5342,Germany,Software,18
2026-03-01,2858,1201,United States,Software,4
2026-03-01,10574,1422,Spain,Hardware,14
2026-03-01,4097,1569,United States,Software,6
2026-03-01,1603,413,France,Training,2
2026-03-01,5724,1436,United States,Training,9
2026-03-01,6091,1425,United States,Services,6
2026-03-01,14404,3189,United States,Hardware,18
2026-03-01,1456,200,United States,Training,3
2026-03-01,3900,1360,Germany,Services,5
2026-03-01,2445,1064,United States,Software,3
2026-03-01,2230,469,Spain,Training,2
2026-03-01,10011,2921,France,Services,8
2026-03-01,922,135,France,Training,5
2026-03-01,4111,1146,Spain,Training,5
2026-03-01,7437,3428,Spain,Software,7
2026-03-01,2608,1135,United Kingdom,Software,4
2026-03-01,5630,1626,United States,Software,5
2026-03-01,5480,1141,Germany,Services,9
2026-03-01,2622,506,Germany,Training,1
2026-03-01,4547,914,Japan,Services,9
2026-03-01,2867,760,Germany,Training,1
2026-03-01,9439,753,Germany,Hardware,11
2026-03-01,1119,317,Spain,Training,1
2026-03-01,10001,5065,Germany,Software,
2026-03-01,11099,2998,France,Services,15
2026-03-01,2312,823,Japan,Training,6
2026-03-01,4272,770,United States,Services,6
2026-03-01,2136,586,Germany,Services,2
2026-03-01,5166,994,Japan,Training,6
2026-03-01,4383,1345,United States,Services,8
2026-03-01,4956,2011,France,Software,2
2026-03-01,4333,1077,Japan,Hardware,8
2026-03-01,6878,1089,Germany,Hardware,6
2026-03-01,8756,2768,United States,Software,13
2026-03-01,8689,1953,Spain,Hardware,12
2026-03-01,3781,675,United States,Hardware,5
2026-03-01,7210,3525,United States,Software,8
2026-03-01,2297,405,Japan,Services,6
2026-03-01,10283,4298,Spain,Software,13
2026-03-01,14041,2433,United States,Hardware,19
2026-03-01,7831,2032,Spain,Hardware,3
2026-03-01,3431,800,France,Hardware,9
2026-03-01,3074,631,United Kingdom,Services,4
2026-03-01,9228,3095,France,Software,10
2026-03-01,2529,789,Japan,Services,1
2026-03-01,9880,3747,United States,Software,12
2026-03-01,5513,1664,Germany,Hardware,13
2026-03-01,3346,401,Japan,Hardware,6
2026-03-01,1899,375,United Kingdom,Training,1
2026-03-01,1707,514,United Kingdom,Hardware,5
2026-03-01,2995,1018,United Kingdom,Services,1
2026-03-01,1994,269,United States,Training,5
2026-03-01,20320,5937,Spain,Hardware,23
2026-03-01,2581,1215,United States,Software,2
2026-03-01,10500,1708,Japan,Hardware,7
2026-03-01,3722,1174,Spain,Software,6
2026-03-01,5050,1583,France,Services,7
2026-03-01,10164,1183,Germany,Hardware,11
2026-03-01,11724,2836,Spain,Hardware,16
2026-03-01,4384,1146,Spain,Services,8
2026-03-01,3223,692,United States,Hardware,1
2026-03-01,1058,373,Germany,Training,3
2026-03-01,560,147,United States,Training,1
2026-03-01,6057,2371,Spain,Services,5
2026-03-01,13386,3819,United States,Services,13
2026-03-01,2611,1190,France,Services,5
2026-03-01,8953,3652,Germany,Hardware,8
2026-03-01,6008,1851,Spain,Hardware,5
2026-03-01,2411,819,United Kingdom,Services,4
2026-03-01,3528,1400,Germany,Software,3
2026-03-01,2779,741,Japan,Services,1
2026-03-01,4122,1343,Spain,Software,
2026-03-01,2035,372,Spain,Services,1
2026-03-01,2953,985,United States,Training,3
2026-03-01,1790,502,Japan,Services,1
2026-03-01,5742,1824,United States,Training,4
2026-03-01,3454,871,United Kingdom,Training,10
2026-03-01,5839,2540,Spain,Software,4
2026-03-01,3318,1272,Japan,Services,7
2026-03-01,2999,731,Spain,Services,4
2026-03-01,7218,2396,Japan,Hardware,13
2026-03-01,893,302,Spain,Training,2
2026-03-01,1816,553,United States,Software,4
2026-03-01,12289,4336,Japan,Software,11
2026-03-01,4909,1282,Japan,Training,8
2026-03-01,1303,472,Spain,Software,1
2026-03-01,1932,626,Germany,Training,4
2026-03-01,1927,527,Japan,Services,4
2026-03-01,5503,870,Germany,Hardware,4
2026-03-01,594,102,Spain,Training,1
2026-03-01,4959,1266,France,Services,6
2026-03-01,6257,2726,Spain,Software,5
2026-03-01,7666,1331,Japan,Hardware,10
2026-03-01,3738,1571,United Kingdom,Services,5
2026-03-01,3057,833,Spain,Training,3
2026-03-01,1214,326,United Kingdom,Training,1
2026-03-01,2826,609,United Kingdom,Training,
2026-03-01,5610,2066,United States,Services,5
2026-03-01,8306,2146,United States,Hardware,10
2026-03-01,8058,3810,United States,Software,9
2026-03-01,5015,793,United States,Hardware,1
2026-03-01,2195,646,France,Services,2
2026-03-01,3439,818,United Kingdom,Services,10
2026-03-01,1657,619,United States,Training,1
2026-03-01,2578,1049,France,Services,4
2026-03-01,3598,1699,Japan,Software,8
2026-03-01,7114,2183,Japan,Services,7
2026-03-01,8092,4413,Japan,Software,6
2026-03-01,1593,454,Spain,Software,1
2026-03-01,3096,983,United States,Training,5
2026-03-01,29834,15716,Germany,Software,36
2026-03-01,11207,2907,Spain,Hardware,9
2026-03-01,12428,6990,United States,Software,7
2026-03-01,11901,3818,United Kingdom,Software,16
2026-03-01,1322,447,Japan,Training,1
2026-03-01,3573,933,Germany,Training,12
2026-03-01,8191,1359,United States,Hardware,2
2026-03-01,3385,878,United States,Training,4
2026-03-01,5729,1694,Spain,Software,7
2026-03-01,1896,550,United States,Services,1
2026-03-01,1242,407,France,Training,1
2026-03-01,2541,693,Germany,Software,1
2026-03-01,8107,859,United States,Hardware,4
2026-03-01,4894,1230,Japan,Services,11
2026-03-01,1620,485,United States,Training,1
2026-03-01,1935,310,United Kingdom,Hardware,3
2026-03-01,7460,2832,United States,Services,7
2026-03-01,1596,635,United States,Software,2
2026-03-01,12545,3136,United States,Hardware,16
2026-03-01,3296,822,Germany,Services,1
2026-03-01,2837,872,Japan,Software,4
2026-03-01,2936,1089,Spain,Software,5
2026-03-01,4977,1033,United States,Services,4
2026-03-01,3360,1313,United Kingdom,Services,3
2026-03-01,9088,1822,Japan,Hardware,12
2026-03-01,7515,3048,France,Software,11
2026-03-01,3598,1289,Spain,Software,7
2026-03-01,2011,623,United Kingdom,Training,1
2026-03-01,1936,411,Spain,Services,6
2026-03-01,1152,255,France,Training,1
2026-03-01,3188,907,United Kingdom,Services,5
2026-03-01,2667,686,United Kingdom,Training,2
2026-03-01,7319,1652,Spain,Training,7
2026-03-01,4723,1697,Japan,Software,8
2026-03-01,3155,1352,Germany,Software,8
2026-03-01,983,435,United States,Services,1
2026-03-01,2469,1047,France,Software,1
2026-03-01,2857,987,France,Training,6
2026-03-01,7921,3139,United States,Software,13
2026-03-01,4568,1018,Germany,Services,3
2026-03-01,2427,746,Germany,Services,1
2026-03-01,2961,787,United States,Training,4
2026-03-01,6546,1131,United States,Hardware,6
2026-03-01,1474,511,United States,Training,2
2026-03-01,13441,2219,United Kingdom,Hardware,13
2026-03-01,1778,476,Spain,Training,1
2026-03-01,4334,1708,United Kingdom,Services,7
2026-03-01,1584,568,Spain,Services,1
2026-03-01,1425,347,Japan,Training,1
2026-03-01,7569,2120,Japan,Hardware,4
2026-03-01,5248,790,United Kingdom,Training,10
2026-03-01,13642,2896,Spain,Hardware,17
2026-03-01,7340,1695,United States,Services,11
2026-03-01,3940,1086,Japan,Services,5
2026-03-01,9282,3694,Spain,Software,9
2026-03-01,4495,1728,France,Services,5
2026-03-01,5592,1806,Germany,Hardware,11
2026-03-01,2674,720,United States,Training,1
2026-03-01,11380,4040,United States,Software,11
2026-03-01,4171,1199,France,Services,1
2026-03-01,2890,432,France,Hardware,1
2026-03-01,8852,1405,Spain,Hardware,10
2026-03-01,2721,991,United States,Software,7
2026-03-01,3150,724,Spain,Hardware,1
2026-03-01,23601,6622,France,Hardware,33
2026-03-01,3420,1369,United States,Software,2
2026-03-01,5853,1167,Spain,Hardware,8
2026-03-01,6115,2267,Japan,Software,6
2026-03-01,4765,1787,Japan,Software,7
2026-03-01,2767,1027,United States,Software,5
2026-03-01,25096,4462,Japan,Hardware,28
2026-03-01,1611,387,Spain,Training,3
2026-03-01,3842,1855,United States,Software,3
2026-03-01,3377,818,France,Services,6
2026-03-01,8576,2098,Germany,Hardware,7
2026-03-01,1837,352,Japan,Training,1
2026-03-01,1281,548,United States,Software,1
2026-04-01,1082,566,United States,Software,1
2026-04-01,8268,4386,United States,Software,7
2026-04-01,6377,1615,United States,Services,10
2026-04-01,5421,1786,Japan,Hardware,1
2026-04-01,3355,528,Germany,Services,1
2026-04-01,3084,854,Germany,Services,1
2026-04-01,5551,2204,United States,Services,11
2026-04-01,1908,666,France,Training,3
2026-04-01,13311,4553,United States,Software,14
2026-04-01,13506,4310,France,Software,13
2026-04-01,5050,2506,United States,Software,6
2026-04-01,3062,913,Spain,Services,5
2026-04-01,32614,6368,Japan,Hardware,34
2026-04-01,2652,1201,Germany,Software,4
2026-04-01,11705,2750,France,Hardware,20
2026-04-01,4578,1372,Spain,Training,5
2026-04-01,12622,3537,France,Software,19
2026-04-01,887,264,Japan,Training,1
2026-04-01,7924,877,United States,Hardware,9
2026-04-01,10024,2494,United Kingdom,Hardware,7
2026-04-01,8022,2114,France,Training,11
2026-04-01,4115,1497,Germany,Software,6
2026-04-01,11923,2156,Germany,Hardware,12
2026-04-01,3538,1418,Japan,Software,1
2026-04-01,19171,6142,Japan,Hardware,24
2026-04-01,1796,460,United States,Training,2
2026-04-01,3595,926,Japan,Training,8
2026-04-01,1644,486,Spain,Training,1
2026-04-01,1331,561,Japan,Training,7
2026-04-01,1461,392,Spain,Training,2
2026-04-01,3230,618,France,Hardware,3
2026-04-01,2616,526,France,Training,4
2026-04-01,3836,1286,United Kingdom,Hardware,3
2026-04-01,8805,2212,Germany,Hardware,11
2026-04-01,5936,850,Germany,Hardware,6
2026-04-01,802,310,France,Training,1
2026-04-01,6760,2447,Spain,Services,9
2026-04-01,7585,2029,United Kingdom,Hardware,14
2026-04-01,2573,521,Germany,Hardware,3
2026-04-01,3445,764,United Kingdom,Hardware,4
2026-04-01,9897,2787,Japan,Services,9
2026-04-01,9239,2313,France,Services,10
2026-04-01,1102,355,Spain,Services,1
2026-04-01,2675,1010,United States,Services,1
2026-04-01,2069,419,Germany,Training,1
2026-04-01,1733,479,Germany,Services,1
2026-04-01,3654,1145,United States,Software,3
2026-04-01,1087,195,United States,Training,1
2026-04-01,1265,366,United States,Training,1
2026-04-01,13075,4660,Spain,Software,12
2026-04-01,1829,376,United States,Services,1
2026-04-01,7739,1248,Germany,Hardware,13
2026-04-01,4635,1525,Germany,Software,3
2026-04-01,1770,441,Germany,Training,4
2026-04-01,2208,703,United Kingdom,Services,1
2026-04-01,6007,2160,France,Training,8
2026-04-01,5807,1658,France,Training,9
2026-04-01,4429,1054,France,Services,7
2026-04-01,3577,1399,United Kingdom,Services,3
2026-04-01,8809,4227,United Kingdom,Software,12
2026-04-01,2087,567,France,Training,
2026-04-01,11895,3687,United States,Services,14
2026-04-01,3832,1180,Japan,Services,3
2026-04-01,1675,592,Germany,Software,10
2026-04-01,3704,1357,France,Services,3
2026-04-01,3161,1224,United States,Services,1
2026-04-01,1481,455,France,Training,1
2026-04-01,2186,956,France,Software,4
2026-04-01,5166,1453,United States,Services,6
2026-04-01,2507,490,United Kingdom,Training,1
2026-04-01,6361,1319,United States,Services,10
2026-04-01,2819,664,United States,Hardware,2
2026-04-01,6839,1886,Japan,Software,11
2026-04-01,2175,814,United Kingdom,Hardware,4
2026-04-01,12624,3129,Japan,Hardware,9
2026-04-01,2259,530,Japan,Training,3
2026-04-01,2949,954,United States,Services,5
2026-04-01,12883,4171,Germany,Software,16
2026-04-01,3982,873,United States,Training,10
2026-04-01,1491,653,Germany,Software,1
2026-04-01,4801,1165,United Kingdom,Services,1
2026-04-01,4426,1009,United Kingdom,Hardware,2
2026-04-01,2476,853,Germany,Software,6
2026-04-01,3395,995,United States,Software,6
2026-04-01,2120,332,Spain,Hardware,4
2026-04-01,744,261,Japan,Services,5
2026-04-01,5857,2400,France,Software,4
2026-04-01,1366,360,United States,Training,1
2026-04-01,3150,1758,United States,Software,7
2026-04-01,1333,401,Japan,Training,1
2026-04-01,10584,3001,United Kingdom,Services,5
2026-04-01,1752,346,France,Hardware,1
2026-04-01,6129,2732,United States,Software,5
2026-04-01,20044,6514,United Kingdom,Software,23
2026-04-01,13800,3888,France,Services,18
2026-04-01,2219,471,Spain,Hardware,1
2026-04-01,1811,598,Germany,Training,1
2026-04-01,10547,5147,United Kingdom,Software,10
2026-04-01,10099,3961,Germany,Software,6
2026-04-01,5561,1133,Spain,Services,1
2026-04-01,4311,665,Japan,Hardware,2
2026-04-01,5827,2651,Spain,Services,7
2026-04-01,3784,1034,United States,Hardware,6
2026-04-01,5920,2599,United States,Software,8
2026-04-01,1744,529,Spain,Training,3
2026-04-01,9549,2945,Japan,Services,9
2026-04-01,10851,2517,Germany,Hardware,11
2026-04-01,3923,1177,Japan,Services,1
2026-04-01,4712,1807,France,Software,6
2026-04-01,8946,3532,United States,Software,14
2026-04-01,6858,721,United States,Hardware,4
2026-04-01,5295,1400,France,Hardware,6
2026-04-01,2385,1035,Germany,Software,3
2026-04-01,5217,2342,United States,Software,4
2026-04-01,5306,1108,Germany,Services,5
2026-04-01,5888,989,Germany,Hardware,7
2026-04-01,1923,372,Germany,Services,1
2026-04-01,6731,1500,Germany,Training,6
2026-04-01,5139,1577,Germany,Services,6
2026-04-01,4836,1138,France,Training,8
2026-04-01,10884,1851,Spain,Hardware,10
2026-04-01,4942,1383,United Kingdom,Training,9
2026-04-01,23477,4875,United Kingdom,Hardware,19
2026-04-01,9410,3322,Japan,Software,7
2026-04-01,2981,1087,Spain,Software,1
2026-04-01,9563,1783,United States,Hardware,11
2026-04-01,2228,956,United States,Software,1
2026-04-01,2913,356,United States,Training,1
2026-04-01,11994,3630,Germany,Hardware,11
2026-04-01,10222,1204,United States,Hardware,13
2026-04-01,1021,353,Spain,Services,1
2026-04-01,11177,3022,United States,Software,11
2026-04-01,2533,704,Germany,Training,7
2026-04-01,1084,210,United States,Training,4
2026-04-01,4321,1277,Spain,Services,6
2026-04-01,2603,841,France,Software,1
2026-04-01,3467,660,United States,Training,4
2026-04-01,8001,3451,Japan,Software,13
2026-04-01,1769,568,France,Software,3
2026-04-01,26734,6038,Spain,Hardware,34
2026-04-01,4293,1535,United States,Services,4
2026-04-01,5159,1584,United States,Training,1
2026-04-01,9648,2858,Spain,Training,5
2026-04-01,3562,1023,United States,Software,8
2026-04-01,1621,409,United States,Training,1
2026-04-01,6884,1966,Germany,Hardware,2
2026-04-01,2394,441,Spain,Training,5
2026-04-01,6056,2237,France,Services,6
2026-04-01,3660,1705,Germany,Software,7
2026-04-01,21916,5373,Spain,Hardware,27
2026-04-01,6024,1849,Japan,Services,7
2026-04-01,1717,503,Spain,Software,1
2026-04-01,4898,1413,Spain,Software,5
2026-04-01,19746,4858,Japan,Hardware,21
2026-04-01,6852,1454,United States,Hardware,8
2026-04-01,5172,1266,United Kingdom,Training,7
2026-04-01,4201,790,Germany,Hardware,3
2026-04-01,4613,1198,Japan,Training,2
2026-04-01,6847,1515,United States,Hardware,10
2026-04-01,3552,1108,United Kingdom,Training,9
2026-04-01,2282,755,United States,Training,5
2026-04-01,3148,598,Germany,Training,6
2026-04-01,1801,407,France,Services,4
2026-04-01,3889,1390,United Kingdom,Software,6
2026-04-01,1606,579,United States,Training,1
2026-04-01,3715,1032,Germany,Services,1
2026-04-01,3109,944,Japan,Training,5
2026-04-01,4981,1882,France,Training,7
2026-04-01,2167,576,Japan,Services,1
2026-04-01,6986,2751,Spain,Services,6
2026-04-01,2211,793,France,Services,7
2026-04-01,1224,546,France,Software,2
2026-04-01,2271,509,Japan,Training,3
2026-04-01,6295,2260,United States,Training,2
2026-04-01,5275,1345,United Kingdom,Training,12
2026-04-01,2328,900,Spain,Services,6
2026-04-01,12300,3305,United States,Hardware,12
2026-04-01,4807,2166,United States,Software,4
2026-04-01,2988,464,United Kingdom,Hardware,4
2026-04-01,14699,3105,Spain,Hardware,20
2026-04-01,2733,585,Spain,Training,9
2026-04-01,3802,1331,Spain,Services,5
2026-04-01,3247,574,Germany,Services,1
2026-04-01,12160,3903,United Kingdom,Software,12
2026-04-01,2392,671,Japan,Software,2
2026-04-01,3186,1668,France,Software,3
2026-04-01,5468,1072,United States,Hardware,1
2026-04-01,3627,1061,United States,Software,2
2026-04-01,1334,477,United States,Training,1
2026-04-01,2784,925,Japan,Training,7
2026-04-01,1732,727,France,Software,1
2026-04-01,22841,4476,Germany,Hardware,23
2026-04-01,1580,351,Spain,Services,8
2026-04-01,12253,3625,United Kingdom,Hardware,13
2026-04-01,6939,2889,Spain,Software,13
2026-04-01,1170,437,United States,Training,1
2026-04-01,4485,1445,Japan,Training,1
2026-04-01,12499,5669,United Kingdom,Software,17
2026-04-01,4046,1232,United Kingdom,Services,7
2026-04-01,6736,1667,United States,Services,5
2026-04-01,8734,1433,Spain,Hardware,10
2026-04-01,10552,2687,United Kingdom,Services,7
2026-04-01,4704,1789,Japan,Software,2
2026-04-01,3320,592,United Kingdom,Hardware,3
2026-04-01,7052,827,Japan,Hardware,8
2026-04-01,4585,1090,France,Hardware,1
2026-04-01,4544,1373,United States,Services,2
2026-04-01,6797,1467,Germany,Services,5
2026-04-01,5122,1377,Germany,Services,2
2026-04-01,6751,1891,United States,Software,12
2026-04-01,4931,2484,France,Software,5
2026-04-01,2269,945,Japan,Services,1
2026-04-01,6414,2199,France,Services,13
2026-04-01,3858,1573,United States,Software,4
2026-04-01,7097,2739,Germany,Software,4
2026-04-01,1759,294,Germany,Training,1
2026-04-01,4076,1332,United States,Services,8
2026-04-01,7097,1925,United Kingdom,Hardware,9
2026-04-01,1378,318,Japan,Training,1
2026-04-01,3529,936,Germany,Training,1
2026-04-01,3738,1515,Japan,Software,7
2026-04-01,2884,893,France,Training,6
2026-04-01,3610,1385,United States,Training,5
2026-04-01,2270,887,Japan,Software,7
2026-04-01,5576,1693,France,Hardware,4
2026-04-01,6615,2303,United States,Software,8
2026-04-01,1814,593,Germany,Training,3
2026-04-01,1284,599,United Kingdom,Training,6
2026-04-01,1692,587,United States,Training,1
2026-04-01,2343,869,United States,Services,3
2026-04-01,3982,1341,United States,Hardware,11
2026-04-01,1866,459,France,Training,6
2026-04-01,1840,802,Japan,Training,1
2026-04-01,6055,2376,France,Software,1
2026-04-01,14868,3041,France,Hardware,14
2026-04-01,11158,3161,Japan,Hardware,11
2026-04-01,17312,6494,United Kingdom,Software,20
2026-04-01,3262,715,Japan,Hardware,1
2026-04-01,12987,3814,Germany,Software,17
2026-04-01,2455,753,Spain,Training,5
2026-04-01,10701,2447,Germany,Hardware,19
2026-04-01,4853,2456,France,Software,8
2026-04-01,6268,1516,Japan,Training,5
2026-04-01,2209,766,United States,Services,1
2026-04-01,2939,1054,United States,Training,9
2026-04-01,3364,1062,Germany,Hardware,1
2026-04-01,6310,2172,United Kingdom,Services,6
2026-04-01,8596,2869,Spain,Software,12
2026-04-01,14938,3358,United States,Hardware,15
2026-04-01,24610,5480,France,Services,30
2026-04-01,4606,933,United States,Hardware,5
2026-04-01,3654,1221,Spain,Training,4
2026-04-01,8552,2626,Germany,Hardware,14
2026-04-01,8859,2122,Spain,Hardware,8
2026-04-01,3682,1156,United States,Training,2
2026-04-01,5481,2362,United Kingdom,Software,9
2026-04-01,7816,1912,Germany,Hardware,10
2026-04-01,7056,1777,United States,Services,9
2026-04-01,9622,3549,United States,Services,10
2026-04-01,16529,7930,Germany,Software,17
2026-04-01,4273,1143,France,Services,6
2026-04-01,12753,4096,Japan,Hardware,14
2026-04-01,2620,825,Spain,Hardware,8
2026-04-01,4352,1241,Japan,Software,9
2026-04-01,11800,1740,Japan,Hardware,15
2026-04-01,8381,2013,United States,Training,12
2026-04-01,9907,2794,Japan,Hardware,15
2026-04-01,1653,251,France,Training,4
2026-04-01,1535,467,United Kingdom,Services,3
2026-04-01,2461,548,Spain,Hardware,1
2026-04-01,17886,4735,United States,Hardware,21
2026-04-01,4436,1134,United States,Hardware,1
2026-04-01,8837,2270,Germany,Software,13
2026-04-01,3510,435,Germany,Hardware,2
2026-04-01,5540,2488,Spain,Software,1
2026-04-01,1952,811,United States,Services,2
2026-04-01,7731,952,Germany,Hardware,9
2026-04-01,2179,719,Japan,Hardware,1
2026-04-01,3814,850,United Kingdom,Services,2
2026-04-01,15137,4000,Germany,Hardware,19
2026-04-01,7069,1696,France,Services,12
2026-04-01,6245,1079,Germany,Training,9
2026-04-01,4657,914,Spain,Hardware,10
2026-04-01,11036,908,Japan,Hardware,18
2026-04-01,7578,1247,Germany,Hardware,14
2026-04-01,8302,3678,United States,Software,10
2026-04-01,2419,676,United States,Services,1
2026-04-01,4217,762,Japan,Training,5
2026-04-01,4144,1634,Germany,Software,9
2026-04-01,6088,1871,United States,Training,5
2026-04-01,5002,1113,Spain,Services,2
2026-04-01,1678,477,Spain,Services,2
2026-04-01,5909,2235,Spain,Software,4
2026-04-01,5698,1268,France,Hardware,9
2026-04-01,8297,1527,United States,Hardware,13
2026-04-01,6207,1674,United States,Hardware,6
2026-04-01,1637,360,United States,Training,1
2026-04-01,3386,1042,United States,Services,3
2026-04-01,2021,428,Germany,Hardware,3
2026-04-01,1099,337,United States,Training,2
2026-04-01,9193,1362,France,Hardware,9
2026-04-01,1549,581,United Kingdom,Services,4
2026-04-01,7042,2576,Germany,Software,8
2026-04-01,2383,656,United States,Training,2
2026-04-01,5569,469,Japan,Hardware,5
2026-04-01,16789,3481,United Kingdom,Hardware,19
2026-04-01,5259,1534,United Kingdom,Services,4
2026-04-01,14154,3172,United States,Hardware,16
2026-04-01,6688,2839,Japan,Software,7
2026-04-01,3074,788,France,Training,5
2026-04-01,6042,942,Germany,Hardware,7
2026-04-01,5605,1108,United States,Training,9
2026-04-01,7434,2349,Japan,Services,3
2026-04-01,8958,2501,Spain,Services,13
2026-04-01,9779,1410,Japan,Hardware,12
2026-04-01,3169,1024,Spain,Hardware,7
2026-04-01,10448,1280,Japan,Hardware,14
2026-04-01,8361,3761,United Kingdom,Software,10
2026-04-01,2533,1062,Spain,Software,8
2026-04-01,7725,2812,Spain,Services,6
2026-04-01,1661,473,Germany,Training,4
2026-04-01,3297,1228,Germany,Services,1
2026-04-01,2205,426,Spain,Services,5
2026-04-01,4102,931,United States,Hardware,1
2026-04-01,8149,3080,Germany,Software,10
2026-04-01,1570,377,France,Services,6
2026-04-01,15018,7035,France,Software,16
2026-04-01,1901,613,United States,Services,5
2026-04-01,10823,2971,Japan,Software,12
2026-04-01,16105,2101,Germany,Hardware,17
2026-04-01,2734,1075,Spain,Software,1
2026-04-01,16100,3659,France,Hardware,20
2026-04-01,5472,1567,United Kingdom,Hardware,11
2026-04-01,3015,1216,Germany,Software,7
2026-04-01,1506,243,United States,Services,2
2026-04-01,12068,2683,France,Hardware,12
2026-04-01,3541,1283,France,Software,2
2026-04-01,2499,649,United States,Hardware,1
2026-04-01,3627,1091,United States,Services,6
2026-04-01,3054,1189,Germany,Services,3
2026-04-01,3411,1251,Spain,Software,4
2026-04-01,3928,806,United States,Training,3
2026-04-01,3104,861,France,Training,7
2026-04-01,21116,3663,France,Hardware,31
2026-04-01,1548,324,France,Training,1
2026-04-01,2195,319,United States,Services,3
2026-04-01,3560,1495,Germany,Software,7
2026-04-01,2190,277,Japan,Training,5
2026-04-01,2992,939,Japan,Services,4
2026-04-01,2454,800,Spain,Services,1
2026-04-01,5410,1645,Germany,Services,7
2026-04-01,6594,2455,France,Hardware,9
2026-04-01,4699,643,France,Services,1
2026-04-01,6890,2038,Germany,Services,10
2026-04-01,1527,684,Japan,Software,1
2026-04-01,3688,1099,Spain,Hardware,1
2026-04-01,2849,597,Spain,Hardware,
2026-04-01,2884,645,Japan,Services,1
2026-04-01,7657,3162,Spain,Software,7
2026-04-01,7824,2066,Germany,Services,4
2026-04-01,1496,463,Germany,Training,3
2026-04-01,3854,1466,United States,Software,2
2026-04-01,2598,467,United Kingdom,Training,1
2026-04-01,14652,2546,United States,Services,21
2026-04-01,8957,2424,Japan,Hardware,13
2026-04-01,10171,1248,France,Hardware,16
2026-04-01,3727,850,Spain,Hardware,6
2026-04-01,7069,2097,Spain,Services,8
2026-04-01,4856,1632,Germany,Software,8
2026-04-01,7187,1854,United States,Hardware,9
2026-04-01,3941,1742,United States,Software,3
2026-04-01,3533,807,United States,Hardware,6
2026-04-01,2274,620,Japan,Services,3
2026-04-01,9109,1568,United States,Hardware,9
2026-04-01,3235,1022,Germany,Services,6
2026-04-01,3320,1000,Spain,Services,2
2026-04-01,10390,3746,Germany,Software,13
2026-04-01,8884,1982,Germany,Software,14
2026-04-01,4326,1640,France,Software,5
2026-04-01,2007,828,Germany,Training,1
2026-04-01,2091,799,United States,Services,
2026-04-01,1801,653,United Kingdom,Services,5
2026-04-01,8911,2793,Spain,Hardware,9
2026-04-01,5543,2323,United Kingdom,Services,1
2026-04-01,2282,301,Germany,Services,2
2026-04-01,3385,508,United Kingdom,Training,1
2026-04-01,6629,2950,France,Software,10
2026-04-01,2800,1248,Japan,Software,6
2026-04-01,10049,2654,Japan,Services,13
2026-04-01,14156,2351,Germany,Hardware,14
2026-04-01,2639,806,Germany,Training,6
2026-04-01,5831,2184,Spain,Hardware,7
2026-04-01,5657,1934,Spain,Services,11
2026-04-01,17026,3849,Germany,Hardware,18
2026-04-01,2153,533,United States,Software,3
2026-04-01,7011,1690,Japan,Hardware,6
2026-04-01,9689,2535,France,Services,5
2026-04-01,3315,1302,United States,Software,2
2026-04-01,6355,2282,United States,Software,8
2026-04-01,4312,1227,United States,Training,1
2026-05-01,3061,1304,Spain,Training,3
2026-05-01,12615,3264,United States,Hardware,18
2026-05-01,2152,455,Japan,Training,1
2026-05-01,2439,998,Germany,Software,1
2026-05-01,10133,3641,Spain,Services,14
2026-05-01,13533,3550,United States,Hardware,17
2026-05-01,10308,3018,Spain,Hardware,11
2026-05-01,4087,939,Japan,Hardware,11
2026-05-01,10516,4394,Japan,Software,11
2026-05-01,6009,1841,United Kingdom,Services,5
2026-05-01,4293,1577,United States,Training,7
2026-05-01,7125,1238,United Kingdom,Hardware,8
2026-05-01,4207,1457,United Kingdom,Services,6
2026-05-01,4786,1185,United States,Training,10
2026-05-01,5711,1854,United Kingdom,Software,7
2026-05-01,5054,1046,United Kingdom,Hardware,9
2026-05-01,1681,372,United States,Training,1
2026-05-01,9076,2785,United States,Hardware,5
2026-05-01,6067,1885,Japan,Services,6
2026-05-01,8565,3910,United States,Software,7
2026-05-01,5604,2346,Germany,Software,1
2026-05-01,4459,2012,Japan,Software,7
2026-05-01,1073,318,United States,Training,5
2026-05-01,2889,666,France,Training,4
2026-05-01,3041,1095,Spain,Software,4
2026-05-01,2265,783,United States,Services,2
2026-05-01,1007,479,Spain,Software,4
2026-05-01,2817,588,United States,Services,2
2026-05-01,1400,373,Germany,Training,1
2026-05-01,2064,452,United States,Training,1
2026-05-01,8874,2701,United States,Hardware,12
2026-05-01,765,128,Germany,Training,4
2026-05-01,14035,5926,Germany,Software,17
2026-05-01,7969,1074,Japan,Hardware,7
2026-05-01,2147,858,Germany,Services,8
2026-05-01,30368,5496,France,Hardware,35
2026-05-01,1157,360,United States,Hardware,1
2026-05-01,3697,1151,United Kingdom,Training,10
2026-05-01,1773,543,Germany,Training,1
2026-05-01,8895,3078,United States,Services,7
2026-05-01,12222,4347,Spain,Hardware,15
2026-05-01,9144,4086,Germany,Software,9
2026-05-01,2031,404,United States,Training,3
2026-05-01,11416,2652,United Kingdom,Hardware,12
2026-05-01,7758,2513,Spain,Services,11
2026-05-01,1715,593,Spain,Software,4
2026-05-01,7463,2441,Germany,Software,5
2026-05-01,4738,873,Germany,Training,2
2026-05-01,1842,476,United States,Services,1
2026-05-01,10263,1454,United States,Hardware,9
2026-05-01,3519,1008,France,Services,1
2026-05-01,6056,2136,Japan,Hardware,7
2026-05-01,10400,3300,France,Hardware,17
2026-05-01,3684,1388,France,Services,1
2026-05-01,8926,3282,United Kingdom,Software,15
2026-05-01,2256,908,United States,Training,1
2026-05-01,2559,974,Spain,Services,1
2026-05-01,9284,3204,Spain,Software,12
2026-05-01,9870,1975,Spain,Hardware,9
2026-05-01,10596,2402,Japan,Training,14
2026-05-01,9457,1264,United States,Services,9
2026-05-01,600,138,Japan,Training,1
2026-05-01,13335,1961,Japan,Hardware,16
2026-05-01,7083,2943,Spain,Services,7
2026-05-01,14875,3099,Japan,Hardware,18
2026-05-01,9507,3277,Germany,Software,12
2026-05-01,5256,1049,United States,Hardware,9
2026-05-01,6360,1957,Japan,Software,5
2026-05-01,8324,3019,France,Software,5
2026-05-01,3694,768,Spain,Services,5
2026-05-01,4223,997,United States,Hardware,5
2026-05-01,4417,566,Spain,Hardware,2
2026-05-01,11449,3275,United States,Hardware,14
2026-05-01,5513,2363,Japan,Software,1
2026-05-01,1802,540,United States,Training,1
2026-05-01,5288,2071,United States,Software,9
2026-05-01,1031,300,Japan,Training,7
2026-05-01,8241,2405,United Kingdom,Software,4
2026-05-01,1999,647,Germany,Training,1
2026-05-01,4122,875,United States,Software,9
2026-05-01,15850,1932,United Kingdom,Hardware,18
2026-05-01,6134,1288,Japan,Services,11
2026-05-01,3657,1402,Japan,Software,7
2026-05-01,2331,780,Japan,Services,6
2026-05-01,3493,590,United States,Hardware,3
2026-05-01,4991,1203,United States,Services,6
2026-05-01,3310,904,Japan,Training,4
2026-05-01,5424,3009,France,Software,4
2026-05-01,2217,505,Spain,Training,9
2026-05-01,22593,893,Germany,Hardware,27
2026-05-01,6801,1321,United States,Hardware,8
2026-05-01,6527,2324,Japan,Hardware,10
2026-05-01,7232,3134,United States,Software,5
2026-05-01,3702,1100,Japan,Training,1
2026-05-01,10742,3640,Japan,Hardware,12
2026-05-01,2657,918,United States,Training,1
2026-05-01,4891,2601,Japan,Software,13
2026-05-01,8021,1695,Germany,Software,6
2026-05-01,1862,757,United States,Services,8
2026-05-01,3535,751,Japan,Training,1
2026-05-01,4948,1307,United States,Services,1
2026-05-01,7217,1615,United Kingdom,Services,9
2026-05-01,6010,2071,Spain,Software,5
2026-05-01,10374,2323,Spain,Hardware,15
2026-05-01,4110,1790,United Kingdom,Software,5
2026-05-01,1355,392,Japan,Training,1
2026-05-01,3686,817,Japan,Training,2
2026-05-01,3150,905,Japan,Services,3
2026-05-01,8949,2036,Germany,Hardware,11
2026-05-01,1284,240,United Kingdom,Training,7
2026-05-01,1762,465,France,Training,1
2026-05-01,11655,4789,United States,Software,9
2026-05-01,2127,512,United Kingdom,Training,2
2026-05-01,3518,1340,Spain,Software,1
2026-05-01,2194,634,United States,Services,5
2026-05-01,2835,1189,Spain,Services,3
2026-05-01,1969,512,Germany,Training,1
2026-05-01,7495,2084,Spain,Hardware,6
2026-05-01,2118,511,United States,Training,1
2026-05-01,6359,2208,Japan,Software,9
2026-05-01,947,168,Germany,Training,1
2026-05-01,8743,2039,Germany,Services,7
2026-05-01,25797,12441,United States,Software,35
2026-05-01,7420,2981,France,Software,12
2026-05-01,4015,1112,United States,Services,5
2026-05-01,9163,4430,Spain,Software,7
2026-05-01,1766,406,Japan,Training,2
2026-05-01,1113,320,Germany,Training,3
2026-05-01,7013,1727,Germany,Training,11
2026-05-01,8460,1786,France,Hardware,8
2026-05-01,1066,249,United States,Training,1
2026-05-01,10541,1564,Germany,Hardware,11
2026-05-01,7603,926,Japan,Hardware,11
2026-05-01,6124,1089,Spain,Training,3
2026-05-01,6947,1938,United States,Training,12
2026-05-01,3430,1396,Germany,Software,4
2026-05-01,1813,559,United States,Training,3
2026-05-01,6263,2519,United States,Software,7
2026-05-01,1246,450,United States,Training,5
2026-05-01,3515,1145,Germany,Software,7
2026-05-01,2352,594,Japan,Training,1
2026-05-01,7610,2510,France,Training,15
2026-05-01,9325,3860,Germany,Software,12
2026-05-01,2710,1064,United States,Software,2
2026-05-01,9042,4866,Spain,Software,14
2026-05-01,4009,936,Japan,Services,4
2026-05-01,2351,777,Spain,Services,4
2026-05-01,11458,2651,United States,Hardware,5
2026-05-01,4381,1326,Germany,Services,3
2026-05-01,7130,1940,United States,Software,10
2026-05-01,7563,3340,Spain,Software,9
2026-05-01,8815,3589,France,Services,14
2026-05-01,3210,956,Spain,Training,11
2026-05-01,6023,1919,France,Hardware,6
2026-05-01,2963,1034,United Kingdom,Software,1
2026-05-01,7805,1802,United States,Hardware,5
2026-05-01,8069,1710,Spain,Hardware,5
2026-05-01,3036,1081,France,Services,2
2026-05-01,5124,1664,United States,Hardware,5
2026-05-01,2887,1182,France,Services,2
2026-05-01,6596,1941,Germany,Hardware,7
2026-05-01,3587,816,Japan,Hardware,5
2026-05-01,1228,332,Spain,Training,6
2026-05-01,7423,2428,Japan,Software,14
2026-05-01,7243,1997,France,Hardware,10
2026-05-01,1848,748,United States,Services,5
2026-05-01,19809,8725,United States,Software,22
2026-05-01,2102,815,United States,Software,4
2026-05-01,1607,358,United States,Services,4
2026-05-01,2040,432,Germany,Training,3
2026-05-01,10918,3611,United States,Training,10
2026-05-01,11584,3746,Japan,Software,9
2026-05-01,3881,1914,Germany,Software,8
2026-05-01,3404,779,France,Software,2
2026-05-01,9829,3853,Japan,Software,8
2026-05-01,2085,667,Japan,Software,5
2026-05-01,4678,1133,France,Hardware,5
2026-05-01,1450,63,Japan,Training,4
2026-05-01,7806,2686,Spain,Hardware,9
2026-05-01,20314,4265,United States,Hardware,20
2026-05-01,14858,4453,United States,Hardware,19
2026-05-01,9060,1636,Spain,Hardware,10
2026-05-01,5496,1984,Spain,Training,8
2026-05-01,4887,905,United Kingdom,Training,9
2026-05-01,6934,2489,Japan,Software,8
2026-05-01,5211,1330,United Kingdom,Hardware,6
2026-05-01,4272,1276,Spain,Hardware,8
2026-05-01,3324,609,United States,Training,2
2026-05-01,4348,689,Germany,Training,9
2026-05-01,8898,1980,Japan,Training,7
2026-05-01,427,129,Spain,Training,1
2026-05-01,773,105,Germany,Training,1
2026-05-01,3213,1111,France,Hardware,5
2026-05-01,8084,3666,United States,Software,7
2026-05-01,6646,1114,Japan,Hardware,9
2026-05-01,2941,869,United States,Services,1
2026-05-01,3364,1490,United Kingdom,Software,4
2026-05-01,10361,5511,Spain,Software,6
2026-05-01,9112,2928,Japan,Software,14
2026-05-01,2125,867,Germany,Software,8
2026-05-01,22059,4899,France,Hardware,24
2026-05-01,6222,1421,Spain,Hardware,4
2026-05-01,9304,1668,Japan,Services,4
2026-05-01,752,196,Japan,Training,1
2026-05-01,1981,344,Spain,Training,6
2026-05-01,8177,2660,United States,Services,1
2026-05-01,988,393,United States,Training,3
2026-05-01,8416,2323,Japan,Services,10
2026-05-01,1936,316,United States,Training,1
2026-05-01,6413,1621,Japan,Training,7
2026-05-01,5587,1827,United States,Training,3
2026-05-01,4818,1546,Germany,Training,7
2026-05-01,8724,2077,Germany,Services,8
2026-05-01,5962,1534,Germany,Hardware,11
2026-05-01,4350,1080,United States,Training,6
2026-05-01,3527,624,United States,Services,5
2026-05-01,2663,748,Spain,Training,1
2026-05-01,1099,339,Japan,Software,1
2026-05-01,5525,1777,United States,Services,9
2026-05-01,13644,3500,Japan,Services,14
2026-05-01,2832,1235,Germany,Software,4
2026-05-01,1155,493,United States,Software,1
2026-05-01,11063,3212,United Kingdom,Services,8
2026-05-01,3949,955,United States,Hardware,8
2026-05-01,2211,899,United States,Software,8
2026-05-01,12915,2526,France,Hardware,18
2026-05-01,3563,1061,France,Software,3
2026-05-01,4233,1480,United Kingdom,Software,5
2026-05-01,1235,175,United States,Training,1
2026-05-01,4849,1513,United States,Services,7
2026-05-01,688,227,United States,Training,1
2026-05-01,20959,6862,United Kingdom,Hardware,23
2026-05-01,3341,1015,United States,Training,1
2026-05-01,3900,1805,Spain,Software,10
2026-05-01,4609,1747,Germany,Training,1
2026-05-01,4362,1090,Spain,Training,3
2026-05-01,8766,4110,United States,Software,9
2026-05-01,4854,720,France,Hardware,16
2026-05-01,4171,1195,Japan,Services,8
2026-05-01,2969,1121,Germany,Services,3
2026-05-01,3527,827,Spain,Training,5
2026-05-01,12362,3730,United States,Services,11
2026-05-01,5260,1272,France,Services,7
2026-05-01,16563,4851,France,Hardware,19
2026-05-01,3799,864,Japan,Hardware,5
2026-05-01,6377,1299,Japan,Training,7
2026-05-01,1722,247,United Kingdom,Training,1
2026-05-01,7879,2214,United States,Services,3
2026-05-01,2173,812,United States,Software,2
2026-05-01,3488,1590,Japan,Software,7
2026-05-01,3435,1287,United States,Software,8
2026-05-01,6801,741,Spain,Training,4
2026-05-01,4026,419,Germany,Hardware,2
2026-05-01,3558,1487,Japan,Software,1
2026-05-01,4904,1316,United States,Hardware,3
2026-05-01,3790,1178,United States,Training,6
2026-05-01,8989,2022,France,Software,7
2026-05-01,2621,653,Germany,Services,1
2026-05-01,5745,1804,United Kingdom,Hardware,10
2026-05-01,5267,1677,United Kingdom,Hardware,4
2026-05-01,8003,2561,United States,Services,4
2026-05-01,2809,826,Spain,Training,8
2026-05-01,3139,756,United Kingdom,Training,3
2026-05-01,18210,4947,United Kingdom,Software,18
2026-05-01,6231,1460,Spain,Services,5
2026-05-01,7484,1975,France,Hardware,4
2026-05-01,4650,2045,United Kingdom,Software,1
2026-05-01,1769,660,United States,Training,1
2026-05-01,1768,599,Germany,Training,5
2026-05-01,2294,661,United States,Training,2
2026-05-01,5903,2226,Spain,Services,4
2026-05-01,2703,663,Germany,Services,5
2026-05-01,2199,1058,United States,Software,
2026-05-01,3561,1447,Germany,Software,1
2026-05-01,12001,2404,Spain,Hardware,12
2026-05-01,4186,1209,France,Services,7
2026-05-01,4276,910,United Kingdom,Hardware,12
2026-05-01,5034,2203,United Kingdom,Services,7
2026-05-01,3550,757,United States,Services,1
2026-05-01,2478,1044,United Kingdom,Software,2
2026-05-01,8159,3836,Germany,Software,9
2026-05-01,1729,572,United States,Training,3
2026-05-01,2418,679,United States,Training,1
2026-05-01,1459,359,Japan,Training,4
2026-05-01,6162,1796,Spain,Software,11
2026-05-01,2491,758,Spain,Services,9
2026-05-01,8866,2408,United States,Software,
2026-05-01,3435,1128,Spain,Training,5
2026-05-01,3655,688,United States,Training,5
2026-05-01,3090,1162,Spain,Services,6
2026-05-01,4197,393,Spain,Hardware,8
2026-05-01,2129,298,France,Training,3
2026-05-01,7158,1663,United States,Services,9
2026-05-01,3222,760,United States,Services,12
2026-05-01,2210,655,United Kingdom,Services,8
2026-05-01,3528,732,United Kingdom,Hardware,4
2026-05-01,8368,1724,Spain,Services,4
2026-05-01,8461,3465,United States,Services,8
2026-05-01,7213,1561,United Kingdom,Hardware,5
2026-05-01,7521,2197,Japan,Services,8
2026-05-01,6725,893,Germany,Hardware,8
2026-05-01,3574,1038,Germany,Training,5
2026-05-01,2483,855,United States,Training,1
2026-05-01,6821,2430,United Kingdom,Hardware,10
2026-05-01,3072,669,United Kingdom,Hardware,5
2026-05-01,3377,939,Japan,Hardware,1
2026-05-01,14437,6164,United States,Services,18
2026-05-01,1787,330,Germany,Services,1
2026-05-01,3996,1621,Germany,Software,10
2026-05-01,1637,440,Japan,Training,1
2026-05-01,4167,1711,Japan,Software,6
2026-05-01,2673,493,United Kingdom,Training,6
2026-05-01,2993,1466,United States,Software,3
2026-05-01,8524,2677,France,Hardware,12
2026-05-01,3119,977,Japan,Services,2
2026-05-01,15825,4423,Japan,Services,15
2026-05-01,8905,2938,United States,Hardware,10
2026-05-01,4225,929,Japan,Training,7
2026-05-01,5654,1842,United States,Hardware,5
2026-05-01,2159,698,United Kingdom,Training,1
2026-05-01,5986,1444,United States,Hardware,14
2026-05-01,3102,887,United Kingdom,Services,1
2026-05-01,18131,1990,Spain,Hardware,22
2026-05-01,1089,462,United States,Services,2
2026-05-01,8281,2342,Spain,Software,10
2026-05-01,10052,3383,Spain,Hardware,8
2026-05-01,2528,888,United States,Hardware,8
2026-05-01,11643,3186,Germany,Hardware,12
2026-05-01,2943,741,Germany,Training,4
2026-05-01,5128,2356,France,Software,10
2026-05-01,4499,1573,United States,Software,8
2026-05-01,4460,1361,United Kingdom,Training,1
2026-05-01,2175,442,France,Training,6
2026-05-01,3186,1120,France,Services,7
2026-05-01,3956,949,Spain,Services,1
2026-05-01,10669,2672,United States,Hardware,8
2026-05-01,2101,786,France,Software,5
2026-05-01,6785,1634,Germany,Training,10
2026-05-01,3270,937,Spain,Services,2
2026-05-01,5185,1265,France,Hardware,6
2026-05-01,2463,457,France,Services,5
2026-05-01,2634,923,United States,Software,6
2026-05-01,3815,1725,Spain,Software,4
2026-05-01,8389,3232,Spain,Software,13
2026-05-01,817,135,United States,Training,7
2026-05-01,26764,4830,United States,Hardware,29
2026-05-01,8056,2444,France,Hardware,6
2026-05-01,7662,2026,United States,Services,11
2026-05-01,10053,3456,United States,Hardware,17
2026-05-01,1436,529,Japan,Training,1
2026-05-01,1890,876,Spain,Software,1
2026-05-01,1522,311,Japan,Training,5
2026-05-01,3881,1365,United States,Software,
2026-05-01,7517,2525,United States,Software,8
2026-05-01,7406,1629,United States,Services,7
2026-05-01,6733,2492,United States,Software,6
2026-05-01,13528,4070,Germany,Hardware,13
2026-05-01,4470,783,Japan,Training,4
2026-05-01,6791,2580,Germany,Services,7
2026-05-01,5102,1086,Spain,Services,10
2026-05-01,4841,956,United States,Hardware,7
2026-05-01,5622,1635,Germany,Services,3
2026-05-01,2670,552,France,Training,4
2026-05-01,7108,3055,United States,Software,6
2026-05-01,15504,3818,United States,Hardware,11
2026-05-01,3551,1215,Japan,Services,1
2026-05-01,7099,3479,United States,Software,15
2026-05-01,7585,2751,Japan,Software,5
2026-05-01,3895,575,France,Hardware,1
2026-05-01,3216,1030,Spain,Services,6
2026-05-01,1603,464,Japan,Training,1
2026-05-01,6506,2127,United Kingdom,Software,5
2026-05-01,23247,4508,United States,Hardware,27
2026-05-01,15846,2885,Japan,Hardware,16
2026-05-01,4125,817,France,Hardware,6
2026-05-01,6971,2371,France,Services,4
2026-05-01,3319,621,Germany,Hardware,
2026-05-01,2692,507,France,Training,7
2026-05-01,7306,2791,United Kingdom,Software,7
2026-05-01,5748,1319,France,Services,7
2026-05-01,4081,1332,United States,Services,5
2026-05-01,3782,1681,United Kingdom,Software,3
2026-05-01,7091,517,Germany,Hardware,10
2026-05-01,3866,1085,Japan,Training,7
2026-05-01,13262,3702,United States,Hardware,16
2026-05-01,1852,419,France,Services,4
2026-05-01,3371,867,United States,Training,2
2026-05-01,15717,3617,United States,Hardware,19
2026-05-01,6044,1518,Spain,Hardware,8
2026-05-01,3966,1390,Spain,Services,6
2026-05-01,7239,1847,Germany,Services,8
2026-05-01,1829,695,United States,Software,1
2026-05-01,4958,1705,France,Software,7
2026-05-01,4481,1575,Spain,Software,8
2026-05-01,16525,3021,Germany,Hardware,16
2026-05-01,7343,1352,Spain,Hardware,7
2026-05-01,12485,2563,Japan,Hardware,14
2026-05-01,7968,3101,United Kingdom,Software,12
2026-05-01,6820,2142,Japan,Software,1
2026-05-01,22419,4282,Germany,Hardware,32
2026-06-01,5107,589,France,Training,4
2026-06-01,4368,1249,Spain,Services,7
2026-06-01,4312,1804,Japan,Software,2
2026-06-01,3347,1626,Japan,Software,4
2026-06-01,3049,417,Spain,Training,4
2026-06-01,5420,1459,United States,Services,5
2026-06-01,7195,1706,United States,Hardware,5
2026-06-01,7433,2970,United States,Software,10
2026-06-01,16829,1124,United States,Hardware,16
2026-06-01,5211,1781,United States,Services,6
2026-06-01,5763,1480,United States,Software,9
2026-06-01,1189,392,Spain,Training,3
2026-06-01,5661,1807,United Kingdom,Hardware,5
2026-06-01,3191,993,Spain,Software,1
2026-06-01,1731,309,United States,Training,1
2026-06-01,6398,2106,France,Services,10
2026-06-01,5429,1425,Germany,Hardware,4
2026-06-01,1387,291,United States,Training,2
2026-06-01,2099,848,Spain,Training,1
2026-06-01,4380,1425,United Kingdom,Services,15
2026-06-01,3984,1296,France,Hardware,2
2026-06-01,5155,967,Germany,Hardware,11
2026-06-01,4949,1683,United States,Software,5
2026-06-01,1318,462,United States,Training,1
2026-06-01,8439,3689,United States,Software,12
2026-06-01,2383,860,United Kingdom,Software,1
2026-06-01,5659,1357,United States,Services,8
2026-06-01,3564,676,United States,Hardware,1
2026-06-01,14256,3850,Spain,Hardware,18
2026-06-01,1904,799,France,Hardware,1
2026-06-01,5251,1493,United States,Hardware,4
2026-06-01,10492,3585,Japan,Services,17
2026-06-01,4829,1236,United Kingdom,Hardware,11
2026-06-01,2307,338,Spain,Hardware,6
2026-06-01,14704,2838,United States,Hardware,13
2026-06-01,9994,4685,France,Software,15
2026-06-01,9890,4082,Spain,Software,7
2026-06-01,10062,3912,Germany,Hardware,13
2026-06-01,7695,1876,France,Software,5
2026-06-01,4491,1150,France,Training,6
2026-06-01,4913,226,United States,Hardware,8
2026-06-01,5742,1817,Japan,Software,6
2026-06-01,2783,86,Japan,Hardware,4
2026-06-01,1485,480,France,Services,1
2026-06-01,7458,3304,Spain,Software,10
2026-06-01,4918,1567,United States,Software,8
2026-06-01,11041,2401,Germany,Hardware,13
2026-06-01,5444,1676,United Kingdom,Training,5
2026-06-01,4230,967,United States,Training,1
2026-06-01,4441,1243,Spain,Training,6
2026-06-01,5091,1970,France,Software,
2026-06-01,7696,2894,United Kingdom,Hardware,2
2026-06-01,1226,415,United Kingdom,Training,3
2026-06-01,5960,2340,United States,Software,11
2026-06-01,15327,4442,United Kingdom,Services,22
2026-06-01,2337,622,Germany,Services,1
2026-06-01,2061,425,Japan,Training,4
2026-06-01,6287,1292,France,Services,8
2026-06-01,1393,544,United States,Training,8
2026-06-01,14506,3779,Japan,Software,16
2026-06-01,5719,3077,Spain,Software,4
2026-06-01,6136,2416,United States,Hardware,8
2026-06-01,12411,3281,United States,Services,13
2026-06-01,3004,1008,Japan,Services,7
2026-06-01,10338,3019,France,Hardware,17
2026-06-01,2732,1139,United States,Software,4
2026-06-01,4351,1129,United States,Services,2
2026-06-01,5575,2063,France,Software,10
2026-06-01,1971,749,United Kingdom,Services,1
2026-06-01,4463,864,United States,Hardware,1
2026-06-01,10933,2807,Spain,Hardware,13
2026-06-01,1375,250,United Kingdom,Training,7
2026-06-01,3373,632,Germany,Training,8
2026-06-01,1923,689,United States,Services,1
2026-06-01,6105,1498,United Kingdom,Training,2
2026-06-01,14307,4850,United Kingdom,Services,12
2026-06-01,1793,418,United States,Training,7
2026-06-01,9520,1533,United Kingdom,Hardware,15
2026-06-01,7116,2381,Germany,Software,8
2026-06-01,6491,1195,Germany,Hardware,8
2026-06-01,4225,1536,Spain,Services,8
2026-06-01,4775,1863,France,Services,7
2026-06-01,10024,3682,Germany,Hardware,15
2026-06-01,6517,1553,Germany,Services,15
2026-06-01,7256,2727,United States,Software,7
2026-06-01,2469,812,Japan,Software,9
2026-06-01,15387,3908,Germany,Training,14
2026-06-01,4540,1109,United Kingdom,Training,4
2026-06-01,3635,866,United States,Training,6
2026-06-01,4000,819,Japan,Services,8
2026-06-01,2302,640,United States,Training,1
2026-06-01,5250,909,Spain,Training,8
2026-06-01,48772,14179,Germany,Hardware,52
2026-06-01,1946,358,Germany,Training,3
2026-06-01,3128,1155,Germany,Services,2
2026-06-01,7896,2010,France,Services,9
2026-06-01,2052,400,Germany,Training,3
2026-06-01,4180,633,United Kingdom,Services,7
2026-06-01,1599,422,Germany,Training,1
2026-06-01,5019,1254,United States,Services,5
2026-06-01,3951,1285,United States,Services,1
2026-06-01,5830,2309,Germany,Software,4
2026-06-01,4657,1576,France,Software,9
2026-06-01,9946,3544,Japan,Software,13
2026-06-01,3690,875,United Kingdom,Hardware,5
2026-06-01,1437,358,United States,Training,2
2026-06-01,2703,697,Japan,Services,1
2026-06-01,7057,1677,United Kingdom,Training,9
2026-06-01,3079,1394,Japan,Software,8
2026-06-01,4456,2564,Germany,Software,4
2026-06-01,5603,1328,France,Training,10
2026-06-01,2375,539,United States,Hardware,1
2026-06-01,5078,1755,United States,Training,
2026-06-01,4056,1361,France,Software,9
2026-06-01,2566,1015,France,Software,3
2026-06-01,2289,445,Spain,Training,5
2026-06-01,9731,3495,Spain,Software,6
2026-06-01,5210,2220,United Kingdom,Software,9
2026-06-01,1809,633,United Kingdom,Training,1
2026-06-01,13105,2539,United States,Hardware,14
2026-06-01,2853,1069,France,Services,1
2026-06-01,2069,407,United States,Training,3
2026-06-01,2991,749,Japan,Services,2
2026-06-01,2834,693,United Kingdom,Hardware,7
2026-06-01,2873,280,Spain,Hardware,6
2026-06-01,4955,839,United States,Hardware,4
2026-06-01,4939,1717,Japan,Services,10
2026-06-01,4238,559,Germany,Training,1
2026-06-01,8201,3928,Japan,Services,10
2026-06-01,8607,3493,United States,Software,7
2026-06-01,12653,1758,United States,Hardware,14
2026-06-01,11356,4563,Germany,Software,12
2026-06-01,5419,1638,Spain,Hardware,7
2026-06-01,2319,604,Spain,Training,4
2026-06-01,4755,1055,France,Training,5
2026-06-01,10095,2731,Japan,Software,14
2026-06-01,11414,3663,United States,Software,14
2026-06-01,4289,1049,United States,Hardware,7
2026-06-01,11197,3761,Japan,Hardware,14
2026-06-01,6570,3234,United States,Software,8
2026-06-01,2892,611,Japan,Training,5
2026-06-01,2497,624,United States,Services,5
2026-06-01,3649,1229,Spain,Services,7
2026-06-01,8190,2595,Spain,Software,11
2026-06-01,7931,2843,United States,Software,9
2026-06-01,5777,2117,Germany,Software,10
2026-06-01,17711,3196,Germany,Hardware,17
2026-06-01,9688,2018,Spain,Hardware,9
2026-06-01,15374,2934,United States,Hardware,19
2026-06-01,4243,1379,Spain,Training,4
2026-06-01,3146,614,Japan,Training,1
2026-06-01,13223,2952,United States,Hardware,8
2026-06-01,7837,2689,United Kingdom,Services,7
2026-06-01,4788,1872,United Kingdom,Software,6
2026-06-01,16316,3701,Germany,Hardware,17
2026-06-01,8910,2002,Japan,Hardware,4
2026-06-01,8143,761,United States,Hardware,5
2026-06-01,2917,630,Spain,Training,6
2026-06-01,6683,1597,United States,Hardware,7
2026-06-01,2623,666,Spain,Training,6
2026-06-01,16746,4432,Germany,Software,15
2026-06-01,14486,3924,United States,Hardware,20
2026-06-01,3983,1289,Japan,Training,4
2026-06-01,5836,2282,United States,Software,6
2026-06-01,4401,1766,United States,Software,5
2026-06-01,5364,801,Japan,Training,10
2026-06-01,9162,2424,United States,Hardware,9
2026-06-01,3836,969,Germany,Services,4
2026-06-01,3166,895,Germany,Training,2
2026-06-01,9184,2761,Japan,Services,7
2026-06-01,4873,1223,Japan,Training,8
2026-06-01,2405,778,United States,Services,1
2026-06-01,4103,1298,Japan,Training,4
2026-06-01,1649,801,United States,Software,1
2026-06-01,6965,1093,France,Hardware,8
2026-06-01,3233,1059,United States,Services,3
2026-06-01,2768,1057,United States,Training,5
2026-06-01,4289,1609,United Kingdom,Software,3
2026-06-01,1424,887,France,Software,1
2026-06-01,3344,1034,United States,Software,2
2026-06-01,5286,1660,United Kingdom,Training,2
2026-06-01,3391,1526,United Kingdom,Software,1
2026-06-01,5183,1668,United States,Software,
2026-06-01,4532,1955,United States,Services,2
2026-06-01,3757,1022,Japan,Training,5
2026-06-01,2864,995,Spain,Software,2
2026-06-01,2951,365,United States,Hardware,2
2026-06-01,4920,2016,Germany,Software,6
2026-06-01,4818,1725,Germany,Software,10
2026-06-01,3873,593,Germany,Training,5
2026-06-01,4193,1399,Spain,Software,9
2026-06-01,5645,1833,France,Software,12
2026-06-01,2495,554,United States,Training,8
2026-06-01,4319,815,Spain,Hardware,6
2026-06-01,18123,3892,France,Hardware,24
2026-06-01,3723,1378,Spain,Services,4
2026-06-01,2719,616,United States,Training,1
2026-06-01,7386,2336,United States,Services,10
2026-06-01,2415,769,Germany,Software,8
2026-06-01,9181,3011,Spain,Software,12
2026-06-01,6226,2145,Germany,Services,10
2026-06-01,3185,663,United States,Services,4
2026-06-01,5781,1828,Spain,Software,1
2026-06-01,11783,3855,Germany,Software,10
2026-06-01,15588,2245,United States,Hardware,17
2026-06-01,2988,551,Japan,Training,3
2026-06-01,18197,3954,Germany,Hardware,26
2026-06-01,4802,1381,United Kingdom,Training,5
2026-06-01,11182,2274,France,Hardware,9
2026-06-01,6481,896,United Kingdom,Hardware,5
2026-06-01,9614,2309,France,Services,10
2026-06-01,2000,491,Japan,Training,4
2026-06-01,1566,597,United States,Services,1
2026-06-01,6701,3126,Spain,Software,11
2026-06-01,14762,5891,Spain,Software,16
2026-06-01,16198,5093,Japan,Software,21
2026-06-01,5690,1606,Spain,Training,5
2026-06-01,8828,2206,France,Hardware,8
2026-06-01,8400,2924,United States,Services,10
2026-06-01,1131,239,United States,Training,1
2026-06-01,8658,1130,Japan,Services,10
2026-06-01,1103,109,France,Training,1
2026-06-01,3055,1444,United States,Software,4
2026-06-01,10260,2660,Japan,Hardware,14
2026-06-01,4984,2475,Spain,Software,1
2026-06-01,11967,3338,France,Hardware,11
2026-06-01,3183,822,France,Training,3
2026-06-01,3292,328,Germany,Services,3
2026-06-01,4128,961,Japan,Services,6
2026-06-01,2299,455,United Kingdom,Training,2
2026-06-01,11164,2731,Germany,Training,12
2026-06-01,3245,1569,United Kingdom,Software,1
2026-06-01,2216,945,Spain,Training,1
2026-06-01,5124,1767,Germany,Software,3
2026-06-01,4985,656,France,Services,8
2026-06-01,5172,1024,Spain,Hardware,9
2026-06-01,3955,1175,United States,Training,9
2026-06-01,9440,4092,United States,Software,11
2026-06-01,5534,2582,United States,Software,5
2026-06-01,3590,1021,United States,Training,9
2026-06-01,1481,630,United States,Software,1
2026-06-01,4519,1154,United States,Training,5
2026-06-01,17078,7235,United States,Software,20
2026-06-01,12831,4709,Germany,Training,16
2026-06-01,5730,1801,Germany,Hardware,11
2026-06-01,6047,2084,Germany,Services,9
2026-06-01,15738,3629,United States,Hardware,20
2026-06-01,7896,2238,United States,Training,7
2026-06-01,4051,1099,United States,Hardware,6
2026-06-01,8625,1841,United Kingdom,Hardware,9
2026-06-01,5563,2326,Spain,Services,5
2026-06-01,13062,1432,United Kingdom,Hardware,14
2026-06-01,6804,3365,Spain,Software,10
2026-06-01,18350,4301,France,Hardware,25
2026-06-01,1293,175,Japan,Training,1
2026-06-01,6612,2186,Japan,Services,9
2026-06-01,1988,543,United States,Services,4
2026-06-01,6809,2462,United States,Software,7
2026-06-01,8937,1845,Germany,Hardware,12
2026-06-01,10215,3766,Japan,Software,13
2026-06-01,5478,2315,Japan,Services,10
2026-06-01,3595,652,Germany,Services,2
2026-06-01,1285,234,Germany,Training,3
2026-06-01,1182,161,France,Training,2
2026-06-01,47191,15257,United States,Hardware,54
2026-06-01,15009,4751,United Kingdom,Services,20
2026-06-01,9674,4715,France,Software,15
2026-06-01,16506,5951,Japan,Hardware,14
2026-06-01,6985,1317,United States,Hardware,12
2026-06-01,5861,1472,Spain,Hardware,6
2026-06-01,12313,5017,Germany,Software,11
2026-06-01,12735,4827,United States,Software,16
2026-06-01,25934,6837,United States,Hardware,30
2026-06-01,4059,1360,United States,Software,4
2026-06-01,1757,652,Japan,Training,5
2026-06-01,18209,6076,France,Hardware,29
2026-06-01,1680,481,United States,Training,1
2026-06-01,15012,2701,France,Hardware,17
2026-06-01,4271,1062,Germany,Services,6
2026-06-01,3800,585,United Kingdom,Hardware,4
2026-06-01,2903,1111,Germany,Services,2
2026-06-01,9037,2812,Japan,Services,7
2026-06-01,20227,5628,United States,Software,27
2026-06-01,3036,885,Germany,Services,3
2026-06-01,3704,726,Spain,Training,5
2026-06-01,4074,1325,United States,Services,7
2026-06-01,1772,534,United States,Training,4
2026-06-01,13950,4997,France,Software,14
2026-06-01,5279,2300,Spain,Software,2
2026-06-01,3023,923,United States,Services,8
2026-06-01,9769,4167,United Kingdom,Software,4
2026-06-01,3976,1048,United Kingdom,Hardware,10
2026-06-01,3660,1521,France,Software,8
2026-06-01,1972,678,United States,Training,2
2026-06-01,3736,1487,United States,Software,4
2026-06-01,1857,331,Japan,Services,1
2026-06-01,16114,2558,Germany,Training,18
2026-06-01,5863,1514,France,Training,5
2026-06-01,3171,902,Japan,Hardware,1
2026-06-01,1335,466,France,Services,2
2026-06-01,11833,3091,France,Services,13
2026-06-01,1897,644,France,Services,1
2026-06-01,3723,1108,Spain,Hardware,4
2026-06-01,5001,1104,United States,Training,10
2026-06-01,4425,992,United Kingdom,Services,9
2026-06-01,6084,2661,United States,Software,8
2026-06-01,9062,749,Germany,Hardware,9
2026-06-01,4736,1687,United States,Software,9
2026-06-01,7640,1664,France,Training,8
2026-06-01,6384,2433,Japan,Software,4
2026-06-01,5289,2366,United States,Software,6
2026-06-01,3280,1406,Germany,Software,4
2026-06-01,8106,1616,United States,Hardware,4
2026-06-01,3796,671,Japan,Hardware,4
2026-06-01,5696,1535,Spain,Services,6
2026-06-01,29933,8767,United Kingdom,Hardware,37
2026-06-01,3082,1054,Japan,Services,8
2026-06-01,2166,650,United States,Services,1
2026-06-01,1994,597,France,Services,4
2026-06-01,7084,2300,Spain,Software,11
2026-06-01,7530,2022,United States,Services,11
2026-06-01,5226,2086,Germany,Software,11
2026-06-01,5684,2082,Germany,Software,8
2026-06-01,9441,2114,Spain,Hardware,11
2026-06-01,1948,638,Japan,Training,3
2026-06-01,2105,522,United Kingdom,Training,4
2026-06-01,13515,4399,United States,Software,
2026-06-01,10743,3831,United States,Software,17
2026-06-01,10955,3771,United States,Software,15
2026-06-01,2403,957,Japan,Services,1
2026-06-01,3232,1319,Japan,Software,4
2026-06-01,4730,1507,United States,Software,6
2026-06-01,4339,1545,United States,Services,5
2026-06-01,4216,1167,United States,Training,1
2026-06-01,1732,427,Germany,Training,6
2026-06-01,2651,809,United States,Training,2
2026-06-01,7592,1881,Japan,Hardware,12
2026-06-01,2365,560,United States,Software,4
2026-06-01,8209,1526,Germany,Training,9
2026-06-01,4951,1275,Spain,Hardware,2
2026-06-01,3234,1156,Germany,Training,4
2026-06-01,8751,1596,Spain,Training,8
2026-06-01,6579,1870,Germany,Hardware,11
2026-06-01,5343,967,United Kingdom,Training,4
2026-06-01,4568,1296,United States,Training,3
2026-06-01,2766,1171,United States,Services,3
2026-06-01,2791,498,Germany,Services,3
2026-06-01,2292,514,United States,Training,2
2026-06-01,2725,511,Japan,Training,1
2026-06-01,13455,2655,Spain,Hardware,16
2026-06-01,6034,2711,United States,Software,4
2026-06-01,7427,2657,United Kingdom,Software,9
2026-06-01,3935,765,Germany,Training,6
2026-06-01,4534,1293,Germany,Training,10
2026-06-01,7890,2373,Japan,Software,5
2026-06-01,6570,1056,Germany,Hardware,6
2026-06-01,4010,887,Japan,Software,1
2026-06-01,2025,715,Spain,Training,3
2026-06-01,7763,1540,Japan,Training,7
2026-06-01,1039,375,Japan,Training,1
2026-06-01,2609,809,United States,Software,3
2026-06-01,4164,1618,United States,Software,6
2026-06-01,2832,1154,Germany,Software,5
2026-06-01,6669,2477,Spain,Software,1
2026-06-01,8746,2517,United States,Hardware,7
2026-06-01,4427,1393,United States,Software,6
2026-06-01,3366,1329,Spain,Software,3
2026-06-01,4738,1420,Japan,Training,5
2026-06-01,7281,2412,Spain,Software,3
2026-06-01,6974,3248,Germany,Software,6
2026-06-01,6506,1420,United States,Hardware,6
2026-06-01,1578,297,United States,Training,1
2026-06-01,1647,251,United States,Training,1
2026-06-01,2954,1044,France,Training,4
2026-06-01,3242,965,Japan,Training,8
2026-06-01,1327,671,Germany,Services,1
2026-06-01,2702,283,Spain,Hardware,4
2026-06-01,13272,4082,United States,Hardware,17
2026-06-01,5550,1184,United States,Training,5
2026-06-01,10714,2500,Japan,Services,14
2026-06-01,10520,3725,United Kingdom,Software,12
2026-06-01,4271,755,Japan,Hardware,2
2026-06-01,3472,1272,Japan,Software,2
2026-06-01,1861,612,Germany,Training,5
2026-06-01,8297,2803,United States,Training,9
2026-06-01,7142,2471,Germany,Software,11
2026-06-01,1826,630,United States,Training,3
2026-06-01,3047,797,Japan,Services,1
2026-06-01,5300,1417,United Kingdom,Services,5
2026-06-01,3254,1233,United States,Software,6
2026-06-01,7494,1697,United States,Training,7
2026-06-01,8703,3685,France,Software,12
2026-06-01,6054,1820,Germany,Software,6
2026-06-01,9553,1661,United States,Hardware,10
2026-06-01,12339,2652,Germany,Training,16
2026-06-01,22344,7394,United States,Hardware,23
2026-06-01,13219,2725,United States,Hardware,16
2026-06-01,2679,591,Germany,Training,6
2026-06-01,10812,2013,United States,Hardware,
2026-06-01,6703,2296,United States,Software,6
2026-07-01,3235,1040,Germany,Services,1
2026-07-01,9279,4268,France,Services,8
2026-07-01,3155,576,Japan,Training,2
2026-07-01,9559,3248,France,Services,9
2026-07-01,4365,963,United States,Hardware,4
2026-07-01,5065,1476,France,Hardware,8
2026-07-01,14486,2859,United States,Hardware,16
2026-07-01,4806,1363,France,Hardware,4
2026-07-01,4072,1946,France,Software,8
2026-07-01,11185,2570,Spain,Hardware,15
2026-07-01,16080,4471,France,Services,15
2026-07-01,3132,889,United States,Services,2
2026-07-01,3416,852,Japan,Services,1
2026-07-01,10849,4411,United States,Services,13
2026-07-01,7862,906,France,Hardware,9
2026-07-01,6562,1073,France,Hardware,14
2026-07-01,1736,455,Germany,Training,4
2026-07-01,2400,623,Germany,Services,5
2026-07-01,2180,1006,Spain,Software,4
2026-07-01,5961,2571,United States,Software,4
2026-07-01,11747,3239,Germany,Training,15
2026-07-01,4644,1089,United States,Services,5
2026-07-01,11420,2720,France,Hardware,13
2026-07-01,3312,807,Germany,Training,2
2026-07-01,2362,983,United States,Training,7
2026-07-01,7989,2051,Germany,Services,9
2026-07-01,12234,3555,United States,Software,15
2026-07-01,4051,1257,Spain,Training,4
2026-07-01,7685,2926,Japan,Software,10
2026-07-01,8371,1478,United Kingdom,Hardware,7
2026-07-01,9965,2696,France,Software,16
2026-07-01,5558,2330,Germany,Services,9
2026-07-01,4207,1625,France,Software,1
2026-07-01,3384,712,Japan,Hardware,7
2026-07-01,1465,416,Germany,Services,3
2026-07-01,3968,1237,Germany,Services,4
2026-07-01,4063,1268,France,Training,1
2026-07-01,1980,565,France,Training,1
2026-07-01,4753,1264,France,Training,3
2026-07-01,6191,2224,France,Services,3
2026-07-01,15051,2227,Japan,Hardware,16
2026-07-01,10453,3415,Japan,Hardware,13
2026-07-01,4048,1839,Japan,Services,5
2026-07-01,13983,5275,France,Software,17
2026-07-01,2184,671,United States,Training,8
2026-07-01,1728,614,Japan,Training,5
2026-07-01,4945,1290,Spain,Training,5
2026-07-01,3527,1131,France,Software,6
2026-07-01,6857,2834,Germany,Software,4
2026-07-01,11047,4677,Germany,Software,10
2026-07-01,5168,794,United States,Hardware,4
2026-07-01,14633,5968,Germany,Services,15
2026-07-01,6057,848,Japan,Hardware,5
2026-07-01,5554,990,United States,Hardware,6
2026-07-01,5403,826,Japan,Hardware,5
2026-07-01,13072,5507,Japan,Software,14
2026-07-01,6979,2364,United States,Training,3
2026-07-01,4835,1343,United States,Services,6
2026-07-01,3574,1394,Germany,Software,1
2026-07-01,4311,1532,France,Services,6
2026-07-01,3515,1083,United Kingdom,Training,1
2026-07-01,4346,726,United Kingdom,Hardware,8
2026-07-01,9297,1750,Germany,Hardware,8
2026-07-01,7084,1127,Japan,Training,7
2026-07-01,7346,2629,Japan,Services,8
2026-07-01,4122,857,United States,Training,1
2026-07-01,5546,885,United States,Hardware,5
2026-07-01,3188,1057,Japan,Software,6
2026-07-01,2243,401,United Kingdom,Services,1
2026-07-01,34556,6934,Spain,Hardware,44
2026-07-01,14357,4492,Japan,Services,14
2026-07-01,4803,937,Germany,Training,3
2026-07-01,835,290,United States,Training,5
2026-07-01,5375,1262,United States,Training,5
2026-07-01,8023,3435,Japan,Services,8
2026-07-01,640,141,France,Training,6
2026-07-01,11197,3070,Japan,Hardware,12
2026-07-01,4489,1108,United States,Training,8
2026-07-01,15400,1018,United States,Hardware,21
2026-07-01,5145,1847,United States,Training,1
2026-07-01,4835,1713,Japan,Software,5
2026-07-01,2129,874,France,Services,1
2026-07-01,3288,994,United States,Training,6
2026-07-01,13275,541,United Kingdom,Hardware,16
2026-07-01,7972,2889,Spain,Software,10
2026-07-01,7804,2277,United States,Hardware,10
2026-07-01,9564,4129,Germany,Software,11
2026-07-01,3369,777,Spain,Training,3
2026-07-01,3537,887,Japan,Hardware,1
2026-07-01,2256,555,France,Training,7
2026-07-01,5222,1508,Spain,Hardware,10
2026-07-01,4361,1198,United Kingdom,Training,5
2026-07-01,3287,662,Germany,Training,1
2026-07-01,3229,1050,United States,Training,5
2026-07-01,3806,1225,United States,Services,10
2026-07-01,17326,3593,Spain,Hardware,16
2026-07-01,14293,2644,France,Hardware,17
2026-07-01,10969,2246,United States,Hardware,11
2026-07-01,3854,878,United States,Services,3
2026-07-01,11044,2531,Germany,Hardware,4
2026-07-01,2546,623,United States,Training,5
2026-07-01,4818,1337,Japan,Training,4
2026-07-01,12703,4109,Germany,Hardware,17
2026-07-01,9355,3641,United States,Services,11
2026-07-01,14061,3525,Spain,Hardware,16
2026-07-01,2664,826,France,Software,3
2026-07-01,9081,1852,Japan,Hardware,15
2026-07-01,6661,2178,United Kingdom,Services,9
2026-07-01,2180,653,France,Training,2
2026-07-01,9865,3767,France,Services,10
2026-07-01,9573,2035,United States,Services,8
2026-07-01,7403,2918,United States,Software,6
2026-07-01,18525,4377,Germany,Hardware,22
2026-07-01,3765,885,France,Training,4
2026-07-01,1536,563,United Kingdom,Software,1
2026-07-01,10254,1567,Japan,Hardware,15
2026-07-01,6011,3243,United States,Software,
2026-07-01,5317,853,France,Hardware,6
2026-07-01,3913,852,United States,Services,6
2026-07-01,5013,1043,United States,Training,2
2026-07-01,4603,1242,Spain,Training,4
2026-07-01,7440,2167,Japan,Training,11
2026-07-01,6334,1707,France,Training,6
2026-07-01,13123,3816,Germany,Hardware,17
2026-07-01,10248,4170,United States,Software,9
2026-07-01,34100,7516,Japan,Hardware,39
2026-07-01,3307,1276,Japan,Software,6
2026-07-01,5648,1608,France,Training,6
2026-07-01,1981,229,United Kingdom,Hardware,2
2026-07-01,27166,4827,United States,Hardware,29
2026-07-01,9706,2215,Japan,Hardware,9
2026-07-01,4038,1299,United Kingdom,Hardware,1
2026-07-01,3376,547,Japan,Training,3
2026-07-01,5647,1686,United States,Services,8
2026-07-01,15059,4380,Spain,Services,19
2026-07-01,816,189,Spain,Training,1
2026-07-01,9368,3853,United States,Services,9
2026-07-01,3003,944,Japan,Training,6
2026-07-01,9296,920,Japan,Hardware,11
2026-07-01,2168,1163,France,Software,7
2026-07-01,5870,1273,Spain,Hardware,6
2026-07-01,3009,618,United States,Services,7
2026-07-01,9069,1362,United States,Hardware,6
2026-07-01,2720,793,Japan,Services,6
2026-07-01,10866,4446,France,Software,16
2026-07-01,3516,1200,France,Software,3
2026-07-01,2767,1109,United States,Services,5
2026-07-01,2991,853,France,Services,7
2026-07-01,3651,784,United States,Training,1
2026-07-01,8327,4936,France,Software,5
2026-07-01,10976,2581,France,Services,14
2026-07-01,3534,1759,Germany,Software,1
2026-07-01,2038,502,United Kingdom,Training,
2026-07-01,2855,656,Germany,Services,3
2026-07-01,15578,3963,Japan,Hardware,19
2026-07-01,3740,483,United States,Hardware,6
2026-07-01,6339,2293,Japan,Software,8
2026-07-01,13360,3651,Germany,Hardware,11
2026-07-01,4573,1266,United Kingdom,Training,5
2026-07-01,8062,1585,Japan,Hardware,12
2026-07-01,10827,3123,Germany,Software,11
2026-07-01,4088,1734,United States,Software,4
2026-07-01,5669,1811,Germany,Hardware,3
2026-07-01,8784,3110,France,Software,10
2026-07-01,3209,545,Spain,Hardware,2
2026-07-01,2592,624,United States,Training,4
2026-07-01,3840,1075,United States,Services,1
2026-07-01,1019,199,France,Services,5
2026-07-01,963,417,France,Services,1
2026-07-01,6105,956,United States,Hardware,2
2026-07-01,3293,1570,Germany,Software,1
2026-07-01,8723,2184,Spain,Hardware,10
2026-07-01,3969,591,United States,Training,3
2026-07-01,3901,1177,Germany,Services,5
2026-07-01,7445,2885,United States,Software,5
2026-07-01,3678,1095,United States,Services,3
2026-07-01,2566,723,Japan,Services,4
2026-07-01,19586,4975,Japan,Hardware,23
2026-07-01,6533,551,United States,Hardware,6
2026-07-01,4393,934,United Kingdom,Hardware,7
2026-07-01,5906,772,United Kingdom,Training,9
2026-07-01,10014,1100,United States,Hardware,7
2026-07-01,7751,1620,United States,Hardware,6
2026-07-01,6553,1816,United States,Hardware,8
2026-07-01,1207,557,United States,Software,3
2026-07-01,2024,448,France,Training,1
2026-07-01,1621,348,United States,Training,1
2026-07-01,5336,1802,Germany,Services,4
2026-07-01,7471,1212,Japan,Services,7
2026-07-01,2647,931,Germany,Services,3
2026-07-01,1651,573,Germany,Training,2
2026-07-01,7142,2448,Japan,Hardware,13
2026-07-01,9829,1705,United States,Hardware,10
2026-07-01,21511,6324,Spain,Hardware,24
2026-07-01,2412,452,France,Services,1
2026-07-01,1841,433,Germany,Training,2
2026-07-01,4913,1424,United Kingdom,Training,6
2026-07-01,4741,1014,United States,Hardware,9
2026-07-01,14863,7102,United Kingdom,Software,17
2026-07-01,4429,1743,United States,Software,5
2026-07-01,17503,4032,Japan,Hardware,17
2026-07-01,5396,1336,Germany,Services,4
2026-07-01,5428,1873,United Kingdom,Services,4
2026-07-01,13194,4956,Germany,Software,17
2026-07-01,8350,2511,Germany,Software,7
2026-07-01,11167,3876,United States,Software,12
2026-07-01,1869,770,United States,Training,1
2026-07-01,8836,1288,United States,Training,8
2026-07-01,5702,2015,Japan,Training,4
2026-07-01,2884,1091,Germany,Training,1
2026-07-01,8995,2166,Germany,Hardware,9
2026-07-01,5074,1680,United States,Services,4
2026-07-01,5862,1923,United States,Software,7
2026-07-01,2679,723,United States,Services,3
2026-07-01,4761,1464,Japan,Services,6
2026-07-01,5355,1141,Japan,Hardware,4
2026-07-01,1836,432,United Kingdom,Training,1
2026-07-01,7117,845,United States,Hardware,12
2026-07-01,1655,318,Germany,Training,4
2026-07-01,3375,1209,Japan,Hardware,6
2026-07-01,5269,1367,Germany,Services,9
2026-07-01,8432,2054,United Kingdom,Services,12
2026-07-01,2433,790,United States,Training,1
2026-07-01,5114,1474,United States,Services,5
2026-07-01,5231,1272,Japan,Hardware,5
2026-07-01,6551,1765,France,Hardware,5
2026-07-01,3016,869,United Kingdom,Training,4
2026-07-01,6548,2400,France,Software,5
2026-07-01,3235,934,Japan,Training,3
2026-07-01,10508,2041,United States,Hardware,16
2026-07-01,9885,2252,Spain,Hardware,15
2026-07-01,2350,835,Germany,Services,1
2026-07-01,12977,5292,United States,Software,21
2026-07-01,14361,5453,United States,Software,12
2026-07-01,11962,4854,Germany,Software,18
2026-07-01,6527,1698,France,Training,9
2026-07-01,19492,9301,Japan,Software,21
2026-07-01,11861,4008,Japan,Services,16
2026-07-01,2219,486,France,Training,2
2026-07-01,6411,1255,United Kingdom,Hardware,9
2026-07-01,2104,809,Germany,Training,4
2026-07-01,9063,4129,Japan,Software,11
2026-07-01,7080,1485,United States,Hardware,11
2026-07-01,6929,2838,Japan,Services,6
2026-07-01,4037,1427,Spain,Hardware,4
2026-07-01,16776,2560,Germany,Hardware,17
2026-07-01,2699,979,United Kingdom,Services,5
2026-07-01,3242,1337,Germany,Software,4
2026-07-01,12828,2282,Germany,Training,21
2026-07-01,2483,663,Spain,Services,8
2026-07-01,4860,844,United States,Services,5
2026-07-01,11483,2522,Spain,Services,10
2026-07-01,4453,702,France,Training,7
2026-07-01,8885,2863,United States,Hardware,9
2026-07-01,7369,637,France,Hardware,5
2026-07-01,2283,732,Japan,Services,4
2026-07-01,2131,516,United Kingdom,Services,3
2026-07-01,8649,2315,Japan,Services,5
2026-07-01,1794,506,Germany,Services,1
2026-07-01,1502,561,Japan,Training,3
2026-07-01,5612,1285,United States,Training,7
2026-07-01,6594,2161,France,Services,10
2026-07-01,3246,976,Spain,Training,5
2026-07-01,4352,558,Spain,Services,9
2026-07-01,5861,2746,Spain,Software,5
2026-07-01,4215,867,United States,Hardware,9
2026-07-01,1223,360,Japan,Training,4
2026-07-01,2657,811,Japan,Services,3
2026-07-01,3132,1080,Japan,Software,4
2026-07-01,2347,585,Germany,Training,2
2026-07-01,5335,1207,France,Hardware,11
2026-07-01,8054,924,Japan,Hardware,12
2026-07-01,2746,916,France,Training,7
2026-07-01,1977,582,United Kingdom,Hardware,1
2026-07-01,12085,1364,Japan,Hardware,12
2026-07-01,5917,1771,France,Training,5
2026-07-01,2295,899,Japan,Software,1
2026-07-01,3503,1230,United Kingdom,Training,5
2026-07-01,5086,1373,Germany,Services,2
2026-07-01,8029,3278,France,Software,8
2026-07-01,8160,4228,Japan,Software,10
2026-07-01,7285,2372,United Kingdom,Services,5
2026-07-01,1707,413,France,Training,1
2026-07-01,3758,749,United States,Software,2
2026-07-01,5976,373,Japan,Hardware,8
2026-07-01,1997,589,Spain,Training,1
2026-07-01,17837,4670,Germany,Hardware,13
2026-07-01,7370,2369,United States,Hardware,11
2026-07-01,11625,2460,Japan,Hardware,12
2026-07-01,12694,1284,Japan,Hardware,10
2026-07-01,6652,1502,Spain,Hardware,8
2026-07-01,5158,1654,United States,Services,10
2026-07-01,18253,5269,United Kingdom,Hardware,17
2026-07-01,6709,944,United Kingdom,Training,8
2026-07-01,14800,7497,Japan,Software,19
2026-07-01,5736,1694,United States,Hardware,7
2026-07-01,878,182,Spain,Training,1
2026-07-01,16091,5453,Spain,Hardware,12
2026-07-01,2199,871,Japan,Software,6
2026-07-01,7430,2285,United States,Software,8
2026-07-01,3647,1232,Spain,Software,1
2026-07-01,6300,2004,Germany,Services,8
2026-07-01,3998,899,Germany,Services,7
2026-07-01,6781,1999,France,Hardware,6
2026-07-01,3840,889,Spain,Training,7
2026-07-01,2809,589,Germany,Training,4
2026-07-01,5709,2302,United States,Services,4
2026-07-01,5183,1251,United Kingdom,Hardware,7
2026-07-01,3164,798,United States,Services,1
2026-07-01,6351,1974,Spain,Hardware,7
2026-07-01,13326,1346,United Kingdom,Hardware,15
2026-07-01,2439,600,United States,Services,1
2026-07-01,5490,1718,France,Software,3
2026-07-01,7641,2298,Germany,Software,8
2026-07-01,2918,1037,United Kingdom,Services,2
2026-07-01,5298,1796,Germany,Services,6
2026-07-01,7771,2764,Spain,Services,7
2026-07-01,4940,1429,United Kingdom,Services,10
2026-07-01,1803,513,Germany,Services,3
2026-07-01,3996,641,United States,Training,3
2026-07-01,2397,876,Germany,Software,8
2026-07-01,14807,5157,United States,Software,19
2026-07-01,23772,4624,France,Hardware,27
2026-07-01,5966,1341,United States,Hardware,4
2026-07-01,6269,2161,United States,Services,6
2026-07-01,13079,3340,United States,Hardware,19
2026-07-01,8271,3411,Spain,Software,14
2026-07-01,3069,944,United States,Services,3
2026-07-01,4119,1415,United States,Services,7
2026-07-01,2871,887,United States,Services,5
2026-07-01,5559,1816,United States,Services,5
2026-07-01,4151,1431,United Kingdom,Software,2
2026-07-01,4400,1445,Germany,Software,5
2026-07-01,1666,540,Japan,Training,2
2026-07-01,20800,5651,Spain,Services,21
2026-07-01,2501,754,United States,Training,2
2026-07-01,7819,3175,Germany,Software,12
2026-07-01,9788,1844,France,Hardware,17
2026-07-01,9580,3554,Japan,Software,17
2026-07-01,13976,3642,France,Software,15
2026-07-01,3145,734,Germany,Training,7
2026-07-01,5013,292,Germany,Hardware,5
2026-07-01,2210,941,France,Software,2
2026-07-01,2206,569,United States,Services,1
2026-07-01,4555,1118,United Kingdom,Training,3
2026-07-01,4088,808,United States,Services,4
2026-07-01,3494,1214,Japan,Services,1
2026-07-01,2902,672,Spain,Training,5
2026-07-01,6375,1577,France,Services,8
2026-07-01,5400,2015,France,Software,3
2026-07-01,3893,1016,Spain,Services,5
2026-07-01,18143,3588,France,Services,22
2026-07-01,19158,5708,United Kingdom,Hardware,24
2026-07-01,8342,2674,Japan,Software,3
2026-07-01,10587,3019,Germany,Hardware,12
2026-07-01,6750,2921,United States,Software,11
2026-07-01,9265,2528,France,Services,13
2026-07-01,4979,1282,Germany,Software,5
2026-07-01,10338,1919,Germany,Hardware,12
2026-07-01,4059,1039,Germany,Training,3
2026-07-01,4840,2217,United States,Services,4
2026-07-01,4156,1232,Germany,Services,6
2026-07-01,2433,1079,Germany,Training,1
2026-07-01,7038,2500,Japan,Services,5
2026-07-01,3264,768,France,Hardware,1
2026-07-01,6801,2268,Germany,Services,5
2026-07-01,6942,2031,France,Training,11
2026-07-01,2633,439,Spain,Training,7
2026-07-01,3806,1344,United States,Training,6
2026-07-01,9535,3429,Spain,Services,6
2026-07-01,5386,1735,France,Services,5
2026-07-01,1656,334,Spain,Training,4
2026-07-01,4863,1465,United States,Hardware,4
2026-07-01,3591,1140,United States,Training,6
2026-07-01,6406,1629,United States,Hardware,10
2026-07-01,7142,1702,Germany,Hardware,7
2026-07-01,22128,5435,Germany,Hardware,21
2026-07-01,1006,210,Germany,Training,1
2026-07-01,8861,1850,Germany,Hardware,14
2026-07-01,3377,974,Japan,Training,6
2026-07-01,6075,1504,United Kingdom,Hardware,5
2026-07-01,3431,939,United States,Training,5
2026-07-01,21544,4956,United States,Hardware,25
2026-07-01,6653,2440,Spain,Hardware,2
2026-07-01,16918,2125,Germany,Hardware,21
2026-07-01,4386,1252,Japan,Software,9
2026-07-01,3929,1173,Japan,Hardware,1
2026-07-01,8329,1817,Germany,Hardware,9
2026-07-01,5761,1494,United States,Services,5
2026-07-01,4609,1818,United Kingdom,Software,7
2026-07-01,2748,806,United States,Services,2
2026-07-01,13559,2098,United States,Hardware,18
2026-07-01,5311,2368,United Kingdom,Software,2
2026-07-01,3241,556,Germany,Services,7
2026-07-01,3041,288,Germany,Training,6
2026-07-01,4410,964,Japan,Services,7
2026-07-01,6045,2428,Spain,Services,7
2026-07-01,2167,904,Germany,Services,4
2026-07-01,5256,1832,United States,Training,2
2026-07-01,12881,3391,Japan,Hardware,17
2026-08-01,3811,1516,United Kingdom,Software,4
2026-08-01,17154,3376,United Kingdom,Hardware,19
2026-08-01,7731,1539,Germany,Hardware,14
2026-08-01,2857,1444,Japan,Software,9
2026-08-01,8910,3067,United States,Services,12
2026-08-01,2754,1343,Spain,Software,6
2026-08-01,17295,2559,Japan,Hardware,20
2026-08-01,4981,2115,United States,Software,9
2026-08-01,5962,2109,United Kingdom,Software,6
2026-08-01,2871,1373,United Kingdom,Software,1
2026-08-01,7137,1875,Spain,Hardware,8
2026-08-01,3499,1213,Spain,Software,3
2026-08-01,4667,1654,Spain,Services,5
2026-08-01,1081,301,Japan,Training,1
2026-08-01,4337,842,France,Hardware,2
2026-08-01,10270,2352,France,Services,8
2026-08-01,3470,1527,United States,Software,2
2026-08-01,2938,1089,Germany,Software,6
2026-08-01,3844,875,Japan,Training,3
2026-08-01,817,394,France,Software,5
2026-08-01,1577,517,Japan,Training,1
2026-08-01,3243,1457,United States,Software,1
2026-08-01,6091,1801,Germany,Services,7
2026-08-01,1896,310,Spain,Training,1
2026-08-01,19325,4535,United States,Hardware,26
2026-08-01,7296,1923,Germany,Hardware,15
2026-08-01,2943,862,Germany,Services,9
2026-08-01,9737,2931,Japan,Services,6
2026-08-01,4179,871,United States,Hardware,5
2026-08-01,6097,1828,Japan,Services,6
2026-08-01,5079,570,Spain,Hardware,6
2026-08-01,19374,3956,Germany,Hardware,20
2026-08-01,7009,1645,France,Hardware,9
2026-08-01,4213,806,United States,Training,7
2026-08-01,1283,418,United Kingdom,Training,1
2026-08-01,4032,1225,Germany,Hardware,5
2026-08-01,5639,1556,Germany,Services,4
2026-08-01,1745,704,France,Software,1
2026-08-01,2458,524,United States,Training,4
2026-08-01,1222,149,Japan,Training,1
2026-08-01,2264,628,France,Software,1
2026-08-01,4898,1283,United States,Hardware,8
2026-08-01,1528,428,France,Services,1
2026-08-01,18475,1956,Germany,Hardware,
2026-08-01,3604,1216,United Kingdom,Training,1
2026-08-01,6359,1725,Spain,Software,16
2026-08-01,2755,593,Japan,Services,2
2026-08-01,8557,3117,Japan,Software,7
2026-08-01,1565,520,Germany,Services,1
2026-08-01,11086,3211,United Kingdom,Hardware,17
2026-08-01,5720,2553,Spain,Software,7
2026-08-01,2056,162,Spain,Training,4
2026-08-01,5011,1249,United Kingdom,Services,4
2026-08-01,5027,1919,France,Services,6
2026-08-01,4987,1560,Germany,Hardware,6
2026-08-01,2612,901,United Kingdom,Services,5
2026-08-01,6320,1415,Japan,Services,12
2026-08-01,14431,6731,United States,Software,21
2026-08-01,2701,712,Germany,Hardware,2
2026-08-01,6663,2735,United States,Software,9
2026-08-01,4851,703,Japan,Training,5
2026-08-01,5715,1856,United States,Services,6
2026-08-01,20813,4338,United States,Hardware,22
2026-08-01,2526,1010,France,Software,1
2026-08-01,3262,708,Spain,Training,1
2026-08-01,3446,1747,United States,Software,4
2026-08-01,10064,3806,Germany,Software,11
2026-08-01,2003,383,France,Training,1
2026-08-01,4750,1031,France,Hardware,7
2026-08-01,1949,386,Germany,Training,1
2026-08-01,1076,129,Spain,Training,7
2026-08-01,4883,1786,United Kingdom,Services,7
2026-08-01,8139,2649,France,Software,5
2026-08-01,6663,1670,Spain,Services,3
2026-08-01,11373,4312,United States,Software,15
2026-08-01,4861,1480,United States,Training,10
2026-08-01,3230,883,United States,Services,4
2026-08-01,2428,590,Germany,Training,1
2026-08-01,11723,3299,Germany,Services,10
2026-08-01,3326,1139,United States,Hardware,1
2026-08-01,4997,1837,Germany,Services,11
2026-08-01,2932,932,Japan,Services,1
2026-08-01,3432,1044,United Kingdom,Training,5
2026-08-01,2768,519,Germany,Training,1
2026-08-01,20710,1146,Spain,Hardware,24
2026-08-01,12849,4179,Japan,Software,15
2026-08-01,6683,2940,United Kingdom,Software,8
2026-08-01,10267,4295,United States,Software,10
2026-08-01,13968,4746,Japan,Software,22
2026-08-01,2982,912,United States,Services,1
2026-08-01,5253,840,Spain,Hardware,11
2026-08-01,14598,6377,United Kingdom,Software,13
2026-08-01,3578,1458,France,Services,5
2026-08-01,5115,1939,Germany,Software,5
2026-08-01,6141,1535,France,Services,8
2026-08-01,4838,2414,United States,Software,4
2026-08-01,9166,1965,Japan,Hardware,6
2026-08-01,1694,637,Germany,Software,4
2026-08-01,4831,1143,United States,Training,8
2026-08-01,3551,1413,Japan,Services,1
2026-08-01,3046,1012,Germany,Training,1
2026-08-01,4700,890,United States,Hardware,6
2026-08-01,1340,437,United States,Services,3
2026-08-01,2283,832,Spain,Training,3
2026-08-01,1327,369,Spain,Training,4
2026-08-01,6689,959,Japan,Hardware,7
2026-08-01,5232,1422,United Kingdom,Services,2
2026-08-01,10281,1343,Spain,Hardware,14
2026-08-01,11582,5107,Germany,Software,19
2026-08-01,27122,7991,United States,Hardware,28
2026-08-01,5130,1723,Spain,Training,3
2026-08-01,6410,3023,United Kingdom,Software,10
2026-08-01,7609,947,United States,Hardware,5
2026-08-01,1792,445,United Kingdom,Training,4
2026-08-01,23184,10246,Spain,Software,29
2026-08-01,5739,1239,United States,Services,6
2026-08-01,8409,1834,France,Hardware,10
2026-08-01,1323,521,United Kingdom,Software,5
2026-08-01,8920,2980,United Kingdom,Software,6
2026-08-01,4259,1083,United States,Training,6
2026-08-01,30944,3762,Germany,Hardware,37
2026-08-01,2580,821,United States,Services,2
2026-08-01,13974,5106,United States,Software,15
2026-08-01,2636,1111,United States,Software,3
2026-08-01,15707,6463,Spain,Software,21
2026-08-01,4747,1727,United States,Services,4
2026-08-01,8488,2642,Germany,Software,5
2026-08-01,3474,767,Spain,Hardware,4
2026-08-01,1751,548,Spain,Training,1
2026-08-01,4804,1438,United States,Hardware,8
2026-08-01,3109,910,Japan,Services,1
2026-08-01,13990,6987,United States,Software,13
2026-08-01,5345,2112,Germany,Software,7
2026-08-01,6675,1397,United Kingdom,Hardware,6
2026-08-01,5405,1930,France,Software,4
2026-08-01,21160,5915,United Kingdom,Hardware,20
2026-08-01,10174,3416,Germany,Hardware,9
2026-08-01,19433,7718,France,Software,20
2026-08-01,19387,5448,Japan,Software,11
2026-08-01,8098,2217,Germany,Hardware,9
2026-08-01,10679,2525,United Kingdom,Hardware,14
2026-08-01,1328,340,Germany,Services,1
2026-08-01,4019,1407,Germany,Software,1
2026-08-01,1884,547,Japan,Training,1
2026-08-01,12446,3884,United Kingdom,Services,14
2026-08-01,6478,1937,Germany,Services,5
2026-08-01,7146,1154,Germany,Hardware,10
2026-08-01,5945,2272,France,Training,5
2026-08-01,7896,2864,United Kingdom,Software,6
2026-08-01,6684,2150,United States,Hardware,7
2026-08-01,14509,4989,United States,Services,18
2026-08-01,6593,1814,France,Hardware,3
2026-08-01,4934,1583,Spain,Hardware,6
2026-08-01,8633,2434,Spain,Training,11
2026-08-01,6614,2403,France,Services,7
2026-08-01,4611,1539,Germany,Software,5
2026-08-01,5446,2418,United Kingdom,Software,7
2026-08-01,2783,497,Spain,Hardware,5
2026-08-01,6263,1752,Germany,Training,2
2026-08-01,5267,2297,United States,Services,1
2026-08-01,4437,1632,Japan,Software,9
2026-08-01,19137,3597,France,Hardware,27
2026-08-01,2758,1222,United States,Software,6
2026-08-01,512,172,France,Training,1
2026-08-01,19339,3415,Japan,Hardware,25
2026-08-01,12165,3033,United Kingdom,Services,9
2026-08-01,5826,2863,Germany,Software,7
2026-08-01,4465,2196,Japan,Software,9
2026-08-01,6236,1949,Japan,Training,5
2026-08-01,10858,4167,Germany,Software,13
2026-08-01,2594,1037,Japan,Software,2
2026-08-01,4275,1373,Germany,Training,1
2026-08-01,5069,1062,France,Hardware,2
2026-08-01,6869,2325,Spain,Software,4
2026-08-01,4513,1427,Germany,Training,7
2026-08-01,3738,1005,Japan,Services,7
2026-08-01,4486,1438,Germany,Software,7
2026-08-01,2515,710,Germany,Training,9
2026-08-01,4768,1167,Japan,Training,8
2026-08-01,2069,598,France,Services,1
2026-08-01,2495,527,Japan,Training,3
2026-08-01,6822,1820,Germany,Hardware,8
2026-08-01,3644,1137,Germany,Software,1
2026-08-01,13112,4910,Spain,Services,12
2026-08-01,2051,617,Spain,Training,1
2026-08-01,1593,693,Spain,Services,3
2026-08-01,8742,3495,United States,Software,11
2026-08-01,6993,1532,Spain,Hardware,5
2026-08-01,5089,1565,Germany,Hardware,1
2026-08-01,3606,877,France,Training,1
2026-08-01,2000,505,Germany,Training,1
2026-08-01,12263,3743,Germany,Hardware,17
2026-08-01,16845,5716,United States,Software,21
2026-08-01,7080,1494,United States,Hardware,6
2026-08-01,6718,1821,Japan,Hardware,7
2026-08-01,1987,403,Japan,Training,4
2026-08-01,13502,6726,Germany,Software,16
2026-08-01,937,223,France,Training,1
2026-08-01,3527,1495,United Kingdom,Services,6
2026-08-01,6096,1736,France,Training,11
2026-08-01,29741,8232,United Kingdom,Hardware,35
2026-08-01,4905,817,Spain,Hardware,9
2026-08-01,4837,1496,Spain,Hardware,
2026-08-01,3970,969,Japan,Training,2
2026-08-01,1791,399,United States,Hardware,5
2026-08-01,4695,1643,France,Software,7
2026-08-01,5179,1477,United States,Services,1
2026-08-01,9544,2277,United States,Hardware,11
2026-08-01,3204,731,Germany,Training,8
2026-08-01,5489,2225,United States,Software,9
2026-08-01,10452,3263,United States,Hardware,8
2026-08-01,3290,502,Spain,Training,5
2026-08-01,6286,1287,United States,Hardware,5
2026-08-01,6201,2236,Japan,Software,9
2026-08-01,5207,2088,United States,Software,4
2026-08-01,5706,2565,United States,Software,10
2026-08-01,3550,869,United States,Services,1
2026-08-01,6930,1360,United States,Hardware,4
2026-08-01,2564,569,United Kingdom,Training,1
2026-08-01,2871,784,Japan,Services,3
2026-08-01,12844,3250,United States,Services,15
2026-08-01,4254,994,Spain,Hardware,6
2026-08-01,2679,669,United States,Training,5
2026-08-01,2981,697,France,Training,5
2026-08-01,6122,813,United Kingdom,Hardware,4
2026-08-01,10675,3843,United States,Services,6
2026-08-01,5917,2577,Spain,Software,8
2026-08-01,4475,1852,Germany,Services,4
2026-08-01,2039,336,Germany,Training,1
2026-08-01,4132,373,United States,Training,8
2026-08-01,8964,1495,Spain,Hardware,12
2026-08-01,6347,1507,Japan,Services,6
2026-08-01,6124,2033,United Kingdom,Services,3
2026-08-01,8593,3975,France,Software,11
2026-08-01,8969,4145,France,Software,6
2026-08-01,9483,2545,Japan,Training,11
2026-08-01,3968,986,Spain,Training,1
2026-08-01,6603,2146,France,Services,12
2026-08-01,2621,851,United States,Services,2
2026-08-01,1962,568,Germany,Hardware,1
2026-08-01,4538,928,United Kingdom,Hardware,3
2026-08-01,5652,1411,France,Services,
2026-08-01,4676,1183,Germany,Services,5
2026-08-01,2121,636,United States,Training,1
2026-08-01,7678,2283,United States,Services,7
2026-08-01,7214,2378,France,Training,9
2026-08-01,9945,3940,United States,Software,11
2026-08-01,2904,861,Germany,Training,1
2026-08-01,5536,1489,Germany,Training,4
2026-08-01,3192,1613,United States,Software,7
2026-08-01,1203,464,France,Services,3
2026-08-01,6178,1831,Spain,Training,7
2026-08-01,4743,1545,United States,Services,7
2026-08-01,3577,1321,United States,Training,2
2026-08-01,6553,1900,United States,Training,8
2026-08-01,6724,2084,United Kingdom,Training,8
2026-08-01,4708,1438,Germany,Training,7
2026-08-01,2327,663,France,Training,2
2026-08-01,6527,2331,France,Software,12
2026-08-01,4245,1955,United States,Software,6
2026-08-01,1444,315,Germany,Training,3
2026-08-01,8066,2436,United Kingdom,Services,9
2026-08-01,7329,1028,Germany,Services,8
2026-08-01,2400,550,Germany,Services,5
2026-08-01,24284,7763,Germany,Software,22
2026-08-01,7370,3067,United Kingdom,Software,13
2026-08-01,7949,1610,Spain,Hardware,11
2026-08-01,2683,1059,United States,Software,1
2026-08-01,2420,831,United States,Software,1
2026-08-01,6045,2320,Spain,Software,6
2026-08-01,684,243,United States,Training,3
2026-08-01,1629,225,United States,Training,3
2026-08-01,2706,568,United Kingdom,Hardware,10
2026-08-01,2520,1019,United Kingdom,Training,5
2026-08-01,2399,740,United Kingdom,Services,6
2026-08-01,7233,2159,Spain,Services,10
2026-08-01,23407,6610,United States,Hardware,25
2026-08-01,14977,1381,Spain,Hardware,18
2026-08-01,10233,3839,France,Services,13
2026-08-01,1059,218,France,Training,2
2026-08-01,4155,800,France,Services,8
2026-08-01,11896,1163,United States,Hardware,14
2026-08-01,6817,1103,Japan,Hardware,9
2026-08-01,10104,4378,Japan,Software,8
2026-08-01,3180,260,Japan,Training,5
2026-08-01,1652,389,United Kingdom,Training,1
2026-08-01,4818,1595,United Kingdom,Software,8
2026-08-01,4692,1801,United Kingdom,Software,7
2026-08-01,1032,391,United Kingdom,Software,5
2026-08-01,8215,4981,United States,Software,9
2026-08-01,2833,901,France,Software,3
2026-08-01,7389,1670,United States,Services,10
2026-08-01,2771,1261,Germany,Software,1
2026-08-01,3851,1285,United States,Software,4
2026-08-01,8136,3366,France,Software,7
2026-08-01,1981,552,United States,Training,1
2026-08-01,11384,4442,Germany,Software,12
2026-08-01,7494,2650,Japan,Software,7
2026-08-01,5485,988,United States,Training,5
2026-08-01,3602,1310,Japan,Software,7
2026-08-01,8523,2497,France,Training,8
2026-08-01,3499,1117,Germany,Training,2
2026-08-01,6579,2004,United Kingdom,Services,11
2026-08-01,11943,2692,United States,Hardware,16
2026-08-01,6366,1365,United States,Training,6
2026-08-01,1127,291,Spain,Training,2
2026-08-01,5839,2050,France,Training,11
2026-08-01,4144,1260,Germany,Software,10
2026-08-01,7913,1264,Spain,Hardware,4
2026-08-01,10623,2890,United Kingdom,Services,14
2026-08-01,11638,4524,Japan,Software,11
2026-08-01,3463,1150,Japan,Hardware,6
2026-08-01,3164,1135,Japan,Services,1
2026-08-01,4103,1168,United States,Services,4
2026-08-01,2272,675,United States,Services,1
2026-08-01,3078,1158,United States,Software,3
2026-08-01,16861,1927,United States,Hardware,21
2026-08-01,4285,1484,Spain,Training,7
2026-08-01,8350,3768,Germany,Software,10
2026-08-01,4765,1048,Germany,Training,3
2026-08-01,8437,3272,United States,Software,10
2026-08-01,3648,724,United States,Training,2
2026-08-01,9540,4158,United States,Services,12
2026-08-01,6101,2322,Spain,Software,2
2026-08-01,2964,968,Germany,Software,1
2026-08-01,6825,2808,Germany,Software,11
2026-08-01,2794,1024,United States,Training,4
2026-08-01,834,317,Germany,Training,1
2026-08-01,8166,3867,United States,Software,7
2026-08-01,3620,1080,United States,Software,1
2026-08-01,2257,612,Japan,Training,2
2026-08-01,2108,819,Japan,Services,4
2026-08-01,1215,234,United States,Training,1
2026-08-01,9498,2582,United Kingdom,Hardware,6
2026-08-01,6208,729,Japan,Hardware,15
2026-08-01,7282,972,France,Hardware,10
2026-08-01,2996,657,United Kingdom,Training,5
2026-08-01,11640,2359,Spain,Hardware,13
2026-08-01,4545,1470,United States,Services,5
2026-08-01,1152,353,Germany,Software,1
2026-08-01,6838,2146,United States,Software,12
2026-08-01,18582,3247,France,Hardware,23
2026-08-01,4495,1212,Germany,Services,5
2026-08-01,7313,1878,Germany,Hardware,6
2026-08-01,13657,6820,Japan,Software,17
2026-08-01,1050,315,United Kingdom,Services,5
2026-08-01,6165,2443,Spain,Software,6
2026-08-01,2924,904,United Kingdom,Hardware,1
2026-08-01,3022,628,United States,Training,3
2026-08-01,10820,1802,Germany,Hardware,12
2026-08-01,1776,595,United States,Services,5
2026-08-01,4670,1493,United States,Services,11
2026-08-01,8496,2354,United States,Services,11
2026-08-01,5004,1835,Japan,Software,4
2026-08-01,1573,647,Spain,Training,1
2026-08-01,2500,383,France,Training,4
2026-08-01,3128,1067,France,Software,9
2026-08-01,1216,312,Spain,Training,1
2026-08-01,2742,753,Japan,Training,1
2026-08-01,11714,4454,Germany,Software,10
2026-08-01,7098,2050,France,Hardware,5
2026-08-01,5655,1683,United States,Hardware,5
2026-08-01,3064,833,United States,Training,7
2026-08-01,7291,2387,United Kingdom,Software,7
2026-08-01,3013,730,France,Training,5
2026-08-01,16411,5692,Japan,Services,20
2026-08-01,2596,714,United States,Training,6
2026-08-01,21755,5827,United States,Hardware,26
2026-08-01,7431,2336,United Kingdom,Software,9
2026-08-01,2268,677,Germany,Training,2
2026-08-01,1806,502,United States,Training,1
2026-08-01,4801,1617,Spain,Services,4
2026-08-01,10251,1966,United States,Hardware,11
2026-08-01,14180,1785,Japan,Hardware,18
2026-08-01,7961,1872,Germany,Hardware,7
2026-08-01,5976,1103,Germany,Hardware,7
2026-08-01,2165,588,Spain,Training,4
2026-08-01,4171,1400,United Kingdom,Software,4
2026-08-01,4054,1286,United States,Software,4
2026-08-01,3254,870,Germany,Hardware,5
2026-08-01,3403,1539,Spain,Software,1
2026-08-01,8008,3355,France,Software,
2026-08-01,5846,1072,United States,Training,6
2026-08-01,352,95,United States,Training,1
2026-08-01,2312,702,France,Training,4
2026-08-01,8209,3388,France,Software,12
2026-08-01,2388,834,Germany,Services,1
2026-08-01,4085,1082,France,Hardware,1
2026-08-01,1717,164,United States,Training,6
2026-08-01,3396,1440,United States,Software,1
2026-08-01,3529,1041,United States,Services,1
2026-08-01,12824,2860,United States,Hardware,23
2026-08-01,3984,703,United States,Hardware,5
2026-08-01,16434,3853,France,Hardware,21
2026-08-01,4412,1836,Spain,Software,3
2026-08-01,3002,606,Spain,Training,4
2026-08-01,1565,381,United Kingdom,Services,1
2026-08-01,2913,1068,United States,Training,3
2026-08-01,5385,1670,United States,Software,9
2026-08-01,2479,531,Japan,Services,1
2026-09-01,3707,985,Japan,Services,8
2026-09-01,8627,2762,Germany,Services,10
2026-09-01,2435,745,United States,Software,3
2026-09-01,1798,602,United Kingdom,Software,1
2026-09-01,4484,1080,France,Services,5
2026-09-01,4065,1418,Japan,Services,1
2026-09-01,25082,5081,United States,Hardware,28
2026-09-01,3134,799,United States,Training,6
2026-09-01,5496,1764,Japan,Training,7
2026-09-01,6019,1092,United States,Hardware,9
2026-09-01,11535,4015,United Kingdom,Hardware,12
2026-09-01,6489,1249,United Kingdom,Hardware,11
2026-09-01,14726,4586,France,Services,24
2026-09-01,6210,1860,France,Software,5
2026-09-01,9074,1300,Japan,Hardware,9
2026-09-01,10308,2285,Japan,Hardware,8
2026-09-01,5221,2064,Spain,Services,5
2026-09-01,5691,2612,Germany,Software,11
2026-09-01,1637,339,United States,Training,2
2026-09-01,2834,1142,Germany,Software,1
2026-09-01,6366,2941,United States,Software,10
2026-09-01,3788,1849,United Kingdom,Software,1
2026-09-01,11408,3651,Spain,Hardware,15
2026-09-01,9805,3581,United Kingdom,Services,11
2026-09-01,5125,2307,Germany,Software,10
2026-09-01,4527,1909,France,Services,6
2026-09-01,2258,912,United States,Training,6
2026-09-01,1736,775,Japan,Services,10
2026-09-01,4894,2090,France,Software,10
2026-09-01,1956,598,Japan,Software,5
2026-09-01,4932,1927,Japan,Software,9
2026-09-01,2048,628,United States,Training,1
2026-09-01,2285,454,Germany,Training,4
2026-09-01,4674,894,Japan,Hardware,3
2026-09-01,4229,1251,United Kingdom,Software,1
2026-09-01,5886,1775,United States,Services,6
2026-09-01,3965,1017,Spain,Hardware,9
2026-09-01,9006,4373,Spain,Software,1
2026-09-01,15359,1030,Spain,Hardware,22
2026-09-01,2366,911,Spain,Training,2
2026-09-01,5081,2368,France,Software,5
2026-09-01,29082,9057,United States,Services,33
2026-09-01,5157,2426,France,Software,6
2026-09-01,10278,3889,Germany,Software,9
2026-09-01,25382,5711,United States,Hardware,22
2026-09-01,2141,1130,Japan,Software,1
2026-09-01,9121,1656,United States,Hardware,14
2026-09-01,15994,4439,United States,Hardware,13
2026-09-01,4531,963,United Kingdom,Services,1
2026-09-01,4649,1740,France,Software,5
2026-09-01,3568,1494,United States,Software,1
2026-09-01,6555,2269,Germany,Software,8
2026-09-01,2162,523,United States,Services,1
2026-09-01,1407,293,United States,Hardware,5
2026-09-01,3191,819,United States,Training,1
2026-09-01,7159,3109,United Kingdom,Software,10
2026-09-01,17233,4155,United Kingdom,Hardware,17
2026-09-01,8154,2448,United States,Software,3
2026-09-01,3145,887,Germany,Training,3
2026-09-01,14102,4262,Germany,Hardware,13
2026-09-01,985,270,United Kingdom,Training,2
2026-09-01,6256,1953,France,Software,7
2026-09-01,12327,4924,United States,Software,14
2026-09-01,4058,1669,United Kingdom,Services,2
2026-09-01,11527,3490,United Kingdom,Software,14
2026-09-01,2423,835,Japan,Training,8
2026-09-01,4208,1004,Germany,Services,3
2026-09-01,14773,5431,Japan,Hardware,23
2026-09-01,4136,1156,United Kingdom,Services,11
2026-09-01,3642,1354,United States,Services,7
2026-09-01,3162,775,United States,Hardware,1
2026-09-01,819,195,United States,Training,2
2026-09-01,3451,1059,Germany,Hardware,4
2026-09-01,7991,3038,France,Software,10
2026-09-01,1100,226,United States,Training,1
2026-09-01,4317,454,United States,Hardware,1
2026-09-01,3822,904,United States,Services,1
2026-09-01,2084,465,Germany,Training,3
2026-09-01,4368,861,France,Hardware,2
2026-09-01,3910,1382,United States,Software,7
2026-09-01,4910,1880,Japan,Software,12
2026-09-01,5104,1059,United Kingdom,Hardware,12
2026-09-01,1439,246,Germany,Services,1
2026-09-01,3891,1318,Japan,Software,3
2026-09-01,6341,2690,Japan,Software,8
2026-09-01,2669,775,Japan,Training,3
2026-09-01,2576,851,Japan,Software,8
2026-09-01,15138,3617,Germany,Hardware,18
2026-09-01,8162,1681,Germany,Hardware,13
2026-09-01,960,243,Germany,Training,1
2026-09-01,1841,844,Japan,Training,7
2026-09-01,4918,1193,Japan,Training,11
2026-09-01,1754,322,Germany,Services,4
2026-09-01,4873,689,Japan,Hardware,8
2026-09-01,1781,503,Spain,Training,1
2026-09-01,549,179,Germany,Services,2
2026-09-01,8021,1774,United States,Hardware,11
2026-09-01,4368,705,Japan,Hardware,3
2026-09-01,4744,953,Spain,Hardware,6
2026-09-01,7874,3254,Japan,Hardware,8
2026-09-01,9038,1864,Spain,Hardware,11
2026-09-01,4497,1977,Germany,Software,4
2026-09-01,8256,1357,Japan,Hardware,13
2026-09-01,6514,1124,France,Hardware,8
2026-09-01,2234,591,United States,Training,9
2026-09-01,1631,401,Germany,Services,1
2026-09-01,1776,357,United States,Training,5
2026-09-01,3627,1018,France,Services,6
2026-09-01,3057,893,France,Services,3
2026-09-01,4548,1214,Japan,Services,1
2026-09-01,3600,850,Germany,Hardware,4
2026-09-01,9385,2248,France,Software,8
2026-09-01,12825,4356,Germany,Hardware,15
2026-09-01,4833,727,Spain,Hardware,4
2026-09-01,1411,452,Japan,Training,2
2026-09-01,5922,1582,Spain,Hardware,9
2026-09-01,8480,2291,Germany,Services,8
2026-09-01,2704,334,Japan,Services,2
2026-09-01,3029,920,Germany,Training,11
2026-09-01,8518,946,United States,Hardware,14
2026-09-01,14335,4154,United Kingdom,Hardware,15
2026-09-01,1817,459,Spain,Training,1
2026-09-01,4081,1259,United States,Training,8
2026-09-01,5217,2160,United States,Software,8
2026-09-01,5346,2598,United States,Software,11
2026-09-01,2024,769,United Kingdom,Services,2
2026-09-01,3598,561,Spain,Hardware,1
2026-09-01,6354,2466,France,Software,10
2026-09-01,8875,3508,United States,Software,9
2026-09-01,5632,2415,France,Software,5
2026-09-01,5168,1247,Germany,Hardware,8
2026-09-01,10231,1485,France,Hardware,10
2026-09-01,2144,835,Germany,Software,1
2026-09-01,3380,899,United States,Hardware,1
2026-09-01,12790,1950,United Kingdom,Hardware,17
2026-09-01,2330,853,Germany,Software,3
2026-09-01,1283,292,Germany,Services,2
2026-09-01,1399,502,Japan,Training,1
2026-09-01,12134,1217,United States,Hardware,16
2026-09-01,22845,6176,France,Hardware,27
2026-09-01,8967,2809,United Kingdom,Hardware,15
2026-09-01,2227,697,Japan,Training,1
2026-09-01,9237,2869,Germany,Hardware,11
2026-09-01,1345,319,Japan,Training,1
2026-09-01,6978,2251,Japan,Training,8
2026-09-01,2245,555,United States,Services,4
2026-09-01,5972,1887,United Kingdom,Software,7
2026-09-01,4996,1238,Spain,Training,4
2026-09-01,8326,609,Spain,Hardware,4
2026-09-01,8302,3888,Spain,Software,12
2026-09-01,3559,1379,United States,Services,5
2026-09-01,16420,3722,United Kingdom,Services,17
2026-09-01,1095,255,Spain,Training,4
2026-09-01,8535,2465,Germany,Hardware,4
2026-09-01,8169,3431,United States,Software,14
2026-09-01,2565,552,Japan,Training,1
2026-09-01,2394,665,United Kingdom,Training,8
2026-09-01,7993,1439,Germany,Services,13
2026-09-01,2047,572,United Kingdom,Training,3
2026-09-01,1700,485,Germany,Training,4
2026-09-01,4104,991,United States,Hardware,6
2026-09-01,2746,713,United States,Training,4
2026-09-01,4382,1301,Japan,Training,3
2026-09-01,4027,1626,United States,Software,1
2026-09-01,1439,564,Japan,Software,2
2026-09-01,9935,1940,France,Hardware,10
2026-09-01,4344,1128,Germany,Hardware,3
2026-09-01,7694,3570,Germany,Software,10
2026-09-01,3925,938,Germany,Training,3
2026-09-01,3574,1381,France,Software,4
2026-09-01,7177,2331,Japan,Training,9
2026-09-01,7568,2335,United States,Services,5
2026-09-01,6041,1079,United Kingdom,Services,3
2026-09-01,6757,2049,France,Hardware,9
2026-09-01,8822,1888,United States,Hardware,5
2026-09-01,9780,3399,Germany,Software,15
2026-09-01,4193,1302,United States,Services,6
2026-09-01,3656,1350,Germany,Software,7
2026-09-01,3125,754,Germany,Software,2
2026-09-01,4509,2343,Germany,Software,1
2026-09-01,3567,464,Spain,Hardware,1
2026-09-01,9410,1161,United States,Hardware,11
2026-09-01,2639,1061,Japan,Training,6
2026-09-01,4184,1334,France,Hardware,5
2026-09-01,2168,612,United Kingdom,Training,4
2026-09-01,11603,3916,Spain,Hardware,11
2026-09-01,30197,7209,Spain,Hardware,37
2026-09-01,2375,231,Germany,Training,5
2026-09-01,2598,504,United Kingdom,Training,5
2026-09-01,3666,1328,United States,Software,4
2026-09-01,2511,313,United Kingdom,Hardware,4
2026-09-01,4757,1605,Japan,Software,6
2026-09-01,5379,1630,France,Software,7
2026-09-01,4090,1227,Japan,Services,5
2026-09-01,2088,478,Spain,Training,1
2026-09-01,14307,6758,Spain,Software,19
2026-09-01,6131,1642,France,Software,7
2026-09-01,4409,1232,Germany,Training,6
2026-09-01,5927,1307,United States,Training,6
2026-09-01,1916,489,Germany,Services,1
2026-09-01,610,86,Spain,Training,3
2026-09-01,5137,1256,United Kingdom,Training,6
2026-09-01,4124,1371,United States,Software,1
2026-09-01,3359,837,United States,Training,1
2026-09-01,4085,1139,France,Services,7
2026-09-01,5904,1417,United States,Hardware,2
2026-09-01,5962,2464,Japan,Software,11
2026-09-01,3872,579,United States,Hardware,4
2026-09-01,2404,781,Japan,Services,8
2026-09-01,1895,479,United Kingdom,Training,1
2026-09-01,4572,1867,United Kingdom,Training,3
2026-09-01,7985,3142,United States,Software,8
2026-09-01,2905,755,Japan,Training,1
2026-09-01,2624,642,United States,Training,4
2026-09-01,8879,1817,Spain,Training,15
2026-09-01,6362,1072,Spain,Hardware,8
2026-09-01,1959,845,United States,Software,4
2026-09-01,6047,1079,United States,Hardware,10
2026-09-01,3213,583,United Kingdom,Training,1
2026-09-01,4536,1757,Germany,Software,7
2026-09-01,1314,330,Japan,Training,1
2026-09-01,4269,1137,United Kingdom,Services,6
2026-09-01,25574,6094,Japan,Hardware,33
2026-09-01,1935,682,Japan,Training,1
2026-09-01,7850,1614,France,Services,7
2026-09-01,10797,3093,Spain,Services,9
2026-09-01,4583,385,Spain,Hardware,2
2026-09-01,7941,2114,Spain,Hardware,8
2026-09-01,3836,706,United Kingdom,Hardware,5
2026-09-01,2397,763,Germany,Services,2
2026-09-01,5106,1895,Spain,Software,7
2026-09-01,2342,980,United States,Software,5
2026-09-01,6676,2779,Japan,Services,14
2026-09-01,8199,3018,Spain,Hardware,11
2026-09-01,1743,307,France,Training,2
2026-09-01,9299,1639,Japan,Hardware,8
2026-09-01,10326,3722,Germany,Hardware,11
2026-09-01,4289,1150,Japan,Hardware,6
2026-09-01,2299,478,United Kingdom,Training,1
2026-09-01,995,288,Germany,Training,4
2026-09-01,11622,3364,Japan,Hardware,16
2026-09-01,5679,2609,United Kingdom,Software,5
2026-09-01,869,176,Germany,Training,1
2026-09-01,1263,310,Japan,Training,3
2026-09-01,1261,283,United States,Training,1
2026-09-01,3705,1092,United Kingdom,Training,2
2026-09-01,1448,347,Germany,Services,2
2026-09-01,30508,3049,United Kingdom,Hardware,35
2026-09-01,7667,1507,Spain,Hardware,2
2026-09-01,6021,1373,Germany,Hardware,8
2026-09-01,7118,3002,Japan,Software,9
2026-09-01,3807,1640,United States,Training,4
2026-09-01,1998,341,France,Training,4
2026-09-01,6261,1514,Germany,Hardware,7
2026-09-01,20134,3639,Spain,Hardware,23
2026-09-01,3164,909,United Kingdom,Services,3
2026-09-01,5566,1724,United States,Services,5
2026-09-01,2785,1153,United States,Services,1
2026-09-01,5979,1959,United Kingdom,Software,9
2026-09-01,1800,784,France,Services,1
2026-09-01,4356,1256,Spain,Training,5
2026-09-01,2673,699,Germany,Services,1
2026-09-01,2718,985,United Kingdom,Services,2
2026-09-01,2073,720,Spain,Training,7
2026-09-01,3026,950,Germany,Services,2
2026-09-01,3141,460,United States,Hardware,7
2026-09-01,19678,6608,France,Hardware,20
2026-09-01,18176,7905,United States,Software,18
2026-09-01,1085,258,France,Training,2
2026-09-01,4452,1183,Japan,Training,3
2026-09-01,9181,2960,United States,Software,11
2026-09-01,8101,2085,Spain,Hardware,11
2026-09-01,1645,394,Japan,Hardware,3
2026-09-01,2499,884,United States,Services,2
2026-09-01,4829,1637,United States,Software,8
2026-09-01,10712,4458,Germany,Software,11
2026-09-01,5342,1170,France,Services,3
2026-09-01,17409,5960,Japan,Software,23
2026-09-01,14615,3928,Japan,Hardware,11
2026-09-01,12149,3834,Japan,Hardware,11
2026-09-01,6756,1351,Germany,Hardware,8
2026-09-01,4848,1295,Spain,Training,4
2026-09-01,6103,2216,Spain,Software,4
2026-09-01,4585,1568,United States,Software,9
2026-09-01,5178,1839,Japan,Software,9
2026-09-01,2356,681,Spain,Services,1
2026-09-01,3315,820,United States,Training,6
2026-09-01,3398,944,United States,Services,6
2026-09-01,4258,1155,Japan,Services,4
2026-09-01,4711,295,Spain,Hardware,7
2026-09-01,2243,689,Spain,Services,1
2026-09-01,7291,1507,Japan,Hardware,1
2026-09-01,4997,1204,United States,Training,7
2026-09-01,8266,1310,Germany,Hardware,6
2026-09-01,4053,1036,United States,Hardware,1
2026-09-01,546,176,United Kingdom,Training,1
2026-09-01,13236,2660,France,Hardware,15
2026-09-01,6074,1500,Japan,Hardware,6
2026-09-01,1757,393,Spain,Training,1
2026-09-01,1890,454,Germany,Services,3
2026-09-01,2444,777,France,Software,2
2026-09-01,3830,1303,United States,Services,8
2026-09-01,1041,238,Japan,Training,3
2026-09-01,2138,618,Spain,Training,1
2026-09-01,11610,667,France,Hardware,14
2026-09-01,4664,1336,United States,Software,5
2026-09-01,4034,1039,United States,Services,2
2026-09-01,7908,3567,United Kingdom,Software,9
2026-09-01,8972,4013,United States,Software,4
2026-09-01,4033,1365,France,Hardware,9
2026-09-01,10397,3109,France,Training,13
2026-09-01,2214,1052,France,Software,2
2026-09-01,3505,1087,United States,Software,7
2026-09-01,1540,339,Germany,Services,2
2026-09-01,1723,370,Germany,Services,
2026-09-01,7797,2447,France,Hardware,9
2026-09-01,6721,2035,Spain,Hardware,1
2026-09-01,5576,2534,Japan,Software,13
2026-09-01,5843,2700,United States,Services,3
2026-09-01,4684,1985,Germany,Software,6
2026-09-01,11826,3850,United States,Hardware,11
2026-09-01,8780,2772,United States,Software,10
2026-09-01,1855,709,Germany,Services,3
2026-09-01,3278,1201,France,Software,2
2026-09-01,6027,2305,Spain,Services,6
2026-09-01,4107,754,United States,Training,9
2026-09-01,2227,939,France,Services,2
2026-09-01,4261,895,Germany,Training,7
2026-09-01,3065,909,Japan,Training,6
2026-09-01,1479,332,Spain,Training,5
2026-09-01,7690,2855,France,Software,10
2026-09-01,3616,1099,United States,Services,6
2026-09-01,6172,1660,Spain,Hardware,7
2026-09-01,12060,3541,Japan,Services,9
2026-09-01,3922,1400,Spain,Services,8
2026-09-01,16406,7803,United States,Software,14
2026-09-01,3249,1833,Spain,Software,4
2026-09-01,5737,1737,France,Software,2
2026-09-01,820,151,Spain,Training,5
2026-09-01,10687,2867,France,Hardware,17
2026-09-01,6889,2393,United Kingdom,Software,5
2026-09-01,4801,1083,United States,Hardware,6
2026-09-01,1713,399,United States,Services,4
2026-09-01,5637,2321,United Kingdom,Software,13
2026-09-01,6037,1802,Spain,Software,7
2026-09-01,6710,1018,Germany,Hardware,9
2026-09-01,36406,3726,Germany,Hardware,44
2026-09-01,3458,1333,United States,Services,1
2026-09-01,5001,1514,Japan,Training,5
2026-09-01,17680,3875,France,Hardware,21
2026-09-01,1128,339,France,Training,1
2026-09-01,7318,2925,Spain,Software,13
2026-09-01,2340,321,Spain,Training,1
2026-09-01,2566,884,Germany,Software,3
2026-09-01,8607,1178,Germany,Hardware,13
2026-09-01,5020,2070,United States,Software,6
2026-09-01,10197,3734,France,Hardware,11
2026-09-01,8956,2693,United States,Hardware,13
2026-09-01,1529,489,France,Training,1
2026-09-01,4373,1107,United States,Services,6
2026-09-01,4286,919,United States,Services,6
2026-09-01,1156,265,Germany,Training,4
2026-09-01,2897,854,Spain,Services,6
2026-09-01,4753,1030,United States,Hardware,5
2026-09-01,4277,1787,Spain,Software,5
2026-09-01,3742,1546,Japan,Software,3
2026-09-01,4977,894,United States,Hardware,4
2026-09-01,12360,5156,Germany,Software,12
2026-09-01,3433,952,United States,Training,3
2026-09-01,5492,1926,Japan,Services,7
2026-09-01,7998,1622,United States,Hardware,7
2026-09-01,3448,588,United Kingdom,Training,3
2026-09-01,1309,265,United Kingdom,Services,2
2026-09-01,3253,1024,Japan,Services,2
2026-09-01,5624,1229,Japan,Services,5
2026-09-01,1776,395,United States,Training,1
2026-09-01,7563,1459,United States,Hardware,9
2026-09-01,2778,924,France,Services,3
2026-09-01,1492,509,Spain,Training,9
2026-09-01,4967,2182,Japan,Software,3
2026-09-01,2379,449,France,Training,4
2026-09-01,1244,335,United States,Services,1
2026-09-01,8463,2384,Germany,Services,8
2026-09-01,3322,920,Japan,Hardware,1
2026-09-01,2164,495,United States,Services,1
2026-09-01,5366,975,Spain,Hardware,5
2026-09-01,3795,1338,Spain,Software,8
2026-09-01,5228,1982,United States,Software,5
2026-09-01,7705,1353,France,Hardware,7
2026-09-01,5622,1034,Spain,Services,1
2026-09-01,8076,3414,Spain,Software,4
2026-09-01,4480,1393,United States,Services,3
2026-09-01,10085,1467,United Kingdom,Hardware,10
2026-09-01,1816,700,Spain,Services,6
2026-09-01,5234,1519,United States,Services,4
2026-09-01,3590,1077,Spain,Software,5
2026-09-01,5221,1795,Spain,Services,3
2026-09-01,4601,1300,Japan,Services,9
2026-09-01,2027,464,United Kingdom,Services,2
2026-09-01,4791,1533,United Kingdom,Software,7
2026-10-01,2493,1040,United States,Training,1
2026-10-01,8505,2259,United Kingdom,Hardware,8
2026-10-01,2226,717,United States,Training,1
2026-10-01,3642,1166,Japan,Hardware,1
2026-10-01,11730,1168,France,Hardware,14
2026-10-01,1725,588,Japan,Training,4
2026-10-01,6498,952,United States,Hardware,3
2026-10-01,8925,1976,Germany,Hardware,7
2026-10-01,1787,456,United States,Services,5
2026-10-01,7841,2173,United States,Software,8
2026-10-01,3651,1291,United Kingdom,Services,9
2026-10-01,7889,2579,United Kingdom,Hardware,10
2026-10-01,3079,1308,Japan,Software,4
2026-10-01,2328,1073,Japan,Software,1
2026-10-01,2544,898,Spain,Training,1
2026-10-01,1380,404,United Kingdom,Training,3
2026-10-01,7775,3004,Spain,Software,5
2026-10-01,917,303,United Kingdom,Training,9
2026-10-01,11672,3325,Germany,Hardware,13
2026-10-01,3566,678,United Kingdom,Hardware,2
2026-10-01,19775,3279,United States,Hardware,19
2026-10-01,2935,623,United States,Services,4
2026-10-01,10312,459,Germany,Hardware,12
2026-10-01,1682,548,United States,Training,1
2026-10-01,15038,7005,United States,Software,17
2026-10-01,3553,1255,Germany,Software,
2026-10-01,3673,1274,United States,Services,4
2026-10-01,6965,1368,Germany,Hardware,2
2026-10-01,1887,420,Japan,Training,1
2026-10-01,1837,523,United States,Training,3
2026-10-01,2073,336,United States,Training,2
2026-10-01,1049,206,Spain,Training,1
2026-10-01,3934,1179,Spain,Services,5
2026-10-01,3505,1002,Germany,Hardware,6
2026-10-01,4700,629,Japan,Hardware,7
2026-10-01,5355,635,Japan,Hardware,8
2026-10-01,2458,756,Spain,Training,3
2026-10-01,9438,2606,Japan,Hardware,11
2026-10-01,9224,2220,United Kingdom,Services,9
2026-10-01,2958,1430,Japan,Software,6
2026-10-01,5325,1953,Germany,Software,4
2026-10-01,1241,332,Japan,Training,3
2026-10-01,7872,2541,Germany,Services,7
2026-10-01,5125,1041,Japan,Hardware,8
2026-10-01,3010,986,Spain,Services,2
2026-10-01,3062,1031,United Kingdom,Services,2
2026-10-01,1727,431,France,Hardware,3
2026-10-01,1070,254,United States,Training,1
2026-10-01,5895,2207,France,Training,6
2026-10-01,4715,2380,Spain,Software,6
2026-10-01,2126,389,United Kingdom,Training,8
2026-10-01,1537,393,Germany,Training,1
2026-10-01,1505,344,Germany,Training,1
2026-10-01,4076,1782,United States,Software,4
2026-10-01,13694,1187,Spain,Hardware,18
2026-10-01,7561,2039,United States,Hardware,7
2026-10-01,4970,1243,United States,Training,6
2026-10-01,4214,1216,United Kingdom,Hardware,1
2026-10-01,3097,1180,Germany,Hardware,6
2026-10-01,9421,2312,Spain,Hardware,7
2026-10-01,812,224,United States,Training,1
2026-10-01,7025,1707,United States,Services,10
2026-10-01,6152,1999,France,Hardware,4
2026-10-01,2557,991,Spain,Software,6
2026-10-01,5731,2361,United States,Services,4
2026-10-01,3761,1595,Japan,Software,3
2026-10-01,1180,435,Spain,Services,3
2026-10-01,6423,1868,United States,Services,12
2026-10-01,2384,1010,United States,Services,5
2026-10-01,2770,1084,Japan,Software,1
2026-10-01,3907,1212,Germany,Services,5
2026-10-01,3022,976,Germany,Training,1
2026-10-01,1852,631,Germany,Training,3
2026-10-01,994,204,Spain,Training,3
2026-10-01,3566,1531,United States,Services,7
2026-10-01,38296,8517,Japan,Hardware,40
2026-10-01,11188,2747,United States,Software,14
2026-10-01,1793,565,Germany,Software,1
2026-10-01,1538,289,France,Training,2
2026-10-01,4284,1901,Spain,Services,8
2026-10-01,4992,754,United Kingdom,Hardware,10
2026-10-01,4132,1369,Spain,Software,2
2026-10-01,3223,590,France,Services,1
2026-10-01,31546,10111,France,Hardware,34
2026-10-01,4916,712,Japan,Hardware,13
2026-10-01,2691,1003,Japan,Training,6
2026-10-01,2249,207,Japan,Hardware,7
2026-10-01,2367,926,Germany,Services,1
2026-10-01,1278,261,United Kingdom,Training,1
2026-10-01,4634,1918,Japan,Software,5
2026-10-01,2587,880,Germany,Software,1
2026-10-01,2887,416,France,Training,2
2026-10-01,4733,1827,Germany,Software,6
2026-10-01,3435,1055,Spain,Services,5
2026-10-01,1977,584,United States,Services,5
2026-10-01,3241,935,United States,Services,3
2026-10-01,775,297,United States,Software,1
2026-10-01,1663,589,Germany,Services,3
2026-10-01,9251,2753,France,Hardware,14
2026-10-01,4511,1152,France,Hardware,5
2026-10-01,2621,743,Germany,Hardware,4
2026-10-01,9065,3264,United Kingdom,Software,10
2026-10-01,6517,1689,Germany,Hardware,1
2026-10-01,1017,313,United States,Training,1
2026-10-01,3584,781,Germany,Training,4
2026-10-01,5281,1788,Spain,Software,1
2026-10-01,2749,1015,France,Software,2
2026-10-01,1260,279,France,Training,1
2026-10-01,3095,1063,Spain,Services,1
2026-10-01,4677,972,Spain,Training,3
2026-10-01,6763,2535,United States,Services,7
2026-10-01,3120,1398,United Kingdom,Software,3
2026-10-01,3608,877,Japan,Hardware,5
2026-10-01,4277,1138,United Kingdom,Training,9
2026-10-01,8318,2594,Spain,Hardware,14
2026-10-01,573,281,Germany,Software,1
2026-10-01,6791,2916,Germany,Services,2
2026-10-01,7581,1495,United Kingdom,Hardware,9
2026-10-01,6228,2324,France,Software,4
2026-10-01,7312,2400,United States,Services,8
2026-10-01,2303,946,Spain,Software,5
2026-10-01,14576,4530,France,Hardware,16
2026-10-01,5887,1778,United States,Services,9
2026-10-01,2534,839,United States,Software,4
2026-10-01,5121,1596,France,Training,3
2026-10-01,5352,706,Germany,Software,
2026-10-01,6002,1064,Japan,Training,9
2026-10-01,8048,3060,Japan,Software,10
2026-10-01,6859,1898,United States,Hardware,8
2026-10-01,1940,561,France,Training,1
2026-10-01,4101,808,Japan,Services,11
2026-10-01,4629,924,Germany,Hardware,3
2026-10-01,12973,3472,Spain,Hardware,16
2026-10-01,6561,2067,Germany,Software,12
2026-10-01,13219,4791,Japan,Software,15
2026-10-01,6520,1118,United States,Hardware,7
2026-10-01,4274,1019,Germany,Hardware,1
2026-10-01,2561,532,Japan,Services,6
2026-10-01,8922,4110,Germany,Software,10
2026-10-01,3774,842,Japan,Training,5
2026-10-01,4971,1557,Germany,Software,4
2026-10-01,4359,339,Germany,Services,3
2026-10-01,5195,2430,France,Software,2
2026-10-01,1458,534,France,Services,5
2026-10-01,2768,475,Germany,Hardware,5
2026-10-01,4434,1476,Japan,Hardware,3
2026-10-01,18941,7018,United States,Hardware,18
2026-10-01,7639,2429,Germany,Hardware,9
2026-10-01,1976,791,Japan,Software,3
2026-10-01,8031,3084,Germany,Software,14
2026-10-01,5006,1278,Japan,Services,6
2026-10-01,6418,3170,United Kingdom,Software,10
2026-10-01,3623,790,Spain,Training,8
2026-10-01,883,313,Spain,Services,3
2026-10-01,3322,913,United States,Services,3
2026-10-01,5556,1153,France,Training,9
2026-10-01,9494,2281,United Kingdom,Hardware,10
2026-10-01,7822,1770,Spain,Hardware,9
2026-10-01,3331,470,United Kingdom,Hardware,2
2026-10-01,2373,590,France,Services,1
2026-10-01,6883,2227,Japan,Services,8
2026-10-01,5874,892,United States,Hardware,2
2026-10-01,5910,929,Spain,Hardware,8
2026-10-01,2900,1230,United States,Software,2
2026-10-01,2738,1015,United Kingdom,Services,4
2026-10-01,4274,1264,United Kingdom,Services,1
2026-10-01,3448,1224,Japan,Training,2
2026-10-01,7572,2617,Spain,Services,10
2026-10-01,5023,2117,Spain,Software,1
2026-10-01,3242,1487,France,Services,3
2026-10-01,2544,991,United States,Training,5
2026-10-01,8258,2977,Japan,Hardware,10
2026-10-01,7529,2211,Japan,Services,7
2026-10-01,8419,3843,United Kingdom,Software,7
2026-10-01,3566,1124,Japan,Training,2
2026-10-01,7147,2245,France,Software,6
2026-10-01,3508,403,Germany,Hardware,1
2026-10-01,6589,1971,Germany,Software,7
2026-10-01,6747,856,France,Training,10
2026-10-01,1735,634,Japan,Software,2
2026-10-01,1533,434,France,Training,4
2026-10-01,4074,665,United States,Training,1
2026-10-01,2692,537,United Kingdom,Training,3
2026-10-01,1848,442,France,Training,6
2026-10-01,1782,718,United States,Software,6
2026-10-01,4920,1728,United Kingdom,Hardware,10
2026-10-01,2235,263,France,Training,1
2026-10-01,5200,1052,Spain,Training,7
2026-10-01,8158,4193,Germany,Software,10
2026-10-01,6892,1995,Germany,Software,9
2026-10-01,4617,1267,Spain,Hardware,7
2026-10-01,2332,991,United Kingdom,Software,1
2026-10-01,6620,2360,Japan,Software,9
2026-10-01,6535,1297,United Kingdom,Hardware,9
2026-10-01,2578,694,United States,Training,8
2026-10-01,2694,591,Japan,Training,6
2026-10-01,1215,245,United Kingdom,Services,4
2026-10-01,8138,3520,Germany,Software,14
2026-10-01,9594,705,United States,Hardware,9
2026-10-01,4907,1068,United Kingdom,Hardware,12
2026-10-01,5378,1460,Spain,Hardware,5
2026-10-01,2207,612,France,Software,3
2026-10-01,11153,2952,Japan,Training,10
2026-10-01,2954,1038,France,Software,3
2026-10-01,10668,3155,Germany,Hardware,6
2026-10-01,4657,723,United States,Training,10
2026-10-01,1312,470,Japan,Training,2
2026-10-01,1477,308,United States,Services,1
2026-10-01,8424,2612,Japan,Hardware,3
2026-10-01,6893,1699,United States,Hardware,11
2026-10-01,2688,851,Germany,Software,2
2026-10-01,4734,1024,Germany,Services,8
2026-10-01,10545,4920,United States,Software,15
2026-10-01,3678,913,Germany,Training,7
2026-10-01,8526,2716,Japan,Software,12
2026-10-01,7557,1274,Japan,Software,12
2026-10-01,2288,882,Japan,Training,4
2026-10-01,7874,1637,France,Services,10
2026-10-01,8715,1526,France,Hardware,11
2026-10-01,10766,2764,United States,Hardware,14
2026-10-01,12523,1513,Japan,Hardware,13
2026-10-01,8059,2359,Germany,Hardware,12
2026-10-01,30119,9974,United States,Software,29
2026-10-01,7603,1151,Germany,Hardware,5
2026-10-01,7245,2235,Spain,Hardware,14
2026-10-01,5314,1515,United Kingdom,Services,3
2026-10-01,5386,943,Japan,Hardware,6
2026-10-01,5277,1379,Germany,Services,7
2026-10-01,8807,2486,Germany,Hardware,10
2026-10-01,7871,1414,Japan,Services,8
2026-10-01,919,198,United States,Training,1
2026-10-01,2195,562,Japan,Training,4
2026-10-01,1689,368,United States,Services,5
2026-10-01,1556,551,Germany,Services,1
2026-10-01,6361,1841,Japan,Training,4
2026-10-01,3049,659,Germany,Training,1
2026-10-01,2887,858,Germany,Software,4
2026-10-01,7671,2611,Spain,Hardware,12
2026-10-01,3386,1270,Germany,Software,1
2026-10-01,5338,553,Germany,Hardware,7
2026-10-01,6130,957,United States,Hardware,9
2026-10-01,3277,1659,France,Software,3
2026-10-01,1536,465,United Kingdom,Services,4
2026-10-01,13120,4435,Japan,Hardware,11
2026-10-01,4235,1678,Germany,Software,3
2026-10-01,7016,2400,Japan,Services,5
2026-10-01,6071,975,Spain,Hardware,5
2026-10-01,3947,812,France,Training,4
2026-10-01,2227,547,United States,Hardware,9
2026-10-01,21548,3139,United States,Hardware,21
2026-10-01,4212,1249,Japan,Hardware,9
2026-10-01,7675,2541,Germany,Software,10
2026-10-01,3625,1042,Germany,Training,6
2026-10-01,8291,3984,United States,Software,8
2026-10-01,2948,1020,Germany,Software,3
2026-10-01,3002,1329,United Kingdom,Software,4
2026-10-01,2742,560,United States,Services,6
2026-10-01,9483,4007,United States,Services,10
2026-10-01,4501,1515,France,Software,10
2026-10-01,5547,1892,Japan,Training,8
2026-10-01,4588,1141,Germany,Services,3
2026-10-01,7473,1732,United States,Hardware,8
2026-10-01,1525,514,United Kingdom,Training,1
2026-10-01,1998,561,Spain,Training,4
2026-10-01,1505,431,Germany,Services,1
2026-10-01,1365,413,United States,Training,1
2026-10-01,3159,807,Spain,Training,1
2026-10-01,2517,1270,Japan,Software,3
2026-10-01,7691,1771,France,Training,11
2026-10-01,5513,1570,Japan,Hardware,5
2026-10-01,4199,424,Germany,Hardware,3
2026-10-01,4998,681,United States,Hardware,10
2026-10-01,5471,1978,France,Software,6
2026-10-01,7527,3318,Spain,Software,7
2026-10-01,4552,1955,Spain,Software,4
2026-10-01,8492,2548,United Kingdom,Hardware,7
2026-10-01,9731,2166,Japan,Hardware,11
2026-10-01,5943,1207,Spain,Hardware,6
2026-10-01,2040,597,United States,Services,2
2026-10-01,6313,1446,France,Hardware,8
2026-10-01,5857,1695,United Kingdom,Services,6
2026-10-01,6793,2736,Spain,Software,9
2026-10-01,5615,2456,United States,Software,11
2026-10-01,5757,2549,Japan,Software,7
2026-10-01,5906,2034,United Kingdom,Software,5
2026-10-01,1117,230,France,Training,1
2026-10-01,4658,2297,France,Software,6
2026-10-01,5982,962,Spain,Hardware,7
2026-10-01,4371,1333,United Kingdom,Services,9
2026-10-01,2902,744,Germany,Training,1
2026-10-01,3138,648,Germany,Training,5
2026-10-01,6076,2033,United Kingdom,Services,2
2026-10-01,7885,3042,France,Services,7
2026-10-01,1716,747,Japan,Software,2
2026-10-01,4433,1301,Japan,Hardware,2
2026-10-01,2734,1066,Germany,Training,
2026-10-01,9382,3556,United States,Software,11
2026-10-01,2059,315,France,Services,1
2026-10-01,5133,1384,United States,Services,6
2026-10-01,2794,522,United States,Hardware,8
2026-10-01,3327,1284,France,Software,9
2026-10-01,7838,2062,Japan,Hardware,13
2026-10-01,7756,2463,Spain,Services,10
2026-10-01,4775,1145,Germany,Hardware,9
2026-10-01,2085,873,Germany,Software,4
2026-10-01,1488,168,Germany,Training,5
2026-10-01,1958,522,United States,Training,1
2026-10-01,5146,1396,Spain,Training,2
2026-10-01,3693,870,United Kingdom,Hardware,1
2026-10-01,2442,1111,Japan,Software,5
2026-10-01,1494,459,Spain,Services,7
2026-10-01,3860,1267,France,Services,1
2026-10-01,3263,1313,Japan,Services,4
2026-10-01,3602,1335,United States,Software,8
2026-10-01,11556,1791,Germany,Hardware,12
2026-10-01,16115,5094,France,Hardware,18
2026-10-01,2340,837,Spain,Services,
2026-10-01,5268,1532,Spain,Hardware,7
2026-10-01,796,184,Germany,Training,2
2026-10-01,9277,3000,Germany,Software,12
2026-10-01,3555,1597,Germany,Software,6
2026-10-01,3274,1009,United Kingdom,Services,4
2026-10-01,2918,793,France,Services,6
2026-10-01,3649,747,France,Services,6
2026-10-01,8730,2335,Spain,Hardware,13
2026-10-01,3083,638,United States,Training,5
2026-10-01,2597,992,Japan,Software,1
2026-10-01,2396,933,Spain,Hardware,1
2026-10-01,553,159,Germany,Services,2
2026-10-01,6178,2410,United States,Software,5
2026-10-01,8892,3800,France,Software,6
2026-10-01,5382,1670,Germany,Software,7
2026-10-01,1208,370,France,Training,1
2026-10-01,2911,977,France,Training,7
2026-10-01,955,267,France,Training,5
2026-10-01,1248,346,United States,Training,1
2026-10-01,4790,1577,Germany,Hardware,4
2026-10-01,2879,659,Germany,Training,1
2026-10-01,4356,1110,Spain,Software,2
2026-10-01,2093,651,Germany,Services,1
2026-10-01,1048,374,Spain,Software,6
2026-10-01,3788,1544,United States,Services,1
2026-10-01,4437,806,Japan,Hardware,4
2026-10-01,3136,896,France,Training,4
2026-10-01,5218,1785,Spain,Hardware,6
2026-10-01,3355,1057,United States,Software,3
2026-10-01,4140,1179,Japan,Software,6
2026-10-01,2023,371,United States,Training,5
2026-10-01,5069,898,Japan,Hardware,14
2026-10-01,13390,5515,Germany,Software,15
2026-10-01,2212,698,Germany,Services,3
2026-10-01,5692,795,France,Hardware,5
2026-10-01,9074,2088,United States,Hardware,11
2026-10-01,7320,1484,United States,Training,12
2026-10-01,3110,721,Japan,Services,3
2026-10-01,4533,1174,Germany,Services,
2026-10-01,4695,2336,Japan,Software,5
2026-10-01,4682,1537,France,Services,2
2026-10-01,5572,974,France,Hardware,14
2026-10-01,12173,2400,United Kingdom,Hardware,14
2026-10-01,3093,964,Germany,Services,1
2026-10-01,3742,735,Japan,Hardware,3
2026-10-01,10421,4169,Spain,Software,12
2026-10-01,5592,2517,Spain,Software,7
2026-10-01,11239,3909,United States,Software,15
2026-10-01,7932,2348,Spain,Services,6
2026-10-01,669,105,Germany,Training,1
2026-10-01,2904,1119,Germany,Services,3
2026-10-01,12515,4464,United States,Software,15
2026-10-01,14551,4141,United States,Hardware,18
2026-10-01,5792,1426,France,Services,1
2026-10-01,4006,844,United States,Hardware,1
2026-10-01,2983,409,Japan,Hardware,3
2026-10-01,5867,1584,Spain,Hardware,6
2026-10-01,1697,581,United States,Software,2
2026-10-01,14144,4988,France,Hardware,15
2026-10-01,3041,1902,Spain,Software,4
2026-10-01,2348,624,United States,Training,1
2026-10-01,2721,871,France,Software,4
2026-10-01,5266,1101,United States,Hardware,5
2026-10-01,1249,182,France,Training,5
2026-10-01,2181,713,Germany,Training,1
2026-10-01,9671,3631,France,Software,18
2026-10-01,12982,2428,France,Hardware,15
2026-10-01,1843,639,France,Training,1
2026-10-01,6306,1492,United States,Training,7
2026-10-01,2945,957,Japan,Services,
2026-10-01,5900,2074,Germany,Software,4
2026-10-01,5694,1452,Spain,Services,8
2026-10-01,4426,1610,United States,Training,1
2026-10-01,2773,954,United States,Software,1
2026-10-01,8348,2162,Spain,Services,7
2026-10-01,7274,2712,Spain,Software,13
2026-10-01,1818,393,United Kingdom,Hardware,2
2026-10-01,6235,1188,United States,Services,7
2026-10-01,8598,2999,Germany,Software,4
2026-10-01,4301,1461,United States,Services,7
2026-10-01,9860,3922,United States,Software,12
2026-10-01,1122,421,Germany,Services,2
2026-10-01,1048,522,United States,Software,2
2026-11-01,3475,1058,Japan,Services,1
2026-11-01,3469,1372,Japan,Services,1
2026-11-01,4980,1668,United States,Software,3
2026-11-01,9744,3748,Germany,Software,8
2026-11-01,1402,520,Spain,Services,1
2026-11-01,5757,1410,Germany,Hardware,6
2026-11-01,4111,1635,France,Software,4
2026-11-01,1911,512,Spain,Training,1
2026-11-01,2717,551,United States,Training,6
2026-11-01,6484,1831,Germany,Hardware,7
2026-11-01,3063,1779,France,Software,2
2026-11-01,14185,4206,United States,Hardware,10
2026-11-01,4114,1024,United States,Services,
2026-11-01,702,237,United Kingdom,Training,1
2026-11-01,2848,965,Spain,Training,5
2026-11-01,5235,1521,United Kingdom,Hardware,3
2026-11-01,3534,1262,United States,Software,3
2026-11-01,2296,772,United Kingdom,Training,2
2026-11-01,1327,360,United States,Training,1
2026-11-01,4255,1202,Japan,Services,8
2026-11-01,2114,868,United Kingdom,Software,1
2026-11-01,3336,952,Germany,Services,1
2026-11-01,3395,902,United States,Services,7
2026-11-01,8593,3975,Japan,Software,14
2026-11-01,3004,1086,France,Training,2
2026-11-01,932,271,United States,Hardware,3
2026-11-01,4310,1335,United States,Services,7
2026-11-01,2583,681,Japan,Training,7
2026-11-01,8154,1663,Japan,Hardware,13
2026-11-01,13852,4389,United States,Software,15
2026-11-01,5544,1665,Japan,Hardware,1
2026-11-01,1939,505,Spain,Software,1
2026-11-01,2811,958,United States,Services,5
2026-11-01,1194,367,Germany,Training,1
2026-11-01,515,137,United States,Training,1
2026-11-01,4101,844,Japan,Services,1
2026-11-01,1231,321,United States,Training,1
2026-11-01,1276,282,Germany,Training,4
2026-11-01,1550,253,United Kingdom,Hardware,1
2026-11-01,1371,496,Japan,Services,2
2026-11-01,763,129,United States,Services,1
2026-11-01,3597,1268,Germany,Training,2
2026-11-01,1822,486,Japan,Training,1
2026-11-01,3609,537,Germany,Hardware,5
2026-11-01,14004,1897,Germany,Hardware,20
2026-11-01,1350,424,United States,Services,1
2026-11-01,2826,422,Germany,Training,1
2026-11-01,2116,853,Spain,Training,1
2026-11-01,8287,2000,Germany,Services,9
2026-11-01,14843,6131,United States,Software,17
2026-11-01,1422,604,United Kingdom,Software,3
2026-11-01,5913,1039,United States,Hardware,6
2026-11-01,870,218,United States,Training,1
2026-11-01,8801,1691,Spain,Hardware,8
2026-11-01,8231,2207,United States,Software,10
2026-11-01,9514,2538,Germany,Hardware,8
2026-11-01,1816,475,United States,Training,3
2026-11-01,6040,1953,Germany,Hardware,6
2026-11-01,2197,676,Japan,Services,2
2026-11-01,2821,856,Japan,Services,1
2026-11-01,6958,2685,United Kingdom,Software,7
2026-11-01,5397,1825,Japan,Hardware,9
2026-11-01,4372,870,Japan,Training,6
2026-11-01,3830,1234,Germany,Training,8
2026-11-01,2807,1201,Spain,Services,1
2026-11-01,3577,902,Japan,Services,4
2026-11-01,6047,1552,Japan,Hardware,8
2026-11-01,4421,1573,Germany,Services,4
2026-11-01,1252,273,United States,Training,1
2026-11-01,2015,713,Germany,Services,2
2026-11-01,1630,664,Germany,Software,4
2026-11-01,989,216,France,Training,2
2026-11-01,6750,1627,United Kingdom,Hardware,12
2026-11-01,7536,2005,United Kingdom,Hardware,11
2026-11-01,4395,1244,Germany,Services,6
2026-11-01,1438,341,France,Training,3
2026-11-01,2233,744,Spain,Software,3
2026-11-01,8255,2312,United States,Training,8
2026-11-01,917,338,Germany,Software,1
2026-11-01,1669,446,France,Services,7
2026-11-01,2276,625,Spain,Training,3
2026-11-01,9597,2147,Spain,Services,13
2026-11-01,5092,1778,Spain,Software,4
2026-11-01,5922,1085,Germany,Hardware,13
2026-11-01,1444,427,Spain,Training,2
2026-11-01,2799,635,France,Hardware,9
2026-11-01,5376,1323,United States,Hardware,7
2026-11-01,11178,3058,United Kingdom,Hardware,14
2026-11-01,1627,525,Germany,Services,2
2026-11-01,15123,4480,Germany,Services,18
2026-11-01,1540,262,United Kingdom,Training,2
2026-11-01,3632,1035,Germany,Hardware,10
2026-11-01,8666,3838,United Kingdom,Software,15
2026-11-01,12165,4437,France,Software,13
2026-11-01,9436,2239,United States,Services,15
2026-11-01,2670,805,United Kingdom,Hardware,2
2026-11-01,3430,1160,Japan,Software,9
2026-11-01,4584,1045,Germany,Software,6
2026-11-01,3488,1473,Germany,Software,3
2026-11-01,6057,1290,Japan,Hardware,6
2026-11-01,1406,267,United Kingdom,Training,6
2026-11-01,9347,2503,Japan,Hardware,12
2026-11-01,10115,2953,United States,Software,13
2026-11-01,3421,740,Spain,Training,2
2026-11-01,5465,1684,Japan,Services,10
2026-11-01,2802,775,Spain,Services,3
2026-11-01,4549,1453,Spain,Hardware,8
2026-11-01,3294,1030,Spain,Services,
2026-11-01,2830,888,United States,Software,5
2026-11-01,6765,3473,United States,Software,11
2026-11-01,4584,1683,Spain,Software,9
2026-11-01,5461,1955,France,Services,9
2026-11-01,4273,1870,France,Software,4
2026-11-01,1374,181,United Kingdom,Services,1
2026-11-01,3176,926,United States,Services,6
2026-11-01,7064,2919,Germany,Software,8
2026-11-01,1918,533,France,Services,1
2026-11-01,1254,492,United Kingdom,Software,1
2026-11-01,1364,242,United States,Training,3
2026-11-01,17227,5836,France,Hardware,21
2026-11-01,2680,452,United Kingdom,Training,1
2026-11-01,6603,1981,Japan,Training,6
2026-11-01,3583,708,United States,Training,8
2026-11-01,3797,1764,France,Software,3
2026-11-01,5818,2763,United States,Services,9
2026-11-01,1975,360,Spain,Training,2
2026-11-01,3640,799,Spain,Training,6
2026-11-01,3208,1069,Japan,Software,3
2026-11-01,2223,764,France,Services,3
2026-11-01,1491,540,Spain,Training,4
2026-11-01,3713,974,Germany,Services,1
2026-11-01,7478,2301,United States,Services,14
2026-11-01,4013,581,Japan,Hardware,7
2026-11-01,1715,393,Germany,Services,5
2026-11-01,2530,702,United States,Software,6
2026-11-01,3847,706,United States,Services,6
2026-11-01,3297,1248,United States,Services,1
2026-11-01,15961,3091,Germany,Hardware,17
2026-11-01,2579,666,France,Services,1
2026-11-01,2468,423,Japan,Hardware,2
2026-11-01,2484,152,United States,Hardware,5
2026-11-01,1807,402,United States,Training,7
2026-11-01,3468,1057,Germany,Training,4
2026-11-01,5761,938,United States,Hardware,5
2026-11-01,5042,1694,Spain,Services,5
2026-11-01,26637,4568,France,Hardware,38
2026-11-01,1186,226,France,Services,1
2026-11-01,11638,2945,Germany,Hardware,11
2026-11-01,4968,876,United Kingdom,Hardware,5
2026-11-01,906,317,France,Software,2
2026-11-01,2667,529,France,Training,4
2026-11-01,8723,2630,United States,Services,12
2026-11-01,4921,1183,United States,Hardware,10
2026-11-01,1544,626,Japan,Training,1
2026-11-01,1114,285,France,Training,1
2026-11-01,5814,1853,Spain,Training,4
2026-11-01,2263,742,United States,Training,5
2026-11-01,13234,4429,Japan,Software,16
2026-11-01,5082,1689,Japan,Services,7
2026-11-01,5545,2191,United States,Services,10
2026-11-01,3403,1302,France,Hardware,1
2026-11-01,3569,640,United States,Hardware,1
2026-11-01,6596,2227,United States,Services,9
2026-11-01,3137,553,Japan,Hardware,4
2026-11-01,10045,3443,United Kingdom,Hardware,11
2026-11-01,12879,3133,Germany,Hardware,15
2026-11-01,1392,266,United States,Hardware,2
2026-11-01,7825,1727,France,Hardware,9
2026-11-01,1782,718,United Kingdom,Services,3
2026-11-01,1746,603,Germany,Services,3
2026-11-01,8347,3147,Germany,Software,11
2026-11-01,6169,2105,Spain,Software,1
2026-11-01,3212,904,Japan,Training,2
2026-11-01,4877,2014,Germany,Software,4
2026-11-01,1299,429,United Kingdom,Training,2
2026-11-01,9662,3336,United Kingdom,Hardware,9
2026-11-01,5138,1349,United States,Services,3
2026-11-01,4156,1449,United States,Software,1
2026-11-01,2616,977,United States,Software,1
2026-11-01,10178,4046,United States,Software,15
2026-11-01,6647,1309,United States,Hardware,5
2026-11-01,2720,1151,Germany,Services,4
2026-11-01,2524,788,United States,Training,2
2026-11-01,1520,330,United States,Training,4
2026-11-01,4550,1567,Spain,Software,14
2026-11-01,1694,604,France,Services,1
2026-11-01,5563,2169,Japan,Software,
2026-11-01,2968,986,United Kingdom,Training,2
2026-11-01,2523,831,United Kingdom,Training,6
2026-11-01,3538,483,United States,Training,3
2026-11-01,2512,703,Germany,Training,1
2026-11-01,2077,809,Japan,Services,6
2026-11-01,2937,1157,Spain,Services,3
2026-11-01,2377,832,Germany,Services,4
2026-11-01,3475,1453,United States,Services,6
2026-11-01,1894,377,United States,Training,1
2026-11-01,10644,4359,France,Software,9
2026-11-01,4896,1496,Spain,Services,7
2026-11-01,3866,1225,United States,Software,5
2026-11-01,8405,3605,Spain,Software,10
2026-11-01,7677,773,France,Hardware,8
2026-11-01,3894,1528,Spain,Software,6
2026-11-01,3849,956,United States,Services,5
2026-11-01,6941,1525,United States,Hardware,7
2026-11-01,1959,612,Japan,Training,1
2026-11-01,11929,1495,United States,Hardware,15
2026-11-01,5234,1456,Japan,Hardware,8
2026-11-01,2330,763,Germany,Software,5
2026-11-01,631,204,United States,Training,1
2026-11-01,7035,3018,Spain,Software,8
2026-11-01,1946,866,France,Services,3
2026-11-01,1451,301,Spain,Training,4
2026-11-01,3763,1431,Japan,Training,1
2026-11-01,3447,822,Spain,Hardware,2
2026-11-01,1768,703,United Kingdom,Software,6
2026-11-01,12880,4767,United States,Software,15
2026-11-01,1682,574,France,Services,1
2026-11-01,13787,6158,United Kingdom,Software,19
2026-11-01,4627,1869,United States,Training,7
2026-11-01,2628,833,United States,Training,4
2026-11-01,5594,2037,Spain,Training,9
2026-11-01,4312,1006,United States,Services,8
2026-11-01,5002,1854,Spain,Software,4
2026-11-01,2092,612,Germany,Services,2
2026-11-01,8667,3488,United Kingdom,Software,9
2026-11-01,759,142,United States,Training,2
2026-11-01,1891,602,United States,Software,1
2026-11-01,1119,231,United States,Training,1
2026-11-01,1363,366,United States,Training,2
2026-11-01,6549,1700,Germany,Services,12
2026-11-01,2456,1006,France,Software,1
2026-11-01,5805,1407,Spain,Hardware,5
2026-11-01,3444,1070,United States,Software,3
2026-11-01,1337,374,United States,Training,1
2026-11-01,4484,1873,Japan,Services,1
2026-11-01,1851,508,Spain,Training,5
2026-11-01,2146,630,France,Hardware,1
2026-11-01,741,177,France,Training,1
2026-11-01,1637,685,United States,Software,3
2026-11-01,6157,2433,Japan,Hardware,7
2026-11-01,3840,1195,United States,Software,7
2026-11-01,6801,2683,Japan,Services,6
2026-11-01,4482,1854,France,Software,6
2026-11-01,4087,980,Japan,Services,5
2026-11-01,3230,863,United States,Hardware,4
2026-11-01,11150,3039,Japan,Hardware,13
2026-11-01,10835,3895,Spain,Services,15
2026-11-01,6119,1026,Spain,Hardware,7
2026-11-01,3221,775,Spain,Training,6
2026-11-01,716,127,United States,Training,1
2026-11-01,2032,403,United States,Training,6
2026-11-01,5470,1565,United States,Services,1
2026-11-01,3867,929,Spain,Hardware,1
2026-11-01,6004,1727,Spain,Hardware,5
2026-11-01,1287,76,Japan,Training,1
2026-11-01,2187,567,Japan,Training,1
2026-11-01,889,237,United States,Training,2
2026-11-01,4091,959,United Kingdom,Training,7
2026-11-01,9156,2320,Germany,Hardware,18
2026-11-01,1691,534,United Kingdom,Services,6
2026-11-01,9120,1480,Japan,Hardware,14
2026-11-01,1018,110,Spain,Hardware,1
2026-11-01,4232,991,Japan,Hardware,2
2026-11-01,2009,692,United States,Services,5
2026-11-01,2561,871,Spain,Services,5
2026-11-01,6371,947,United States,Hardware,8
2026-11-01,1420,466,Japan,Software,2
2026-11-01,4646,1715,Germany,Services,1
2026-11-01,4032,1116,Spain,Software,8
2026-11-01,5995,2096,United States,Software,5
2026-11-01,1044,352,Spain,Training,1
2026-11-01,1600,378,Germany,Hardware,1
2026-11-01,1234,133,Japan,Training,1
2026-11-01,1952,486,France,Services,3
2026-11-01,2033,639,Spain,Services,5
2026-11-01,1157,302,Spain,Services,2
2026-11-01,3297,794,Germany,Services,8
2026-11-01,8536,710,Germany,Hardware,10
2026-11-01,1548,643,United Kingdom,Software,5
2026-11-01,3170,820,France,Services,5
2026-11-01,7141,2237,Japan,Hardware,10
2026-11-01,5237,1092,Japan,Hardware,8
2026-11-01,9717,2799,Germany,Services,11
2026-11-01,3174,1437,Germany,Software,1
2026-11-01,2984,860,United States,Training,1
2026-11-01,5228,2098,United States,Services,6
2026-11-01,1731,497,Spain,Services,1
2026-11-01,7050,1700,United States,Hardware,4
2026-11-01,6520,1224,France,Hardware,2
2026-11-01,2303,738,Germany,Software,4
2026-11-01,3677,1365,Germany,Services,7
2026-11-01,3538,1346,United States,Software,1
2026-11-01,1719,540,United States,Services,
2026-11-01,2931,319,United Kingdom,Hardware,7
2026-11-01,3080,626,Germany,Services,1
2026-11-01,7004,676,United Kingdom,Hardware,10
2026-11-01,12354,5540,France,Software,15
2026-11-01,1778,393,United Kingdom,Training,1
2026-11-01,9538,2827,Germany,Services,11
2026-11-01,6058,2453,Japan,Services,7
2026-11-01,3844,990,France,Training,6
2026-11-01,5440,1340,Spain,Hardware,9
2026-11-01,4213,1393,France,Services,5
2026-11-01,2504,697,United States,Training,10
2026-11-01,3130,995,France,Services,3
2026-11-01,9467,4089,Japan,Software,11
2026-11-01,5272,1998,Germany,Software,9
2026-11-01,6980,2677,Germany,Software,5
2026-11-01,2544,996,France,Software,5
2026-11-01,2015,311,United States,Hardware,1
2026-11-01,2130,873,France,Software,5
2026-11-01,2417,575,France,Services,3
2026-11-01,2896,1610,Germany,Software,2
2026-11-01,2523,816,United Kingdom,Services,1
2026-11-01,3226,674,France,Services,5
2026-11-01,2050,386,Japan,Training,1
2026-11-01,1388,366,Germany,Hardware,2
2026-11-01,4851,445,Germany,Hardware,7
2026-11-01,4688,1006,United States,Hardware,1
2026-11-01,10805,3802,United States,Software,8
2026-11-01,9876,2898,Spain,Hardware,12
2026-11-01,4715,1616,Japan,Services,9
2026-11-01,1419,279,United States,Training,1
2026-11-01,4427,1599,United Kingdom,Software,10
2026-11-01,2817,544,United States,Hardware,5
2026-11-01,15345,3440,Japan,Hardware,16
2026-11-01,1371,345,Spain,Services,2
2026-11-01,6072,1704,France,Hardware,13
2026-11-01,741,150,Japan,Training,4
2026-11-01,8993,1860,Germany,Hardware,3
2026-11-01,3697,755,United States,Services,7
2026-11-01,6685,1236,United States,Hardware,8
2026-11-01,10292,1490,United States,Hardware,11
2026-11-01,4049,1698,Germany,Software,4
2026-11-01,1173,398,Spain,Training,1
2026-11-01,2995,805,Germany,Hardware,4
2026-11-01,1999,746,Germany,Software,1
2026-11-01,21690,4861,United Kingdom,Hardware,19
2026-11-01,3070,666,Germany,Training,2
2026-11-01,12237,3856,Germany,Software,16
2026-11-01,4889,2329,United States,Software,7
2026-11-01,1786,579,Japan,Services,6
2026-11-01,1712,725,Spain,Software,2
2026-11-01,4196,965,Japan,Hardware,4
2026-11-01,5882,2066,United Kingdom,Services,8
2026-11-01,1559,463,Spain,Services,1
2026-11-01,9785,3171,France,Hardware,7
2026-11-01,4414,834,Spain,Services,4
2026-11-01,1397,560,United Kingdom,Software,5
2026-11-01,5571,1881,Spain,Hardware,8
2026-11-01,1701,472,Spain,Services,1
2026-11-01,2956,744,Spain,Services,6
2026-11-01,2817,763,France,Hardware,5
2026-11-01,5162,593,Japan,Hardware,3
2026-11-01,3700,1563,Japan,Software,3
2026-11-01,4279,271,United States,Hardware,7
2026-11-01,6204,2293,United States,Services,5
2026-11-01,8017,1956,United States,Hardware,8
2026-11-01,19988,3694,France,Hardware,17
2026-11-01,5196,1925,Germany,Services,8
2026-11-01,7029,2322,United States,Services,4
2026-11-01,7013,1897,United States,Training,7
2026-11-01,1180,458,Germany,Services,1
2026-11-01,7919,2783,France,Software,12
2026-11-01,2128,745,France,Services,1
2026-11-01,1876,511,France,Training,3
2026-11-01,8070,1653,France,Hardware,9
2026-11-01,1938,835,Germany,Services,2
2026-11-01,2314,623,Germany,Services,6
2026-11-01,6996,767,Japan,Hardware,11
2026-11-01,8869,4754,Japan,Software,8
2026-11-01,2934,1032,United States,Hardware,1
2026-11-01,4203,654,Germany,Training,10
2026-11-01,2744,850,Germany,Training,9
2026-11-01,1515,520,France,Services,4
2026-11-01,2509,593,Japan,Training,1
2026-11-01,3114,939,Japan,Hardware,1
2026-11-01,6660,1785,Spain,Training,11
2026-11-01,2802,1137,United States,Software,2
2026-11-01,3715,1700,Japan,Software,5
2026-11-01,1602,452,United Kingdom,Hardware,1
2026-11-01,2446,538,United States,Training,3
2026-11-01,4068,699,Germany,Training,5
2026-11-01,3529,956,Japan,Services,3
2026-11-01,4720,475,Japan,Hardware,5
2026-11-01,2015,575,Spain,Training,1
2026-11-01,2163,517,United Kingdom,Training,2
2026-11-01,2838,909,France,Software,5
2026-11-01,2680,757,Germany,Services,4
2026-11-01,2049,352,Germany,Training,1
2026-11-01,2648,975,Germany,Services,4
2026-11-01,2454,1299,France,Software,5
2026-11-01,8442,1955,United States,Hardware,15
2026-11-01,6206,2455,United Kingdom,Software,5
2026-11-01,5513,1464,United States,Hardware,8
2026-11-01,3543,800,United States,Training,1
2026-11-01,7144,2552,France,Training,12
2026-11-01,3503,1149,Spain,Services,1
2026-11-01,2765,922,United Kingdom,Software,1
2026-11-01,1306,204,United States,Hardware,1
2026-12-01,2092,501,Spain,Training,1
2026-12-01,3469,1001,Germany,Services,1
2026-12-01,5668,1640,France,Software,3
2026-12-01,10784,3302,United States,Software,13
2026-12-01,7953,2355,Spain,Hardware,10
2026-12-01,5157,523,Spain,Training,5
2026-12-01,3698,1202,France,Training,3
2026-12-01,2179,783,United Kingdom,Training,1
2026-12-01,4550,970,United Kingdom,Hardware,5
2026-12-01,8493,2228,United States,Hardware,12
2026-12-01,2691,1065,Germany,Services,4
2026-12-01,8123,2617,Spain,Services,8
2026-12-01,9265,3552,United States,Software,10
2026-12-01,3429,937,United Kingdom,Software,9
2026-12-01,6072,2584,France,Software,9
2026-12-01,1610,532,France,Services,1
2026-12-01,4936,1188,Germany,Services,1
2026-12-01,3171,742,Spain,Training,1
2026-12-01,5481,1005,France,Services,5
2026-12-01,11590,2888,United States,Hardware,13
2026-12-01,12116,2891,Japan,Hardware,15
2026-12-01,7938,1550,United Kingdom,Hardware,9
2026-12-01,4990,2252,Japan,Software,6
2026-12-01,5402,1903,United States,Services,10
2026-12-01,4700,1617,United States,Services,2
2026-12-01,5950,1560,Spain,Services,6
2026-12-01,12283,3409,United States,Hardware,11
2026-12-01,858,155,Spain,Training,1
2026-12-01,4759,2201,Germany,Software,1
2026-12-01,1129,202,United States,Training,3
2026-12-01,985,229,United States,Training,4
2026-12-01,1583,657,Japan,Software,2
2026-12-01,7542,2971,France,Services,3
2026-12-01,2252,392,United States,Training,4
2026-12-01,5446,1859,Germany,Hardware,8
2026-12-01,2380,510,United States,Services,1
2026-12-01,2896,606,Spain,Training,6
2026-12-01,1229,301,Japan,Training,1
2026-12-01,1911,506,France,Hardware,1
2026-12-01,5461,1026,Germany,Training,9
2026-12-01,1818,684,United States,Services,4
2026-12-01,6931,1856,United States,Hardware,14
2026-12-01,1723,350,Spain,Training,1
2026-12-01,6663,2518,United States,Services,4
2026-12-01,2660,824,Japan,Training,6
2026-12-01,4518,1091,Spain,Services,5
2026-12-01,8136,3732,United States,Software,11
2026-12-01,1240,445,France,Software,
2026-12-01,3005,779,Spain,Training,7
2026-12-01,1106,385,United States,Training,9
2026-12-01,7227,2436,France,Software,11
2026-12-01,4233,1811,France,Software,4
2026-12-01,6890,2152,Japan,Services,9
2026-12-01,6368,1820,United States,Hardware,3
2026-12-01,3506,515,United States,Training,1
2026-12-01,8054,2491,United Kingdom,Software,10
2026-12-01,6211,1816,Japan,Hardware,10
2026-12-01,1841,554,France,Hardware,4
2026-12-01,12318,3747,United States,Software,14
2026-12-01,2593,1138,United Kingdom,Services,3
2026-12-01,842,203,France,Training,1
2026-12-01,5809,907,United States,Hardware,3
2026-12-01,1650,540,Spain,Software,1
2026-12-01,4922,1789,Spain,Hardware,5
2026-12-01,3200,1795,Germany,Software,2
2026-12-01,2855,703,Germany,Training,1
2026-12-01,6464,1675,Germany,Hardware,9
2026-12-01,12147,2674,Germany,Hardware,12
2026-12-01,2493,545,Japan,Services,
2026-12-01,2098,876,Germany,Services,2
2026-12-01,3819,1016,Spain,Software,5
2026-12-01,10683,1112,United Kingdom,Hardware,14
2026-12-01,2864,879,Germany,Software,2
2026-12-01,2961,236,United States,Training,7
2026-12-01,4021,1389,Japan,Services,1
2026-12-01,2415,563,Japan,Training,3
2026-12-01,5773,2289,France,Software,4
2026-12-01,8313,2988,United States,Software,10
2026-12-01,3521,1391,United Kingdom,Services,7
2026-12-01,3001,1121,United States,Training,5
2026-12-01,1005,385,Germany,Training,1
2026-12-01,3612,976,United Kingdom,Services,1
2026-12-01,8578,3593,Spain,Software,8
2026-12-01,1539,483,Germany,Training,3
2026-12-01,1512,277,United States,Services,4
2026-12-01,2887,916,United States,Hardware,6
2026-12-01,2260,750,France,Training,3
2026-12-01,815,171,United States,Training,1
2026-12-01,1358,117,Japan,Training,5
2026-12-01,4303,702,Japan,Training,11
2026-12-01,3029,383,Germany,Training,1
2026-12-01,8003,1862,Germany,Services,11
2026-12-01,2952,997,France,Training,1
2026-12-01,3113,705,Spain,Training,1
2026-12-01,2290,739,United Kingdom,Services,2
2026-12-01,5768,754,Germany,Hardware,5
2026-12-01,5450,2085,United Kingdom,Software,3
2026-12-01,2280,546,United Kingdom,Training,5
2026-12-01,2488,696,United States,Software,2
2026-12-01,6454,2409,United Kingdom,Services,10
2026-12-01,1597,388,United States,Training,1
2026-12-01,4291,1448,United States,Software,3
2026-12-01,6309,1761,France,Services,6
2026-12-01,20651,8555,Germany,Hardware,22
2026-12-01,12532,5193,France,Software,21
2026-12-01,1151,397,France,Training,6
2026-12-01,976,165,Japan,Training,6
2026-12-01,1537,320,Germany,Training,2
2026-12-01,2488,398,Spain,Training,6
2026-12-01,2199,378,Germany,Training,1
2026-12-01,6911,357,Germany,Hardware,9
2026-12-01,1952,721,United States,Software,3
2026-12-01,4427,935,Germany,Training,2
2026-12-01,5569,2137,Spain,Software,10
2026-12-01,4148,1168,United States,Hardware,1
2026-12-01,7566,3125,United States,Software,12
2026-12-01,10197,2800,France,Hardware,12
2026-12-01,3365,879,Germany,Hardware,7
2026-12-01,1248,208,Japan,Training,1
2026-12-01,1816,557,France,Services,7
2026-12-01,2382,687,Japan,Training,7
2026-12-01,5365,1687,Japan,Software,5
2026-12-01,17344,4232,France,Hardware,19
2026-12-01,1983,404,Spain,Training,6
2026-12-01,9579,1549,Spain,Hardware,7
2026-12-01,2000,826,United States,Software,1
2026-12-01,1353,446,France,Services,7
2026-12-01,4843,1516,France,Hardware,7
2026-12-01,1420,471,United States,Training,1
2026-12-01,3503,1165,United States,Services,4
2026-12-01,3963,1818,United States,Services,11
2026-12-01,3706,1164,Germany,Software,1
2026-12-01,3102,1773,Germany,Software,1
2026-12-01,6096,2624,United States,Software,5
2026-12-01,2913,1322,France,Software,3
2026-12-01,15088,4566,Germany,Services,16
2026-12-01,2143,474,United States,Training,1
2026-12-01,1393,305,United States,Training,3
2026-12-01,2542,1097,Japan,Services,3
2026-12-01,3299,995,Spain,Training,2
2026-12-01,6578,2812,United States,Software,8
2026-12-01,31315,2911,United States,Hardware,37
2026-12-01,4473,1331,Spain,Hardware,1
2026-12-01,7608,2678,United Kingdom,Hardware,11
2026-12-01,3237,987,United Kingdom,Software,9
2026-12-01,6084,2881,Japan,Software,5
2026-12-01,1820,568,United Kingdom,Services,1
2026-12-01,6471,1527,Germany,Services,15
2026-12-01,4312,887,Japan,Hardware,8
2026-12-01,12156,4465,Japan,Hardware,10
2026-12-01,895,305,France,Training,1
2026-12-01,2868,1411,Germany,Software,1
2026-12-01,2223,708,United States,Software,1
2026-12-01,3570,1070,United Kingdom,Software,2
2026-12-01,1546,499,United States,Training,9
2026-12-01,3763,604,United States,Hardware,3
2026-12-01,5164,1083,United States,Hardware,9
2026-12-01,18751,3357,France,Hardware,21
2026-12-01,11844,2987,Germany,Hardware,16
2026-12-01,11240,2902,France,Services,2
2026-12-01,566,122,France,Training,4
2026-12-01,2397,982,United Kingdom,Services,4
2026-12-01,6284,1586,United States,Hardware,11
2026-12-01,4559,998,United Kingdom,Software,4
2026-12-01,2562,709,Spain,Training,1
2026-12-01,2497,843,United States,Services,1
2026-12-01,1257,362,United Kingdom,Training,8
2026-12-01,7099,1433,Spain,Hardware,6
2026-12-01,1584,473,United States,Services,7
2026-12-01,4563,618,Spain,Hardware,5
2026-12-01,11215,2371,Spain,Hardware,10
2026-12-01,2755,806,France,Training,1
2026-12-01,1763,263,Spain,Hardware,3
2026-12-01,1540,468,Japan,Services,2
2026-12-01,4013,1635,United States,Software,1
2026-12-01,2016,527,United States,Hardware,6
2026-12-01,12505,1964,Japan,Hardware,14
2026-12-01,3782,1538,United States,Software,5
2026-12-01,8515,3677,Germany,Services,6
2026-12-01,865,179,United States,Training,1
2026-12-01,1512,593,United Kingdom,Software,3
2026-12-01,2661,699,France,Services,2
2026-12-01,6897,2589,United States,Services,9
2026-12-01,4747,1798,France,Software,3
2026-12-01,5482,1124,United Kingdom,Hardware,6
2026-12-01,9989,3154,Spain,Services,11
2026-12-01,5235,1637,United States,Services,2
2026-12-01,4314,599,United States,Hardware,4
2026-12-01,2891,727,Spain,Training,1
2026-12-01,11380,2031,France,Hardware,16
2026-12-01,3991,1210,France,Services,1
2026-12-01,8761,1553,United States,Hardware,11
2026-12-01,1503,215,Spain,Hardware,1
2026-12-01,9157,3330,France,Software,17
2026-12-01,5377,1550,Spain,Services,5
2026-12-01,1342,372,United States,Training,2
2026-12-01,6433,2436,Japan,Services,8
2026-12-01,2637,311,France,Training,7
2026-12-01,14441,3561,United States,Services,21
2026-12-01,2859,547,Germany,Training,7
2026-12-01,11154,4474,United States,Software,17
2026-12-01,2130,896,United States,Software,4
2026-12-01,1856,596,Spain,Services,1
2026-12-01,1773,399,United States,Training,1
2026-12-01,600,224,France,Training,1
2026-12-01,4307,1086,Japan,Hardware,7
2026-12-01,2205,830,United Kingdom,Training,6
2026-12-01,9369,1796,France,Hardware,11
2026-12-01,3136,1105,United States,Services,3
2026-12-01,4697,1536,United States,Hardware,5
2026-12-01,1075,278,United States,Training,1
2026-12-01,6546,892,Japan,Services,11
2026-12-01,5655,1890,France,Services,7
2026-12-01,5204,2089,United States,Services,9
2026-12-01,695,185,United States,Training,1
2026-12-01,2718,1071,United Kingdom,Software,2
2026-12-01,15782,731,United States,Hardware,17
2026-12-01,2247,654,United Kingdom,Software,5
2026-12-01,5995,2462,Germany,Services,9
2026-12-01,5787,1409,Japan,Hardware,8
2026-12-01,4544,1894,France,Services,6
2026-12-01,4839,656,Spain,Hardware,2
2026-12-01,4221,1762,Japan,Hardware,5
2026-12-01,1794,563,United States,Services,8
2026-12-01,1222,386,France,Training,7
2026-12-01,2154,386,Spain,Services,2
2026-12-01,3598,878,France,Services,6
2026-12-01,4859,1457,Germany,Software,5
2026-12-01,1850,465,Germany,Training,6
2026-12-01,2542,807,United Kingdom,Services,4
2026-12-01,4968,1970,Germany,Software,3
2026-12-01,6935,1745,Japan,Hardware,10
2026-12-01,1847,484,Japan,Training,4
2026-12-01,1804,617,France,Software,2
2026-12-01,4674,1420,Spain,Hardware,5
2026-12-01,3961,687,United States,Hardware,6
2026-12-01,2401,858,Germany,Software,3
2026-12-01,3384,585,France,Hardware,2
2026-12-01,520,132,Spain,Training,1
2026-12-01,4188,1676,United States,Software,9
2026-12-01,3753,409,United States,Hardware,4
2026-12-01,4167,880,Japan,Hardware,1
2026-12-01,3987,739,Germany,Hardware,6
2026-12-01,8702,2992,United States,Services,12
2026-12-01,4104,1449,France,Services,5
2026-12-01,1693,445,Japan,Training,8
2026-12-01,5772,1693,Spain,Hardware,7
2026-12-01,15363,7902,France,Software,17
2026-12-01,6319,1751,United States,Hardware,3
2026-12-01,20032,2348,Germany,Hardware,18
2026-12-01,1565,373,Spain,Training,1
2026-12-01,9934,2351,France,Hardware,12
2026-12-01,1140,427,Japan,Services,3
2026-12-01,2065,541,Japan,Training,2
2026-12-01,2117,804,United Kingdom,Training,3
2026-12-01,13983,1675,Spain,Hardware,14
2026-12-01,6049,1687,Germany,Training,6
2026-12-01,1068,319,United States,Training,1
2026-12-01,8136,2811,United States,Services,5
2026-12-01,3615,1687,France,Software,6
2026-12-01,13149,3062,United Kingdom,Services,11
2026-12-01,2260,774,Japan,Services,1
2026-12-01,8230,1571,United States,Hardware,10
2026-12-01,1495,649,Japan,Services,1
2026-12-01,5154,1358,United States,Hardware,2
2026-12-01,6168,2004,United States,Software,7
2026-12-01,2770,951,United States,Services,7
2026-12-01,1560,411,Germany,Software,1
2026-12-01,14058,3764,Spain,Hardware,17
2026-12-01,4046,1189,Germany,Hardware,8
2026-12-01,3640,1055,Japan,Software,2
2026-12-01,9122,3046,Spain,Services,5
2026-12-01,3643,2137,Spain,Software,1
2026-12-01,1993,443,France,Training,1
2026-12-01,6676,2139,United States,Software,11
2026-12-01,24602,6428,United States,Services,30
2026-12-01,4921,741,France,Hardware,5
2026-12-01,5727,1875,United States,Training,9
2026-12-01,687,258,France,Services,1
2026-12-01,5337,1828,United States,Services,11
2026-12-01,6691,110,Germany,Hardware,4
2026-12-01,1476,404,Germany,Services,2
2026-12-01,4685,1353,Germany,Hardware,11
2026-12-01,1034,174,Japan,Hardware,1
2026-12-01,4641,1425,United States,Software,5
2026-12-01,3981,1261,United Kingdom,Software,1
2026-12-01,2398,420,United Kingdom,Training,7
2026-12-01,4238,1592,France,Software,4
2026-12-01,1632,372,Japan,Training,7
2026-12-01,8488,2783,United States,Software,9
2026-12-01,4088,1372,United Kingdom,Training,5
2026-12-01,3528,1057,Spain,Hardware,1
2026-12-01,7667,2747,France,Hardware,14
2026-12-01,7121,2054,United States,Services,7
2026-12-01,2624,1331,United Kingdom,Software,1
2026-12-01,1054,352,Japan,Training,2
2026-12-01,6718,661,France,Hardware,11
2026-12-01,4106,1346,Germany,Training,8
2026-12-01,4008,1286,Germany,Software,1
2026-12-01,10138,1098,United States,Hardware,9
2026-12-01,4016,1275,Germany,Services,4
2026-12-01,3828,1945,United States,Software,5
2026-12-01,9622,5267,Germany,Software,15
2026-12-01,1987,654,Japan,Training,1
2026-12-01,2985,356,Spain,Hardware,9
2026-12-01,6628,2617,Spain,Software,6
2026-12-01,9385,808,Germany,Hardware,13
2026-12-01,10095,1925,United States,Hardware,6
2026-12-01,3312,1133,United States,Software,3
2026-12-01,3184,1513,France,Software,2
2026-12-01,5314,1169,United States,Hardware,11
2026-12-01,4793,1840,United States,Services,5
2026-12-01,6057,1237,Spain,Hardware,5
2026-12-01,7783,2479,United Kingdom,Software,6
2026-12-01,7908,1007,Germany,Hardware,8
2026-12-01,1604,295,United States,Services,1
2026-12-01,10862,3420,United Kingdom,Hardware,14
2026-12-01,11049,4188,Germany,Software,11
2026-12-01,16458,5592,United States,Software,18
2026-12-01,3596,1401,Japan,Services,1
2026-12-01,7573,2342,United Kingdom,Hardware,8
2026-12-01,3418,1115,Spain,Training,6
2026-12-01,4737,1042,Japan,Hardware,5
2026-12-01,3185,762,United States,Hardware,1
2026-12-01,1571,568,France,Training,1
2026-12-01,7897,1806,Spain,Hardware,7
2026-12-01,17331,5354,United States,Software,21
2026-12-01,3146,928,Germany,Services,8
2026-12-01,1700,398,Germany,Training,3
2026-12-01,2473,539,United States,Training,8
2026-12-01,2936,1016,United States,Software,2
2026-12-01,2016,726,Germany,Software,1
2026-12-01,3477,1225,Germany,Services,
2026-12-01,8130,2503,United States,Hardware,8
2026-12-01,4512,1561,Germany,Software,4
2026-12-01,3733,1423,Spain,Services,1
2026-12-01,10912,5475,United Kingdom,Software,13
2026-12-01,3831,861,Japan,Hardware,8
2026-12-01,1790,141,France,Training,3
2026-12-01,4416,1598,France,Services,3
2026-12-01,5704,1386,Japan,Training,4
2026-12-01,2993,828,Japan,Training,4
2026-12-01,8176,2172,Germany,Hardware,8
2026-12-01,8083,2536,United States,Training,10
2026-12-01,9439,1073,France,Hardware,13
2026-12-01,4529,1943,Japan,Software,8
2026-12-01,8255,1185,United States,Services,3
2026-12-01,1876,394,Spain,Services,9
2026-12-01,6141,1737,Germany,Hardware,5
2026-12-01,3065,1342,Japan,Training,3
2026-12-01,4906,612,United States,Hardware,8
2026-12-01,26812,3526,United Kingdom,Hardware,26
2026-12-01,7038,2233,United States,Software,11
2026-12-01,8257,3272,France,Software,8
2026-12-01,2423,522,France,Services,4
2026-12-01,2211,1039,United States,Software,5
2026-12-01,1355,313,Japan,Services,2
2026-12-01,1949,238,France,Hardware,1
2026-12-01,622,111,United States,Training,3
2026-12-01,2748,879,Japan,Training,4
2026-12-01,4474,672,France,Hardware,4
2026-12-01,2276,549,United Kingdom,Services,4
2026-12-01,2898,729,Germany,Hardware,3
2026-12-01,2348,706,Spain,Training,2
2026-12-01,1991,359,Spain,Services,5
2026-12-01,4301,849,Spain,Training,6
2026-12-01,6168,419,Japan,Hardware,12
2026-12-01,2897,485,Japan,Training,5
2026-12-01,737,190,France,Training,1
2026-12-01,1854,584,United States,Services,1
2026-12-01,2149,653,United States,Training,3
2026-12-01,11205,2325,Germany,Hardware,15
2026-12-01,1092,415,United States,Software,4
2026-12-01,4184,216,Germany,Hardware,2
2026-12-01,2239,701,United States,Training,4
2026-12-01,1359,473,Japan,Training,4
2026-12-01,8060,128,France,Hardware,12
2026-12-01,3028,1127,France,Software,1
2026-12-01,2290,799,United States,Services,4
2026-12-01,3657,490,France,Hardware,2
2026-12-01,5679,2231,Germany,Software,5
2026-12-01,4137,1931,Germany,Software,1
2026-12-01,3246,836,France,Training,5
2026-12-01,13186,4029,Spain,Hardware,17
2026-12-01,2801,1089,United States,Software,1
2026-12-01,6061,1202,France,Services,3
2026-12-01,3563,970,United Kingdom,Services,7
2026-12-01,20223,3830,Spain,Hardware,22
2026-12-01,11848,3234,France,Hardware,11
2026-12-01,4684,1745,France,Software,5
2026-12-01,1102,228,Japan,Training,
2026-12-01,902,404,Spain,Training,4
2026-12-01,5191,1007,Germany,Hardware,7
2026-12-01,7202,2442,Spain,Software,10
2026-12-01,5569,1855,Spain,Software,6
2026-12-01,12083,2656,United States,Hardware,16
2026-12-01,1452,524,United Kingdom,Training,1
2026-12-01,3933,1418,United States,Services,5
2026-12-01,3483,1131,Japan,Software,5
2026-12-01,2768,513,Germany,Hardware,5
2027-01-01,5118,1130,France,Services,6
2027-01-01,4149,2042,Germany,Software,7
2027-01-01,6659,2947,France,Software,8
2027-01-01,2952,700,Spain,Training,5
2027-01-01,3949,1335,Spain,Software,2
2027-01-01,4728,1908,United States,Software,1
2027-01-01,5409,1568,United States,Software,5
2027-01-01,2595,446,Spain,Hardware,4
2027-01-01,6945,3079,Germany,Services,9
2027-01-01,3601,1510,Germany,Services,2
2027-01-01,4368,1691,France,Software,2
2027-01-01,2021,876,Spain,Software,7
2027-01-01,1739,525,Germany,Training,4
2027-01-01,2461,905,Spain,Software,6
2027-01-01,1682,227,United Kingdom,Hardware,11
2027-01-01,1467,447,Japan,Training,3
2027-01-01,5094,2550,Spain,Software,6
2027-01-01,5436,2132,Spain,Software,5
2027-01-01,7571,2637,France,Services,5
2027-01-01,7830,3033,United States,Hardware,8
2027-01-01,1566,383,Germany,Training,2
2027-01-01,3166,768,Japan,Training,1
2027-01-01,1489,539,Germany,Training,2
2027-01-01,1225,301,Japan,Services,6
2027-01-01,3501,1536,Japan,Software,8
2027-01-01,2288,933,United States,Software,1
2027-01-01,3458,1303,Germany,Software,8
2027-01-01,3846,1204,United States,Services,5
2027-01-01,1555,495,United States,Training,2
2027-01-01,4547,923,Spain,Hardware,8
2027-01-01,2476,734,Japan,Training,4
2027-01-01,2808,1004,Japan,Software,1
2027-01-01,3436,1147,Japan,Services,1
2027-01-01,3891,841,Germany,Services,3
2027-01-01,3967,923,United Kingdom,Services,2
2027-01-01,9222,2883,Japan,Services,9
2027-01-01,5334,1359,United States,Hardware,7
2027-01-01,5360,1819,Japan,Services,3
2027-01-01,2946,904,Spain,Services,4
2027-01-01,6168,2402,United States,Services,10
2027-01-01,5217,1463,United States,Services,5
2027-01-01,3567,1164,Spain,Software,3
2027-01-01,3983,951,United States,Training,4
2027-01-01,1552,256,Germany,Hardware,6
2027-01-01,5538,1978,Spain,Training,8
2027-01-01,4973,734,Japan,Hardware,5
2027-01-01,863,275,Japan,Training,1
2027-01-01,6287,1286,United Kingdom,Hardware,4
2027-01-01,17174,6576,France,Software,21
2027-01-01,4398,1064,United States,Training,7
2027-01-01,4855,763,Germany,Hardware,2
2027-01-01,10957,4630,France,Services,10
2027-01-01,1955,681,United States,Software,8
2027-01-01,1567,419,Japan,Training,1
2027-01-01,2768,602,United Kingdom,Services,7
2027-01-01,4153,1070,Germany,Hardware,3
2027-01-01,1829,420,Japan,Training,1
2027-01-01,6979,1258,United Kingdom,Hardware,17
2027-01-01,4787,2049,Spain,Software,2
2027-01-01,3713,667,France,Services,6
2027-01-01,2602,1081,Japan,Services,4
2027-01-01,5992,1570,Spain,Hardware,5
2027-01-01,959,151,Spain,Services,5
2027-01-01,5750,1586,France,Hardware,6
2027-01-01,4964,2060,United States,Services,5
2027-01-01,8191,2966,Spain,Hardware,10
2027-01-01,10535,2749,United States,Hardware,14
2027-01-01,2876,745,France,Training,3
2027-01-01,1801,650,Germany,Software,4
2027-01-01,4322,1533,United States,Software,6
2027-01-01,4601,1417,United States,Training,4
2027-01-01,17456,8101,United States,Software,20
2027-01-01,5136,2236,United Kingdom,Services,1
2027-01-01,3129,878,Spain,Software,7
2027-01-01,2679,700,Germany,Training,1
2027-01-01,4647,773,United States,Hardware,7
2027-01-01,828,279,United States,Training,3
2027-01-01,1464,439,Germany,Training,4
2027-01-01,1657,667,France,Services,12
2027-01-01,2282,658,Germany,Services,4
2027-01-01,5773,1054,Germany,Services,5
2027-01-01,13042,1563,United States,Hardware,15
2027-01-01,3389,1561,United States,Software,4
2027-01-01,3225,1642,United Kingdom,Software,4
2027-01-01,4906,1851,France,Software,7
2027-01-01,1733,554,Japan,Training,2
2027-01-01,4369,1925,Germany,Services,
2027-01-01,15766,2666,Spain,Hardware,19
2027-01-01,4052,1763,Japan,Services,8
2027-01-01,10648,514,France,Hardware,9
2027-01-01,3247,906,Japan,Hardware,6
2027-01-01,4765,1568,United States,Hardware,3
2027-01-01,3385,944,France,Software,5
2027-01-01,13182,4011,United States,Hardware,13
2027-01-01,10240,1848,Germany,Hardware,11
2027-01-01,16556,5970,United States,Software,24
2027-01-01,1320,469,United Kingdom,Training,1
2027-01-01,3248,837,United States,Services,4
2027-01-01,4679,726,Germany,Training,1
2027-01-01,6006,689,Spain,Training,4
2027-01-01,9629,1890,United States,Hardware,12
2027-01-01,6342,1403,United States,Software,4
2027-01-01,4265,916,United States,Training,1
2027-01-01,3493,1346,Germany,Software,1
2027-01-01,10463,4357,Germany,Software,12
2027-01-01,4000,1229,France,Software,1
2027-01-01,2210,559,France,Training,3
2027-01-01,8902,3004,United States,Software,18
2027-01-01,2683,783,Germany,Software,3
2027-01-01,4900,2050,United States,Software,8
2027-01-01,8647,3049,United States,Software,5
2027-01-01,2456,581,United States,Hardware,1
2027-01-01,2147,649,France,Hardware,5
2027-01-01,1855,516,Japan,Services,1
2027-01-01,5361,697,United States,Hardware,6
2027-01-01,2471,647,United States,Software,4
2027-01-01,15037,6006,United Kingdom,Software,14
2027-01-01,6805,714,United States,Hardware,5
2027-01-01,1172,354,Spain,Hardware,1
2027-01-01,3919,856,United States,Services,1
2027-01-01,2253,1120,United States,Software,2
2027-01-01,2891,739,Japan,Services,9
2027-01-01,7692,2180,United States,Hardware,9
2027-01-01,5913,1133,Spain,Hardware,9
2027-01-01,6785,2050,Germany,Software,2
2027-01-01,3970,931,Germany,Services,4
2027-01-01,3746,988,United States,Hardware,2
2027-01-01,919,184,Germany,Training,5
2027-01-01,5170,1104,Japan,Software,9
2027-01-01,3132,1556,United Kingdom,Software,1
2027-01-01,5597,1045,Germany,Hardware,6
2027-01-01,3475,872,Japan,Hardware,2
2027-01-01,3166,1045,Japan,Software,1
2027-01-01,1590,524,United States,Services,3
2027-01-01,5434,1741,Spain,Services,2
2027-01-01,1532,369,Germany,Training,1
2027-01-01,3147,1172,United States,Services,1
2027-01-01,1653,706,Japan,Services,6
2027-01-01,1861,383,Japan,Training,1
2027-01-01,7993,1888,United Kingdom,Training,14
2027-01-01,1374,332,Japan,Training,1
2027-01-01,16928,6457,Japan,Services,18
2027-01-01,1068,400,United States,Training,1
2027-01-01,3441,1525,United States,Services,9
2027-01-01,2070,666,France,Training,1
2027-01-01,961,208,France,Training,2
2027-01-01,5829,894,France,Software,2
2027-01-01,2700,834,United Kingdom,Training,1
2027-01-01,3216,244,Japan,Hardware,10
2027-01-01,12136,2166,Spain,Hardware,13
2027-01-01,1954,312,Spain,Software,2
2027-01-01,4602,1459,United States,Services,9
2027-01-01,3927,856,Germany,Training,4
2027-01-01,735,181,France,Training,1
2027-01-01,3972,1394,Germany,Services,4
2027-01-01,8291,1417,United States,Hardware,7
2027-01-01,6022,1222,France,Hardware,10
2027-01-01,1898,688,Japan,Services,1
2027-01-01,5526,1431,Germany,Hardware,9
2027-01-01,2854,791,United Kingdom,Hardware,1
2027-01-01,2498,821,Germany,Software,5
2027-01-01,5369,2538,Germany,Software,6
2027-01-01,1494,581,United States,Training,4
2027-01-01,4342,1741,Japan,Services,3
2027-01-01,3434,1188,Japan,Services,
2027-01-01,2537,578,United States,Hardware,5
2027-01-01,3295,497,United States,Hardware,3
2027-01-01,5626,1414,France,Software,8
2027-01-01,1262,488,Japan,Software,5
2027-01-01,2109,896,Germany,Software,1
2027-01-01,1498,428,United States,Training,1
2027-01-01,3732,1007,Germany,Software,4
2027-01-01,2047,743,France,Services,4
2027-01-01,5439,732,Spain,Hardware,3
2027-01-01,1367,308,United Kingdom,Training,1
2027-01-01,15987,3510,United Kingdom,Services,22
2027-01-01,3748,937,Japan,Services,2
2027-01-01,3738,965,United States,Services,2
2027-01-01,3280,1026,Germany,Services,5
2027-01-01,4726,1860,Spain,Training,4
2027-01-01,11535,4615,United States,Software,15
2027-01-01,8739,3716,Spain,Software,6
2027-01-01,3472,480,France,Hardware,4
2027-01-01,2069,507,United Kingdom,Training,3
2027-01-01,1844,696,Japan,Services,1
2027-01-01,2711,899,Germany,Training,1
2027-01-01,9238,2230,United Kingdom,Hardware,7
2027-01-01,1254,479,United States,Services,2
2027-01-01,9572,1673,United Kingdom,Hardware,11
2027-01-01,4680,1395,United States,Services,7
2027-01-01,7099,1755,Japan,Services,4
2027-01-01,11530,2267,France,Hardware,18
2027-01-01,2857,894,Spain,Software,4
2027-01-01,7294,2308,France,Software,6
2027-01-01,9432,1891,United States,Hardware,8
2027-01-01,2495,384,United States,Training,1
2027-01-01,4796,1400,United States,Services,5
2027-01-01,3612,1544,United States,Software,6
2027-01-01,2043,610,Japan,Services,3
2027-01-01,1459,512,United Kingdom,Software,6
2027-01-01,3424,846,Germany,Services,8
2027-01-01,7095,2084,United Kingdom,Training,5
2027-01-01,2241,481,Spain,Training,1
2027-01-01,6112,2758,United States,Software,7
2027-01-01,6103,1705,Japan,Hardware,4
2027-01-01,2438,1006,United States,Software,3
2027-01-01,7964,2983,Japan,Hardware,7
2027-01-01,1474,399,Spain,Training,4
2027-01-01,862,262,Germany,Training,3
2027-01-01,701,208,United States,Services,1
2027-01-01,834,241,Japan,Training,3
2027-01-01,3660,1488,Japan,Software,4
2027-01-01,7364,2240,United Kingdom,Hardware,5
2027-01-01,811,256,United States,Training,1
2027-01-01,2308,1260,United States,Software,6
2027-01-01,1559,575,Japan,Services,1
2027-01-01,6946,1610,United States,Services,11
2027-01-01,1775,250,Japan,Training,2
2027-01-01,10080,1575,Japan,Hardware,13
2027-01-01,7937,3168,United States,Software,8
2027-01-01,1277,317,Germany,Training,1
2027-01-01,6108,1254,Japan,Hardware,7
2027-01-01,4513,1749,United States,Software,5
2027-01-01,1615,386,United Kingdom,Software,1
2027-01-01,6621,1727,Spain,Hardware,5
2027-01-01,6224,1167,Germany,Hardware,11
2027-01-01,1947,960,France,Software,1
2027-01-01,6004,1142,Germany,Training,10
2027-01-01,5028,1436,Japan,Training,10
2027-01-01,10851,2867,United States,Hardware,17
2027-01-01,1018,192,Japan,Hardware,2
2027-01-01,2956,894,Spain,Software,5
2027-01-01,3215,694,United States,Training,1
2027-01-01,3468,835,Germany,Services,5
2027-01-01,5550,2284,Germany,Services,11
2027-01-01,12004,2105,France,Hardware,10
2027-01-01,3946,1052,Germany,Software,9
2027-01-01,12817,3860,United States,Hardware,11
2027-01-01,1825,571,France,Services,7
2027-01-01,7074,1820,Spain,Software,6
2027-01-01,6608,2003,United Kingdom,Software,4
2027-01-01,2039,637,France,Training,6
2027-01-01,5000,543,Spain,Hardware,2
2027-01-01,5894,2017,United States,Software,12
2027-01-01,13229,2056,Spain,Hardware,13
2027-01-01,3051,1164,Spain,Software,6
2027-01-01,3787,1302,United Kingdom,Software,6
2027-01-01,1954,329,Spain,Training,2
2027-01-01,7452,2184,Japan,Services,6
2027-01-01,3875,1299,France,Services,5
2027-01-01,3363,240,Spain,Training,1
2027-01-01,1868,618,United Kingdom,Training,1
2027-01-01,2463,667,United States,Training,2
2027-01-01,1104,327,United States,Training,8
2027-01-01,2695,364,Germany,Hardware,1
2027-01-01,4259,2087,Germany,Software,6
2027-01-01,15149,5307,United States,Hardware,15
2027-01-01,1561,448,United States,Software,3
2027-01-01,2826,755,Spain,Training,4
2027-01-01,1813,263,United Kingdom,Training,1
2027-01-01,1675,444,Germany,Training,5
2027-01-01,6236,1242,Germany,Hardware,11
2027-01-01,3302,1000,Germany,Services,9
2027-01-01,2354,755,Spain,Services,4
2027-01-01,6725,1770,Spain,Services,2
2027-01-01,2991,1082,France,Software,3
2027-01-01,4436,1628,United States,Services,6
2027-01-01,10719,4022,United States,Software,10
2027-01-01,2391,534,United Kingdom,Hardware,2
2027-01-01,2600,410,Spain,Hardware,1
2027-01-01,3510,1009,Spain,Services,7
2027-01-01,1473,273,Japan,Training,1
2027-01-01,6470,2176,Spain,Software,7
2027-01-01,2456,823,Germany,Services,1
2027-01-01,2084,682,Spain,Software,1
2027-01-01,14540,2799,Japan,Hardware,18
2027-01-01,4324,867,France,Services,3
2027-01-01,2528,1233,Japan,Services,5
2027-01-01,5208,2587,Germany,Software,7
2027-01-01,2692,733,Spain,Training,5
2027-01-01,6526,2689,Japan,Software,11
2027-01-01,2687,534,Japan,Hardware,3
2027-01-01,1298,303,United States,Training,1
2027-01-01,5838,2161,Germany,Software,10
2027-01-01,2451,581,Germany,Training,2
2027-01-01,5370,1787,Germany,Services,6
2027-01-01,8432,2546,United States,Software,6
2027-01-01,15586,4086,United States,Services,22
2027-01-01,1789,474,United States,Services,3
2027-01-01,1637,230,Germany,Training,4
2027-01-01,3306,994,Germany,Training,1
2027-01-01,4920,1198,Spain,Hardware,7
2027-01-01,1830,296,Spain,Training,1
2027-01-01,1538,237,France,Training,1
2027-01-01,423,108,United Kingdom,Services,1
2027-01-01,2058,513,United States,Training,1
2027-01-01,3041,1327,Germany,Software,4
2027-01-01,8227,2163,Japan,Services,12
2027-01-01,4041,1727,Japan,Software,1
2027-01-01,1788,680,United States,Services,4
2027-01-01,2647,884,Japan,Software,3
2027-01-01,4998,1698,Spain,Software,6
2027-01-01,3593,505,Spain,Hardware,1
2027-01-01,3139,1382,France,Software,1
2027-01-01,1764,604,Japan,Services,7
2027-01-01,1097,312,Spain,Training,1
2027-01-01,11086,4187,France,Software,16
2027-01-01,6388,3140,France,Software,6
2027-01-01,5036,1953,Germany,Software,4
2027-01-01,3324,713,United States,Training,5
2027-01-01,5666,687,United States,Hardware,1
2027-01-01,3203,911,Japan,Services,5
2027-01-01,1906,775,France,Software,1
2027-01-01,5835,1653,Spain,Services,5
2027-01-01,2648,1117,Japan,Training,1
2027-01-01,1837,287,France,Training,5
2027-01-01,5426,726,Japan,Hardware,4
2027-01-01,2274,619,Germany,Hardware,3
2027-01-01,1772,428,United States,Software,9
2027-01-01,1678,717,United States,Training,6
2027-01-01,6162,2137,France,Software,2
2027-01-01,1255,122,Japan,Training,1
2027-01-01,2185,602,France,Training,3
2027-01-01,14164,6325,United States,Software,16
2027-01-01,1936,416,United States,Services,1
2027-01-01,4016,978,United Kingdom,Hardware,1
2027-01-01,1555,434,United States,Training,1
2027-01-01,2576,735,United Kingdom,Software,1
2027-01-01,2224,631,United Kingdom,Software,2
2027-01-01,4362,1079,Germany,Services,6
2027-01-01,3594,1300,Spain,Software,6
2027-01-01,12956,5305,Spain,Software,16
2027-01-01,3077,1060,Spain,Hardware,7
2027-01-01,3504,1160,Spain,Services,6
2027-01-01,2845,999,France,Software,3
2027-01-01,5350,1751,United Kingdom,Services,6
2027-01-01,6240,2326,Japan,Software,14
2027-01-01,3316,929,United States,Hardware,1
2027-01-01,14653,6226,France,Software,17
2027-01-01,3425,1001,United States,Hardware,1
2027-01-01,5921,792,Japan,Training,5
2027-01-01,4894,1110,Japan,Hardware,7
2027-01-01,5177,2546,United States,Services,8
2027-01-01,2782,342,Japan,Hardware,1
2027-01-01,6727,1906,Spain,Software,12
2027-01-01,4703,1326,United States,Services,3
2027-01-01,2460,711,United Kingdom,Services,1
2027-01-01,2825,755,Japan,Services,5
2027-01-01,2784,909,France,Services,5
2027-01-01,840,237,France,Training,2
2027-01-01,4537,517,Japan,Hardware,3
2027-01-01,905,316,United Kingdom,Services,1
2027-01-01,4425,1690,Japan,Services,3
2027-01-01,3081,871,Spain,Hardware,7
2027-01-01,1937,795,France,Software,1
2027-01-01,3786,1176,United Kingdom,Software,3
2027-01-01,792,279,France,Training,1
2027-01-01,1775,523,France,Training,3
2027-01-01,5695,1421,France,Training,4
2027-01-01,6232,1709,Germany,Software,3
2027-01-01,8859,3723,Germany,Software,9
2027-01-01,17595,3387,Germany,Hardware,22
2027-01-01,3277,612,United States,Training,2
2027-01-01,2300,1222,Spain,Software,3
2027-01-01,6071,2085,Germany,Software,8
2027-01-01,2146,658,France,Services,1
2027-01-01,2847,514,France,Training,3
2027-01-01,2650,218,Japan,Training,2
2027-01-01,5314,1151,United Kingdom,Hardware,3
2027-01-01,11141,3029,Japan,Software,20
2027-01-01,1176,298,Japan,Training,7
2027-01-01,6744,1732,United Kingdom,Hardware,5
2027-01-01,2086,485,Germany,Training,1
2027-01-01,4971,2040,Japan,Software,6
2027-01-01,10278,2428,United States,Hardware,11
2027-01-01,3436,1426,France,Software,6
2027-01-01,1717,513,Germany,Training,5
2027-01-01,6844,2047,France,Services,9
2027-01-01,13700,2118,United Kingdom,Hardware,18
2027-01-01,4037,862,United Kingdom,Hardware,2
2027-01-01,6354,1692,United States,Hardware,9
2027-01-01,6858,2880,Spain,Software,7
2027-01-01,7517,1039,France,Hardware,10
2027-01-01,5742,1554,United Kingdom,Services,6
2027-01-01,4585,1070,France,Services,7
2027-01-01,2967,1278,Japan,Software,1
2027-01-01,2525,246,Japan,Training,1
2027-01-01,2682,732,Germany,Training,4
2027-01-01,9575,1578,United States,Hardware,8
2027-01-01,2033,581,Spain,Training,1
2027-01-01,3482,1108,Spain,Hardware,5
2027-01-01,5772,1326,Japan,Training,5
2027-01-01,3468,1224,France,Services,6
2027-01-01,7341,2689,United States,Software,7
2027-01-01,2309,703,United States,Services,1
2027-01-01,2003,434,Germany,Training,1
2027-01-01,9754,4237,Germany,Software,10
2027-01-01,5147,1606,Japan,Hardware,7
2027-01-01,7603,2467,Japan,Software,7
2027-01-01,790,176,United States,Training,3
2027-02-01,3569,1037,France,Hardware,4
2027-02-01,6794,2339,United States,Services,4
2027-02-01,1716,459,Japan,Services,8
2027-02-01,7986,2735,France,Services,12
2027-02-01,2544,1098,Japan,Software,7
2027-02-01,4481,1586,United States,Services,4
2027-02-01,5008,1504,United States,Services,5
2027-02-01,7225,1723,Germany,Hardware,8
2027-02-01,21109,4607,United States,Hardware,22
2027-02-01,9799,1892,Japan,Hardware,12
2027-02-01,12071,1582,France,Hardware,11
2027-02-01,5768,1372,Spain,Hardware,1
2027-02-01,5517,1489,United States,Hardware,10
2027-02-01,7452,2232,France,Services,13
2027-02-01,17810,5661,France,Services,17
2027-02-01,4250,646,Spain,Hardware,4
2027-02-01,3716,1107,Spain,Services,4
2027-02-01,1381,351,France,Training,3
2027-02-01,3598,987,United States,Training,4
2027-02-01,4276,1877,France,Software,7
2027-02-01,882,236,United Kingdom,Services,4
2027-02-01,2593,829,Germany,Services,3
2027-02-01,3380,675,Japan,Hardware,4
2027-02-01,2536,523,United Kingdom,Training,6
2027-02-01,2981,579,United States,Hardware,6
2027-02-01,5428,1332,United States,Hardware,9
2027-02-01,2840,987,United States,Software,7
2027-02-01,3215,586,Germany,Training,2
2027-02-01,4061,1214,Germany,Hardware,5
2027-02-01,4820,1684,United States,Hardware,5
2027-02-01,3422,514,United Kingdom,Training,4
2027-02-01,15223,4625,France,Services,15
2027-02-01,9207,1638,United States,Hardware,7
2027-02-01,10662,2665,France,Hardware,10
2027-02-01,5053,1731,Japan,Services,2
2027-02-01,3618,1251,France,Services,3
2027-02-01,2988,732,Japan,Services,
2027-02-01,3617,1117,United States,Services,5
2027-02-01,3980,1597,Spain,Software,9
2027-02-01,2343,697,Germany,Training,4
2027-02-01,8663,2550,France,Software,8
2027-02-01,3644,562,Germany,Hardware,4
2027-02-01,1644,445,Japan,Training,1
2027-02-01,4262,1608,United States,Software,7
2027-02-01,19962,4679,Spain,Services,23
2027-02-01,15139,3577,Germany,Hardware,18
2027-02-01,6478,1203,United Kingdom,Hardware,7
2027-02-01,982,120,United Kingdom,Training,6
2027-02-01,3728,695,France,Hardware,1
2027-02-01,11084,2357,United States,Software,12
2027-02-01,2346,1124,Germany,Software,5
2027-02-01,3020,879,Germany,Training,5
2027-02-01,4803,1329,United States,Hardware,8
2027-02-01,3219,685,United States,Services,3
2027-02-01,1584,271,Germany,Training,1
2027-02-01,10405,1054,Spain,Hardware,7
2027-02-01,2920,523,United States,Hardware,3
2027-02-01,3580,1158,Spain,Training,4
2027-02-01,1941,813,Germany,Training,4
2027-02-01,1755,558,Japan,Software,8
2027-02-01,3593,956,Germany,Services,5
2027-02-01,6775,2209,United Kingdom,Services,7
2027-02-01,8768,2480,Germany,Services,13
2027-02-01,1576,330,Germany,Services,1
2027-02-01,5653,2356,Germany,Software,3
2027-02-01,7431,1288,Japan,Hardware,13
2027-02-01,6625,2027,United States,Services,7
2027-02-01,1130,257,United Kingdom,Training,3
2027-02-01,6333,1298,Spain,Hardware,6
2027-02-01,932,162,Germany,Training,1
2027-02-01,2085,625,United States,Training,1
2027-02-01,1476,502,Germany,Training,1
2027-02-01,10554,2872,Spain,Hardware,6
2027-02-01,3965,190,France,Services,3
2027-02-01,2743,955,Germany,Software,5
2027-02-01,4310,1690,Germany,Training,6
2027-02-01,7837,1267,Spain,Hardware,12
2027-02-01,3215,1135,France,Software,4
2027-02-01,2707,627,United States,Services,6
2027-02-01,3461,624,United Kingdom,Training,4
2027-02-01,2536,880,United Kingdom,Training,1
2027-02-01,866,276,Japan,Training,1
2027-02-01,8799,2794,Japan,Software,10
2027-02-01,1682,541,Germany,Services,2
2027-02-01,3729,1216,France,Training,3
2027-02-01,3800,852,France,Hardware,5
2027-02-01,4271,883,Japan,Services,6
2027-02-01,1551,403,United Kingdom,Training,1
2027-02-01,7686,1903,Japan,Services,12
2027-02-01,1626,654,Germany,Software,1
2027-02-01,6647,1138,Japan,Training,8
2027-02-01,1386,250,Germany,Training,1
2027-02-01,3414,970,Japan,Hardware,9
2027-02-01,9556,2543,Japan,Software,11
2027-02-01,1842,571,Japan,Training,1
2027-02-01,4135,1115,France,Hardware,7
2027-02-01,2695,601,United States,Training,1
2027-02-01,7715,2188,Japan,Hardware,9
2027-02-01,6273,2370,Japan,Training,11
2027-02-01,5722,1362,United Kingdom,Hardware,6
2027-02-01,4150,1277,United Kingdom,Hardware,1
2027-02-01,1696,478,Germany,Hardware,3
2027-02-01,2854,585,United States,Software,1
2027-02-01,2861,732,Spain,Services,1
2027-02-01,3657,986,Germany,Services,1
2027-02-01,4409,1926,United States,Software,3
2027-02-01,1976,690,Spain,Software,3
2027-02-01,3474,737,Spain,Services,5
2027-02-01,10147,2587,Germany,Services,12
2027-02-01,1163,257,Germany,Training,4
2027-02-01,4534,1788,United States,Software,8
2027-02-01,5028,976,Japan,Hardware,6
2027-02-01,13574,2700,France,Hardware,13
2027-02-01,4450,1222,Spain,Services,4
2027-02-01,13059,3072,France,Hardware,13
2027-02-01,4772,1594,United Kingdom,Services,7
2027-02-01,6932,2751,United States,Software,7
2027-02-01,5889,2467,United States,Software,8
2027-02-01,3045,498,Spain,Training,4
2027-02-01,2058,542,United States,Services,6
2027-02-01,3470,958,United States,Training,2
2027-02-01,5274,1140,United States,Training,3
2027-02-01,6555,2276,France,Services,15
2027-02-01,11434,3630,Japan,Training,15
2027-02-01,6014,1871,United States,Services,11
2027-02-01,4550,1063,France,Hardware,4
2027-02-01,4665,2051,United States,Software,3
2027-02-01,2620,847,United States,Services,1
2027-02-01,5205,1347,France,Training,8
2027-02-01,3190,724,Japan,Training,5
2027-02-01,2766,1096,United States,Software,7
2027-02-01,11822,2145,United States,Hardware,13
2027-02-01,2564,792,France,Training,2
2027-02-01,7371,1859,Japan,Training,13
2027-02-01,4068,1314,Spain,Software,7
2027-02-01,914,337,United States,Training,1
2027-02-01,7206,3004,France,Software,7
2027-02-01,4853,1297,Spain,Services,6
2027-02-01,3283,1109,Japan,Services,1
2027-02-01,5195,2177,Japan,Services,2
2027-02-01,4767,1944,United States,Software,1
2027-02-01,8026,2089,Spain,Hardware,10
2027-02-01,9119,3539,United States,Services,10
2027-02-01,3821,1496,United States,Services,4
2027-02-01,3533,1143,Spain,Services,2
2027-02-01,763,177,Spain,Training,1
2027-02-01,4950,670,Germany,Hardware,8
2027-02-01,13662,3575,Japan,Hardware,19
2027-02-01,2931,562,United States,Training,6
2027-02-01,9571,1984,United States,Hardware,5
2027-02-01,5244,1990,Spain,Software,5
2027-02-01,10336,2979,Japan,Hardware,15
2027-02-01,2030,1031,France,Services,2
2027-02-01,5314,1527,Germany,Training,8
2027-02-01,4165,1534,France,Training,4
2027-02-01,1731,671,United States,Services,8
2027-02-01,3905,1581,Japan,Software,5
2027-02-01,4816,1200,France,Hardware,5
2027-02-01,6554,2249,United Kingdom,Hardware,12
2027-02-01,5695,1839,Germany,Training,9
2027-02-01,2158,729,Germany,Training,7
2027-02-01,1322,507,Germany,Software,3
2027-02-01,1750,400,Japan,Training,1
2027-02-01,2212,837,Germany,Services,1
2027-02-01,5721,2097,Japan,Services,11
2027-02-01,6124,1143,United States,Services,8
2027-02-01,1604,300,United States,Services,1
2027-02-01,8134,2909,United States,Services,10
2027-02-01,2568,444,United States,Hardware,1
2027-02-01,3184,1322,Germany,Software,1
2027-02-01,7832,2811,United States,Hardware,10
2027-02-01,9212,4260,Japan,Software,2
2027-02-01,23448,4293,France,Hardware,22
2027-02-01,3798,1587,Spain,Software,6
2027-02-01,2372,647,United States,Training,1
2027-02-01,4225,1012,United Kingdom,Software,7
2027-02-01,4600,1070,United Kingdom,Services,5
2027-02-01,3421,1068,Germany,Hardware,5
2027-02-01,4919,2228,United States,Software,7
2027-02-01,7825,2616,Germany,Services,7
2027-02-01,2627,622,Japan,Training,1
2027-02-01,4478,1635,France,Services,6
2027-02-01,7816,2556,Germany,Hardware,7
2027-02-01,1426,453,United States,Services,4
2027-02-01,1492,525,United States,Services,1
2027-02-01,1214,262,Germany,Training,1
2027-02-01,5996,1970,United States,Services,6
2027-02-01,1889,797,Japan,Software,4
2027-02-01,3360,451,Germany,Hardware,6
2027-02-01,2451,631,United Kingdom,Services,1
2027-02-01,5105,655,Japan,Hardware,6
2027-02-01,7241,2033,Japan,Services,8
2027-02-01,7705,2146,France,Hardware,3
2027-02-01,1651,569,United States,Services,1
2027-02-01,14725,3780,United States,Services,16
2027-02-01,5750,2560,France,Software,4
2027-02-01,5858,1012,United States,Hardware,2
2027-02-01,11189,2636,Japan,Hardware,10
2027-02-01,2282,566,France,Training,2
2027-02-01,962,265,United States,Training,1
2027-02-01,1883,485,United States,Training,2
2027-02-01,8184,2076,Japan,Services,12
2027-02-01,8220,1318,United States,Hardware,8
2027-02-01,1511,517,Germany,Training,3
2027-02-01,2851,530,United Kingdom,Hardware,4
2027-02-01,4145,1434,France,Training,9
2027-02-01,13580,2625,France,Services,17
2027-02-01,2899,1242,United States,Software,2
2027-02-01,2698,874,Germany,Training,6
2027-02-01,1208,431,Germany,Training,4
2027-02-01,2141,900,United States,Software,5
2027-02-01,4614,1567,Germany,Software,5
2027-02-01,5878,2025,Japan,Software,5
2027-02-01,18064,1976,Japan,Hardware,27
2027-02-01,5056,1034,Japan,Services,1
2027-02-01,4585,2019,Spain,Software,8
2027-02-01,1881,809,Germany,Software,2
2027-02-01,4285,1789,Spain,Software,10
2027-02-01,4201,1163,Japan,Services,2
2027-02-01,4416,1414,Spain,Services,6
2027-02-01,3195,717,Germany,Training,2
2027-02-01,4103,1907,United States,Software,1
2027-02-01,9745,3886,Japan,Software,7
2027-02-01,2115,597,Spain,Training,3
2027-02-01,6840,2143,France,Hardware,4
2027-02-01,4423,1997,United States,Software,8
2027-02-01,1450,290,France,Services,8
2027-02-01,3422,1266,United Kingdom,Services,7
2027-02-01,2820,710,United States,Hardware,1
2027-02-01,2904,914,Germany,Services,2
2027-02-01,16643,1125,Germany,Hardware,20
2027-02-01,2392,564,France,Hardware,1
2027-02-01,7861,2134,United Kingdom,Software,10
2027-02-01,7669,3050,United States,Software,9
2027-02-01,3184,1249,Germany,Services,8
2027-02-01,3535,1318,France,Training,4
2027-02-01,4205,1709,France,Software,1
2027-02-01,1639,342,United Kingdom,Hardware,10
2027-02-01,3671,735,Spain,Services,5
2027-02-01,8829,3197,Japan,Software,11
2027-02-01,4907,1591,Germany,Services,4
2027-02-01,9457,3310,Spain,Software,12
2027-02-01,6016,3168,France,Software,7
2027-02-01,3325,1265,United States,Services,11
2027-02-01,3200,919,France,Training,1
2027-02-01,5260,1690,France,Software,4
2027-02-01,1981,653,United States,Training,1
2027-02-01,6718,1938,Germany,Services,7
2027-02-01,1012,359,France,Training,1
2027-02-01,3257,699,United States,Hardware,6
2027-02-01,2855,552,Japan,Hardware,1
2027-02-01,2297,520,Spain,Services,6
2027-02-01,4862,980,Japan,Services,5
2027-02-01,2633,595,Spain,Hardware,8
2027-02-01,3747,457,Germany,Hardware,4
2027-02-01,8753,2802,United Kingdom,Services,11
2027-02-01,2861,1048,United Kingdom,Training,4
2027-02-01,8290,3513,France,Software,3
2027-02-01,2816,992,United States,Software,3
2027-02-01,6468,1895,United States,Software,7
2027-02-01,9513,3826,Germany,Software,4
2027-02-01,1953,569,Germany,Training,1
2027-02-01,2299,672,Spain,Training,1
2027-02-01,8375,2647,Japan,Software,11
2027-02-01,9965,3639,France,Software,14
2027-02-01,4509,1816,Germany,Software,8
2027-02-01,3281,871,Japan,Services,4
2027-02-01,4479,1880,United States,Services,11
2027-02-01,10596,819,United States,Hardware,14
2027-02-01,2431,729,Japan,Services,1
2027-02-01,4380,966,United States,Hardware,5
2027-02-01,8699,3133,France,Services,11
2027-02-01,2828,872,Japan,Training,1
2027-02-01,8477,2094,Japan,Hardware,12
2027-02-01,12525,5235,Japan,Software,17
2027-02-01,16104,4445,Japan,Services,15
2027-02-01,967,387,United States,Software,1
2027-02-01,2903,1183,Spain,Services,4
2027-02-01,2544,1080,Germany,Software,2
2027-02-01,3494,818,Japan,Training,3
2027-02-01,10897,3033,Spain,Hardware,11
2027-02-01,2543,652,Japan,Training,5
2027-02-01,2426,808,Germany,Services,6
2027-02-01,4527,1397,Japan,Hardware,6
2027-02-01,3478,924,United States,Services,4
2027-02-01,2583,1133,Germany,Software,1
2027-02-01,2019,561,Germany,Training,4
2027-02-01,2323,600,United States,Training,1
2027-02-01,4190,1334,Japan,Services,5
2027-02-01,50693,7969,United States,Hardware,50
2027-02-01,9437,1594,United States,Hardware,13
2027-02-01,3941,856,Germany,Training,1
2027-02-01,8601,1958,United States,Hardware,16
2027-02-01,2553,985,Japan,Software,1
2027-02-01,4826,1837,Germany,Services,1
2027-02-01,7512,1868,Germany,Services,8
2027-02-01,4779,2210,Germany,Software,8
2027-02-01,4342,1586,France,Software,9
2027-02-01,1803,380,Japan,Training,7
2027-02-01,3126,747,Spain,Training,1
2027-02-01,6662,1413,France,Hardware,3
2027-02-01,1026,319,Germany,Training,1
2027-02-01,2425,556,United Kingdom,Training,6
2027-02-01,4092,2104,Japan,Software,7
2027-02-01,10712,3528,United Kingdom,Hardware,14
2027-02-01,3716,951,United States,Training,1
2027-02-01,8283,2871,Germany,Software,8
2027-02-01,4128,726,France,Training,3
2027-02-01,9520,1297,France,Hardware,10
2027-02-01,2406,981,United Kingdom,Training,6
2027-02-01,5212,1647,United States,Hardware,
2027-02-01,2996,963,Germany,Training,2
2027-02-01,9143,3081,Germany,Software,12
2027-02-01,13369,3223,Japan,Software,13
2027-02-01,3922,1081,Germany,Services,4
2027-02-01,5954,1116,France,Hardware,6
2027-02-01,5373,1147,United States,Services,3
2027-02-01,3355,759,Japan,Hardware,5
2027-02-01,2479,877,United States,Services,3
2027-02-01,4041,975,Japan,Services,1
2027-02-01,2889,1298,France,Software,1
2027-02-01,1366,269,United Kingdom,Training,1
2027-02-01,7125,1368,United States,Hardware,7
2027-02-01,2152,418,France,Training,7
2027-02-01,2441,322,United States,Training,2
2027-02-01,5315,1610,Japan,Services,5
2027-02-01,3547,749,United States,Training,7
2027-02-01,938,213,United States,Training,3
2027-02-01,2879,1280,Spain,Software,3
2027-02-01,1677,605,Germany,Services,1
2027-02-01,1170,279,Japan,Training,1
2027-02-01,6730,3157,United Kingdom,Software,8
2027-02-01,5648,932,United States,Hardware,8
2027-02-01,5148,2535,United Kingdom,Software,9
2027-02-01,7776,2884,United States,Services,5
2027-02-01,2884,745,Germany,Services,4
2027-02-01,1556,238,Japan,Training,1
2027-02-01,2561,494,Spain,Training,1
2027-02-01,3427,1429,United Kingdom,Software,1
2027-02-01,10781,1539,Japan,Hardware,13
2027-02-01,3642,867,United Kingdom,Hardware,1
2027-02-01,6291,2474,Spain,Services,10
2027-02-01,4550,581,United States,Hardware,1
2027-02-01,11626,2474,Japan,Hardware,10
2027-02-01,2677,567,United Kingdom,Hardware,1
2027-02-01,379,96,France,Training,1
2027-02-01,3840,1124,Germany,Training,1
2027-02-01,3265,746,United States,Hardware,4
2027-02-01,5737,1438,France,Hardware,5
2027-02-01,2409,727,Spain,Services,1
2027-02-01,10058,3208,Germany,Software,16
2027-02-01,6750,2809,United States,Software,6
2027-02-01,1205,390,Japan,Training,1
2027-02-01,7901,2694,United States,Training,8
2027-02-01,30518,3863,United States,Hardware,27
2027-02-01,2769,664,United Kingdom,Training,1
2027-02-01,4516,1082,France,Services,8
2027-02-01,3348,925,Germany,Services,1
2027-02-01,990,360,Japan,Services,3
2027-02-01,1059,407,United States,Software,1
2027-02-01,2570,901,United Kingdom,Training,1
2027-02-01,14222,3432,United States,Hardware,20
2027-02-01,2269,639,United States,Training,5
2027-02-01,3554,953,United States,Software,1
2027-02-01,6512,2396,Spain,Services,8
2027-02-01,6870,1082,United States,Hardware,10
2027-02-01,4105,609,France,Services,3
2027-02-01,4939,1408,United States,Hardware,14
2027-02-01,6846,1603,France,Software,6
2027-02-01,9254,4004,United States,Software,6
2027-02-01,1329,273,United States,Training,4
2027-02-01,2886,774,France,Training,4
2027-02-01,2895,1147,United States,Services,4
2027-02-01,3452,1075,Germany,Software,1
2027-02-01,3265,1045,Spain,Software,3
2027-02-01,3694,1196,Spain,Software,1
2027-02-01,2477,399,Japan,Training,1
2027-02-01,5139,1290,United States,Software,4
2027-02-01,6128,1645,Spain,Training,8
2027-02-01,2958,819,United States,Services,2
2027-02-01,1600,378,United Kingdom,Services,4
2027-02-01,3699,317,Germany,Hardware,1
2027-02-01,5797,1913,United States,Software,6
2027-02-01,6122,1227,Spain,Training,3
2027-02-01,2735,741,Germany,Training,4
2027-02-01,14229,4775,Japan,Hardware,21
2027-02-01,1945,730,Japan,Services,1
2027-02-01,7327,2882,Japan,Software,9
2027-02-01,8958,2220,United States,Services,9
2027-02-01,2217,466,Spain,Services,2
2027-02-01,7489,2665,Spain,Software,9
2027-02-01,3661,873,United Kingdom,Training,1
2027-02-01,3717,1279,United States,Software,5
2027-02-01,4955,1199,Japan,Training,1
2027-02-01,10093,3439,Japan,Services,13
2027-02-01,3669,1380,United States,Training,3
2027-02-01,865,170,United States,Training,1
2027-02-01,4137,899,Spain,Hardware,3
2027-02-01,4598,940,Germany,Hardware,7
2027-02-01,2906,612,United Kingdom,Training,4
2027-03-01,9466,1868,United States,Hardware,11
2027-03-01,2665,930,Spain,Software,3
2027-03-01,3433,1247,France,Training,5
2027-03-01,3140,1184,United States,Software,5
2027-03-01,8663,3415,France,Hardware,9
2027-03-01,17161,7263,Spain,Software,18
2027-03-01,1528,424,Spain,Training,
2027-03-01,18440,4013,United States,Hardware,21
2027-03-01,3880,1341,United States,Software,5
2027-03-01,4307,977,France,Services,1
2027-03-01,2841,647,Japan,Training,1
2027-03-01,5493,2237,United States,Software,5
2027-03-01,3296,1173,Spain,Services,1
2027-03-01,5221,1529,United Kingdom,Training,13
2027-03-01,4850,1056,United States,Hardware,4
2027-03-01,1140,303,France,Software,4
2027-03-01,5566,1505,United States,Training,7
2027-03-01,13899,4097,Japan,Services,11
2027-03-01,4928,1477,Japan,Training,7
2027-03-01,3305,1222,Spain,Services,5
2027-03-01,2108,712,United States,Training,1
2027-03-01,3476,1021,France,Training,1
2027-03-01,1805,862,Spain,Software,1
2027-03-01,3265,1120,United States,Services,1
2027-03-01,4246,1024,United States,Hardware,6
2027-03-01,4948,759,United Kingdom,Training,8
2027-03-01,1993,482,Japan,Services,4
2027-03-01,2166,663,Japan,Training,2
2027-03-01,1702,310,Japan,Training,2
2027-03-01,24946,8228,Germany,Services,32
2027-03-01,3817,953,France,Services,1
2027-03-01,1602,361,France,Training,4
2027-03-01,7486,869,Germany,Hardware,9
2027-03-01,4280,775,France,Training,
2027-03-01,6050,2160,United States,Software,7
2027-03-01,1356,357,Japan,Training,1
2027-03-01,3767,1042,Spain,Software,7
2027-03-01,1888,377,United States,Training,6
2027-03-01,14118,7130,United States,Software,10
2027-03-01,4395,1661,United States,Services,5
2027-03-01,5577,508,United Kingdom,Hardware,1
2027-03-01,5238,1997,Germany,Services,8
2027-03-01,7772,1780,Germany,Hardware,8
2027-03-01,6718,2139,United States,Software,7
2027-03-01,2394,548,United Kingdom,Hardware,3
2027-03-01,5260,1855,United States,Software,5
2027-03-01,6313,2309,Germany,Software,7
2027-03-01,11951,2997,United States,Hardware,14
2027-03-01,6401,1251,Germany,Hardware,12
2027-03-01,1587,486,United States,Hardware,4
2027-03-01,11327,3637,United States,Services,10
2027-03-01,3490,948,Japan,Services,2
2027-03-01,4308,801,United Kingdom,Hardware,1
2027-03-01,1396,365,France,Services,2
2027-03-01,2518,940,Germany,Software,1
2027-03-01,1383,450,United Kingdom,Training,1
2027-03-01,9830,4266,United States,Software,15
2027-03-01,7201,2317,France,Hardware,5
2027-03-01,1514,515,Japan,Training,1
2027-03-01,3020,1078,Spain,Services,1
2027-03-01,5938,1258,United States,Services,7
2027-03-01,2428,987,United Kingdom,Training,5
2027-03-01,5857,1662,Japan,Software,5
2027-03-01,2696,737,United States,Training,1
2027-03-01,7834,1338,Germany,Hardware,6
2027-03-01,10531,2320,France,Hardware,11
2027-03-01,10188,2905,United States,Hardware,10
2027-03-01,3781,976,United States,Services,1
2027-03-01,7810,1341,United States,Hardware,9
2027-03-01,2508,384,France,Services,5
2027-03-01,1268,404,United States,Services,5
2027-03-01,4577,939,United Kingdom,Training,8
2027-03-01,12000,3582,France,Hardware,14
2027-03-01,6756,2815,United States,Services,7
2027-03-01,7750,1597,United Kingdom,Hardware,3
2027-03-01,1982,293,Spain,Services,3
2027-03-01,867,282,Germany,Training,1
2027-03-01,1283,280,United Kingdom,Hardware,2
2027-03-01,6235,1362,Germany,Training,6
2027-03-01,5555,1221,Germany,Hardware,8
2027-03-01,6237,2234,United Kingdom,Software,
2027-03-01,3558,945,Germany,Software,10
2027-03-01,1985,520,United Kingdom,Services,5
2027-03-01,10319,3960,Japan,Software,13
2027-03-01,15075,4907,Japan,Hardware,24
2027-03-01,2942,980,Japan,Training,4
2027-03-01,5182,1518,Germany,Services,8
2027-03-01,2903,811,Spain,Software,3
2027-03-01,1705,533,Germany,Training,1
2027-03-01,7911,2742,Germany,Services,4
2027-03-01,1760,586,Germany,Training,1
2027-03-01,4141,1250,France,Training,1
2027-03-01,2403,631,Japan,Training,4
2027-03-01,3657,971,France,Services,2
2027-03-01,11886,3639,France,Hardware,9
2027-03-01,4743,1439,Japan,Software,7
2027-03-01,17996,5165,United Kingdom,Software,21
2027-03-01,3161,591,United States,Training,5
2027-03-01,944,338,France,Training,5
2027-03-01,12473,2442,Japan,Hardware,11
2027-03-01,1985,520,Spain,Software,3
2027-03-01,7272,2167,Spain,Services,14
2027-03-01,6798,1354,Japan,Services,12
2027-03-01,8122,2000,Spain,Hardware,4
2027-03-01,5404,1808,France,Services,2
2027-03-01,7310,1079,Spain,Hardware,
2027-03-01,1757,399,Germany,Training,1
2027-03-01,13868,5943,Germany,Software,17
2027-03-01,6780,2946,France,Software,9
2027-03-01,1620,411,Japan,Services,5
2027-03-01,5034,792,Spain,Services,7
2027-03-01,1864,528,France,Training,6
2027-03-01,3393,1435,Japan,Software,1
2027-03-01,2175,272,United Kingdom,Training,4
2027-03-01,4055,855,Germany,Training,7
2027-03-01,6222,2601,Germany,Software,8
2027-03-01,5850,1738,United States,Software,10
2027-03-01,4355,1885,United States,Services,1
2027-03-01,2595,1122,Japan,Software,5
2027-03-01,4871,1465,Spain,Services,5
2027-03-01,13827,2942,United States,Hardware,20
2027-03-01,1043,109,France,Training,2
2027-03-01,2983,376,United States,Training,1
2027-03-01,5928,1505,United States,Training,5
2027-03-01,1014,331,United Kingdom,Services,5
2027-03-01,6104,1589,Germany,Hardware,6
2027-03-01,1176,341,United Kingdom,Training,3
2027-03-01,2771,859,Spain,Software,5
2027-03-01,3548,463,France,Training,6
2027-03-01,10411,2164,France,Hardware,10
2027-03-01,5230,613,France,Hardware,3
2027-03-01,3734,1551,United States,Software,8
2027-03-01,3931,1420,United States,Software,6
2027-03-01,11181,2383,United States,Hardware,9
2027-03-01,7024,2491,Japan,Software,12
2027-03-01,3077,770,Germany,Services,3
2027-03-01,1836,363,France,Training,5
2027-03-01,2429,393,Germany,Training,6
2027-03-01,3067,1321,United States,Software,4
2027-03-01,4049,1303,Spain,Services,6
2027-03-01,2023,477,United Kingdom,Training,1
2027-03-01,7739,1159,Spain,Hardware,9
2027-03-01,2136,495,Japan,Services,2
2027-03-01,1553,638,United States,Training,7
2027-03-01,4694,1434,Spain,Software,5
2027-03-01,12989,3481,Germany,Hardware,7
2027-03-01,2586,432,United Kingdom,Training,7
2027-03-01,2002,315,Germany,Hardware,8
2027-03-01,8412,1978,United Kingdom,Services,11
2027-03-01,3443,957,Germany,Services,3
2027-03-01,3560,1032,United Kingdom,Services,8
2027-03-01,17551,3855,France,Hardware,20
2027-03-01,18852,4958,Germany,Software,19
2027-03-01,10935,4570,United States,Software,10
2027-03-01,12332,3830,Germany,Hardware,13
2027-03-01,9770,1987,United Kingdom,Hardware,15
2027-03-01,10736,5048,Germany,Software,13
2027-03-01,1617,464,Japan,Software,3
2027-03-01,3019,1088,Germany,Software,7
2027-03-01,3520,1154,France,Training,5
2027-03-01,1689,357,Germany,Services,1
2027-03-01,3759,1291,Spain,Services,7
2027-03-01,13029,2877,United States,Hardware,
2027-03-01,10726,3694,Spain,Software,9
2027-03-01,37129,5349,Japan,Hardware,39
2027-03-01,1372,382,United Kingdom,Training,1
2027-03-01,1809,451,United Kingdom,Services,1
2027-03-01,2829,844,United States,Training,1
2027-03-01,8076,2677,Germany,Hardware,7
2027-03-01,539,131,United Kingdom,Training,1
2027-03-01,1072,299,United States,Services,1
2027-03-01,6629,1502,United States,Training,2
2027-03-01,3668,1249,Spain,Services,5
2027-03-01,9068,2509,Spain,Services,9
2027-03-01,2034,602,France,Services,1
2027-03-01,11523,2948,Japan,Training,10
2027-03-01,4325,1241,Japan,Services,9
2027-03-01,5443,2638,Spain,Software,1
2027-03-01,9593,2250,Japan,Services,8
2027-03-01,1924,617,United Kingdom,Training,1
2027-03-01,5259,569,Japan,Training,1
2027-03-01,2503,746,France,Hardware,1
2027-03-01,5024,1068,France,Hardware,3
2027-03-01,1770,601,Spain,Services,9
2027-03-01,4720,1700,France,Software,7
2027-03-01,9734,2510,United States,Services,5
2027-03-01,4069,756,Germany,Training,3
2027-03-01,1437,370,Japan,Training,1
2027-03-01,10554,4197,United States,Software,9
2027-03-01,4000,1088,Germany,Services,3
2027-03-01,4435,1594,Spain,Software,9
2027-03-01,7350,3454,United States,Software,9
2027-03-01,2718,690,France,Hardware,2
2027-03-01,3328,1146,United Kingdom,Services,5
2027-03-01,12144,2428,France,Training,15
2027-03-01,7579,2790,Japan,Hardware,9
2027-03-01,3854,1364,Japan,Software,6
2027-03-01,2818,953,Germany,Hardware,7
2027-03-01,10037,4211,Germany,Software,15
2027-03-01,7910,2530,Germany,Services,7
2027-03-01,5142,1307,Spain,Services,2
2027-03-01,4712,2303,Germany,Training,8
2027-03-01,7341,1559,Japan,Software,8
2027-03-01,7258,1964,United States,Hardware,5
2027-03-01,5412,1219,Japan,Hardware,2
2027-03-01,8866,1400,United Kingdom,Hardware,9
2027-03-01,2455,995,Germany,Software,1
2027-03-01,9160,2693,United States,Hardware,15
2027-03-01,4258,1457,Japan,Services,4
2027-03-01,10132,4091,United States,Software,11
2027-03-01,5047,1264,United Kingdom,Hardware,5
2027-03-01,437,139,Germany,Training,1
2027-03-01,6381,1944,United States,Services,11
2027-03-01,2081,573,Spain,Training,5
2027-03-01,6414,1323,France,Hardware,3
2027-03-01,5071,1049,Germany,Hardware,1
2027-03-01,2595,808,Japan,Software,1
2027-03-01,2899,974,United States,Training,5
2027-03-01,6119,1486,Spain,Services,5
2027-03-01,8213,2055,France,Hardware,10
2027-03-01,8258,2325,Germany,Services,15
2027-03-01,3528,1301,United States,Software,4
2027-03-01,5456,2018,France,Hardware,11
2027-03-01,1795,420,United States,Training,1
2027-03-01,11671,4509,United States,Software,12
2027-03-01,3513,1028,United States,Services,2
2027-03-01,16786,2593,Spain,Hardware,13
2027-03-01,7591,1392,Japan,Hardware,6
2027-03-01,1673,442,United States,Training,1
2027-03-01,6173,2886,United Kingdom,Software,
2027-03-01,8117,1353,Japan,Hardware,11
2027-03-01,12884,3337,Spain,Hardware,13
2027-03-01,12036,2530,Germany,Hardware,17
2027-03-01,2431,308,Germany,Services,4
2027-03-01,2071,371,Japan,Training,7
2027-03-01,7399,2273,United States,Software,6
2027-03-01,6717,2314,United States,Services,5
2027-03-01,1923,395,Germany,Training,3
2027-03-01,6950,1309,Japan,Hardware,7
2027-03-01,2958,854,United States,Software,1
2027-03-01,3968,1516,Japan,Hardware,2
2027-03-01,6841,2222,Japan,Training,10
2027-03-01,3241,732,United Kingdom,Software,1
2027-03-01,4938,1142,France,Training,3
2027-03-01,3396,1011,United States,Training,6
2027-03-01,7652,1777,Germany,Hardware,5
2027-03-01,5482,1937,Japan,Services,1
2027-03-01,4051,1566,Spain,Software,4
2027-03-01,2908,1163,Japan,Software,5
2027-03-01,3611,964,Germany,Services,1
2027-03-01,713,136,United States,Training,4
2027-03-01,4808,1803,United States,Services,7
2027-03-01,1954,782,Spain,Services,2
2027-03-01,7333,3247,Germany,Software,10
2027-03-01,2674,494,United States,Training,3
2027-03-01,1641,510,Japan,Services,3
2027-03-01,3763,920,Japan,Services,7
2027-03-01,3447,792,United Kingdom,Services,4
2027-03-01,2523,1136,Germany,Services,3
2027-03-01,2794,1108,United States,Software,7
2027-03-01,5842,2290,France,Software,9
2027-03-01,1622,549,United States,Training,3
2027-03-01,4898,1721,France,Services,2
2027-03-01,3240,1163,United States,Software,4
2027-03-01,14391,2579,Spain,Hardware,10
2027-03-01,9280,3112,France,Hardware,12
2027-03-01,1121,314,United States,Training,1
2027-03-01,2688,681,United Kingdom,Training,2
2027-03-01,1826,303,United States,Training,6
2027-03-01,2991,495,United States,Training,1
2027-03-01,9120,1481,France,Hardware,10
2027-03-01,2903,275,Germany,Training,2
2027-03-01,12365,3938,Germany,Software,15
2027-03-01,11358,4522,Germany,Services,12
2027-03-01,4175,1002,United States,Services,5
2027-03-01,5963,1827,Spain,Training,5
2027-03-01,3008,833,United States,Services,3
2027-03-01,6906,2520,Spain,Training,12
2027-03-01,15079,2102,United Kingdom,Hardware,16
2027-03-01,2934,776,Japan,Training,2
2027-03-01,3221,825,United States,Training,3
2027-03-01,5694,1710,Spain,Services,1
2027-03-01,1892,656,Spain,Training,4
2027-03-01,9146,1111,United States,Hardware,15
2027-03-01,14599,4902,Germany,Hardware,15
2027-03-01,4748,1445,Japan,Training,4
2027-03-01,6767,2762,United States,Software,2
2027-03-01,4272,759,Germany,Training,4
2027-03-01,2503,917,France,Software,4
2027-03-01,4214,456,Germany,Hardware,6
2027-03-01,1832,370,Spain,Services,6
2027-03-01,3543,730,United States,Training,1
2027-03-01,8117,2632,Japan,Services,9
2027-03-01,571,155,Spain,Training,1
2027-03-01,3928,1428,Japan,Software,8
2027-03-01,10244,3044,United States,Software,9
2027-03-01,4369,1002,United States,Hardware,4
2027-03-01,6910,1285,United Kingdom,Hardware,8
2027-03-01,4421,1489,France,Software,5
2027-03-01,7091,3689,Spain,Software,7
2027-03-01,5788,1525,United States,Hardware,3
2027-03-01,9661,2803,United Kingdom,Hardware,7
2027-03-01,3664,1318,Spain,Services,6
2027-03-01,6202,1795,Germany,Services,12
2027-03-01,5972,874,Japan,Hardware,11
2027-03-01,2621,938,France,Training,3
2027-03-01,4027,1619,Japan,Services,1
2027-03-01,3750,1137,United States,Services,7
2027-03-01,4093,1138,United States,Hardware,8
2027-03-01,1690,496,Spain,Training,1
2027-03-01,6036,1714,Japan,Hardware,6
2027-03-01,1371,371,United States,Training,3
2027-03-01,4585,1809,United States,Software,12
2027-03-01,6904,2089,Japan,Services,11
2027-03-01,2466,925,Spain,Software,2
2027-03-01,2280,543,United States,Services,5
2027-03-01,5121,2079,Germany,Software,2
2027-03-01,7649,2541,Spain,Services,10
2027-03-01,3580,1391,United States,Services,1
2027-03-01,10659,4244,United Kingdom,Software,11
2027-03-01,709,189,France,Services,1
2027-03-01,7264,2131,Spain,Training,4
2027-03-01,3997,1048,Spain,Hardware,5
2027-03-01,6703,2587,France,Software,8
2027-03-01,7056,2405,Spain,Training,2
2027-03-01,3703,772,France,Services,1
2027-03-01,1831,699,Spain,Software,1
2027-03-01,6780,1992,Germany,Hardware,12
2027-03-01,5669,938,Spain,Hardware,2
2027-03-01,17789,4183,United States,Hardware,19
2027-03-01,4239,1726,Japan,Software,6
2027-03-01,7467,1921,United States,Hardware,7
2027-03-01,4113,1145,United States,Training,5
2027-03-01,6965,2695,Japan,Services,10
2027-03-01,3002,1355,United States,Software,4
2027-03-01,16204,2326,Spain,Hardware,16
2027-03-01,8934,3337,United States,Software,10
2027-03-01,1907,257,France,Training,1
2027-03-01,1533,654,France,Training,4
2027-03-01,4747,1922,Japan,Software,8
2027-03-01,1555,377,United Kingdom,Training,1
2027-03-01,3083,1221,Japan,Training,2
2027-03-01,3002,812,Spain,Software,2
2027-03-01,1816,439,United States,Training,1
2027-03-01,3157,917,United Kingdom,Software,7
2027-03-01,11768,4140,Spain,Software,12
2027-03-01,2016,555,United States,Training,4
2027-03-01,3932,395,Germany,Hardware,2
2027-03-01,5116,1471,Germany,Services,7
2027-03-01,7664,2152,Germany,Services,12
2027-03-01,15910,4946,Germany,Software,16
2027-03-01,6120,1087,United States,Hardware,9
2027-03-01,6872,1047,United States,Services,11
2027-03-01,6857,2460,Spain,Services,7
2027-03-01,6529,1871,Japan,Services,8
2027-03-01,1660,324,Spain,Training,1
2027-03-01,1741,417,United Kingdom,Training,1
2027-03-01,7216,2228,United States,Services,7
2027-03-01,9472,3301,United States,Software,13
2027-03-01,2400,1082,Japan,Software,1
2027-03-01,1681,458,Germany,Training,1
2027-03-01,6177,1612,Germany,Hardware,9
2027-03-01,23770,7988,Germany,Hardware,28
2027-03-01,2740,785,United States,Training,4
2027-03-01,1068,331,United States,Training,4
2027-03-01,4038,1018,United States,Hardware,2
2027-03-01,14589,3606,France,Software,24
2027-03-01,3280,576,Japan,Hardware,9
2027-03-01,5035,1783,Spain,Services,6
2027-03-01,2346,739,United States,Software,8
2027-03-01,2890,154,France,Hardware,4
2027-03-01,3002,1080,United States,Software,1
2027-03-01,6960,2808,Spain,Software,12
2027-03-01,7023,3191,United States,Software,7
2027-03-01,12100,2114,United Kingdom,Hardware,12
2027-03-01,3787,1295,Germany,Training,1
2027-03-01,4083,761,United States,Hardware,7
2027-03-01,4519,1263,Germany,Services,1
2027-03-01,3731,1021,United States,Training,5
2027-03-01,14000,3103,France,Software,15
2027-03-01,1402,512,United States,Software,1
2027-03-01,4016,1567,Germany,Software,7
2027-03-01,5685,2337,United States,Software,6
2027-03-01,2335,827,France,Services,1
2027-03-01,11450,2273,United States,Hardware,12
2027-03-01,1823,450,Germany,Training,2
2027-03-01,11988,4880,United States,Software,10
2027-03-01,10198,3033,Germany,Hardware,12
2027-03-01,2192,727,Spain,Software,5
2027-03-01,2236,625,United Kingdom,Training,1
2027-03-01,6124,2504,United States,Software,8
2027-03-01,5763,2100,Japan,Services,3
2027-03-01,3739,1691,Spain,Training,7
2027-03-01,3490,927,Japan,Training,8
2027-03-01,12964,2713,France,Hardware,13
2027-03-01,4610,944,Spain,Training,8
2027-03-01,2090,427,Spain,Services,1
2027-03-01,5952,1348,France,Services,9
2027-03-01,9823,3103,United States,Software,6
2027-03-01,5791,797,Spain,Training,4
2027-04-01,2028,401,Germany,Training,3
2027-04-01,1307,507,United States,Services,1
2027-04-01,1991,729,United States,Services,5
2027-04-01,4177,866,Germany,Services,
2027-04-01,3989,1183,United States,Training,4
2027-04-01,5306,1641,Spain,Services,8
2027-04-01,10176,3206,Spain,Software,5
2027-04-01,18586,3720,Spain,Hardware,19
2027-04-01,6252,710,Japan,Hardware,
2027-04-01,5842,1867,Spain,Hardware,8
2027-04-01,14950,4499,Spain,Services,14
2027-04-01,3710,1357,United States,Software,5
2027-04-01,2124,466,United Kingdom,Training,4
2027-04-01,14126,3294,Germany,Services,
2027-04-01,7073,1741,United States,Software,4
2027-04-01,3746,1506,United States,Training,1
2027-04-01,3831,1473,United States,Services,1
2027-04-01,1421,447,United States,Services,3
2027-04-01,4266,1157,Spain,Hardware,1
2027-04-01,4833,1208,United States,Hardware,6
2027-04-01,2527,798,United States,Software,5
2027-04-01,2616,998,Spain,Services,1
2027-04-01,13597,5532,United Kingdom,Software,15
2027-04-01,6452,1933,United States,Software,5
2027-04-01,6029,2289,United States,Services,8
2027-04-01,9680,2966,France,Hardware,9
2027-04-01,1157,300,Spain,Training,1
2027-04-01,3791,1057,United Kingdom,Training,3
2027-04-01,6631,2427,France,Software,10
2027-04-01,7366,2144,Spain,Services,8
2027-04-01,7408,2379,Germany,Software,7
2027-04-01,11136,4398,United States,Software,13
2027-04-01,1739,334,France,Services,1
2027-04-01,7735,1413,United States,Hardware,9
2027-04-01,5304,2205,United States,Services,4
2027-04-01,5927,1025,Spain,Hardware,3
2027-04-01,14291,6301,Spain,Software,20
2027-04-01,4726,1211,Germany,Training,9
2027-04-01,3556,1105,Japan,Services,
2027-04-01,2758,849,Japan,Services,1
2027-04-01,3746,1181,Germany,Services,3
2027-04-01,2503,371,Japan,Training,1
2027-04-01,2109,355,Japan,Training,6
2027-04-01,1180,284,Germany,Training,1
2027-04-01,3733,974,Germany,Training,9
2027-04-01,5191,922,United States,Services,9
2027-04-01,1009,408,Japan,Training,2
2027-04-01,9030,3378,Japan,Services,13
2027-04-01,1874,408,France,Services,1
2027-04-01,4509,1809,France,Software,1
2027-04-01,14293,3911,France,Hardware,10
2027-04-01,3526,1398,Germany,Software,8
2027-04-01,11181,2297,United States,Services,19
2027-04-01,5002,677,France,Hardware,14
2027-04-01,3972,1177,Spain,Training,3
2027-04-01,6321,1434,United States,Training,12
2027-04-01,9454,2832,United Kingdom,Hardware,9
2027-04-01,2995,1031,United States,Software,4
2027-04-01,2023,668,United States,Services,6
2027-04-01,2743,614,Germany,Training,7
2027-04-01,5984,1426,United Kingdom,Services,5
2027-04-01,2449,558,France,Training,4
2027-04-01,4323,1710,United States,Services,1
2027-04-01,6974,1092,Spain,Training,11
2027-04-01,11193,3870,France,Hardware,16
2027-04-01,1729,545,France,Training,1
2027-04-01,8552,2666,Germany,Hardware,6
2027-04-01,12779,5459,Spain,Software,12
2027-04-01,25270,3378,Spain,Hardware,27
2027-04-01,2848,1128,Germany,Software,8
2027-04-01,23817,4397,France,Hardware,27
2027-04-01,2399,815,United States,Hardware,1
2027-04-01,5933,1297,United States,Hardware,7
2027-04-01,6029,1520,United States,Hardware,1
2027-04-01,4184,899,Japan,Services,2
2027-04-01,2904,700,United States,Software,1
2027-04-01,5141,1454,France,Training,5
2027-04-01,1563,331,Japan,Training,7
2027-04-01,3239,805,United States,Training,7
2027-04-01,2596,387,Spain,Training,6
2027-04-01,6246,1503,Japan,Hardware,3
2027-04-01,3707,1520,Japan,Software,5
2027-04-01,2693,347,Germany,Hardware,2
2027-04-01,5118,1006,United States,Hardware,7
2027-04-01,3888,999,United States,Software,7
2027-04-01,2797,603,Japan,Hardware,2
2027-04-01,6779,1934,Germany,Services,11
2027-04-01,1004,235,France,Training,3
2027-04-01,5956,1101,Japan,Services,6
2027-04-01,4048,970,Japan,Services,7
2027-04-01,3394,1186,Spain,Services,7
2027-04-01,3420,875,United States,Services,2
2027-04-01,6038,1098,Germany,Hardware,11
2027-04-01,10676,5229,United Kingdom,Software,14
2027-04-01,2324,516,Spain,Software,1
2027-04-01,2152,690,Japan,Services,8
2027-04-01,2974,1067,Germany,Services,3
2027-04-01,5669,1718,United States,Services,12
2027-04-01,3986,1171,France,Software,1
2027-04-01,12522,4627,United States,Software,13
2027-04-01,12914,4596,France,Hardware,14
2027-04-01,1256,321,France,Training,2
2027-04-01,3595,929,United States,Training,4
2027-04-01,3549,1298,United States,Services,8
2027-04-01,2955,1018,United States,Software,1
2027-04-01,3828,1097,United States,Software,5
2027-04-01,6926,1720,France,Hardware,8
2027-04-01,2634,800,United States,Software,2
2027-04-01,6022,1474,Japan,Training,10
2027-04-01,5951,3079,Germany,Software,8
2027-04-01,5931,2079,United States,Software,8
2027-04-01,4787,927,United States,Services,9
2027-04-01,3413,1257,Japan,Services,1
2027-04-01,7196,1566,United States,Hardware,8
2027-04-01,11440,1285,Japan,Hardware,8
2027-04-01,8031,2006,France,Hardware,12
2027-04-01,2756,975,United States,Services,4
2027-04-01,16268,5975,France,Software,17
2027-04-01,6540,1846,Japan,Hardware,10
2027-04-01,9850,3275,Germany,Services,14
2027-04-01,9550,2911,Spain,Services,5
2027-04-01,6666,1524,United States,Services,6
2027-04-01,34976,10722,Japan,Software,36
2027-04-01,6163,2467,Germany,Software,3
2027-04-01,1672,393,United States,Training,3
2027-04-01,7167,1920,Spain,Hardware,9
2027-04-01,2081,447,Japan,Services,5
2027-04-01,13667,4061,United States,Services,18
2027-04-01,4272,1392,Germany,Training,4
2027-04-01,1275,483,United States,Services,7
2027-04-01,5206,1036,Spain,Hardware,1
2027-04-01,3328,945,France,Training,2
2027-04-01,808,191,United Kingdom,Training,1
2027-04-01,1104,354,United States,Training,1
2027-04-01,1841,634,France,Training,1
2027-04-01,3372,1428,France,Training,10
2027-04-01,14397,4178,Spain,Services,15
2027-04-01,6986,2391,United Kingdom,Software,8
2027-04-01,1942,785,Germany,Training,5
2027-04-01,5925,2327,United States,Software,10
2027-04-01,1684,804,Japan,Software,1
2027-04-01,2266,770,United Kingdom,Software,1
2027-04-01,9089,2883,United States,Services,13
2027-04-01,5821,1785,Germany,Software,8
2027-04-01,14877,4349,United Kingdom,Software,22
2027-04-01,4218,1152,Germany,Hardware,10
2027-04-01,5271,937,United States,Hardware,4
2027-04-01,1825,688,United States,Training,2
2027-04-01,5060,1001,Spain,Services,4
2027-04-01,17791,5039,United States,Hardware,19
2027-04-01,6734,1661,Germany,Services,13
2027-04-01,4908,1676,Germany,Hardware,2
2027-04-01,3324,538,Spain,Hardware,5
2027-04-01,2411,641,France,Training,1
2027-04-01,2318,715,United States,Training,1
2027-04-01,3224,377,United States,Training,6
2027-04-01,6517,1767,Germany,Services,8
2027-04-01,2231,770,United States,Training,4
2027-04-01,11194,3312,United States,Hardware,11
2027-04-01,17443,4181,United States,Hardware,23
2027-04-01,4516,848,Spain,Training,5
2027-04-01,11370,5329,France,Software,17
2027-04-01,10159,2546,United States,Hardware,9
2027-04-01,4848,864,France,Hardware,6
2027-04-01,8357,3103,United States,Software,9
2027-04-01,3163,1038,Spain,Hardware,8
2027-04-01,2402,759,United States,Services,5
2027-04-01,11973,3915,Spain,Services,18
2027-04-01,3805,1137,United Kingdom,Services,3
2027-04-01,5995,1545,Japan,Services,8
2027-04-01,2229,585,Germany,Training,1
2027-04-01,4744,1546,United States,Services,11
2027-04-01,8357,2156,Germany,Hardware,12
2027-04-01,2931,1511,Spain,Software,4
2027-04-01,5834,1697,Japan,Services,2
2027-04-01,2236,620,Japan,Training,3
2027-04-01,5701,1520,Spain,Hardware,9
2027-04-01,3737,1388,France,Software,7
2027-04-01,2107,662,France,Services,3
2027-04-01,8401,601,Germany,Hardware,6
2027-04-01,19784,3873,Japan,Services,25
2027-04-01,5321,1998,Japan,Software,7
2027-04-01,3582,1134,Japan,Software,3
2027-04-01,1315,373,United States,Services,1
2027-04-01,5995,1927,Germany,Services,7
2027-04-01,36836,8080,United States,Hardware,45
2027-04-01,1408,447,Spain,Services,5
2027-04-01,3175,1069,United States,Training,6
2027-04-01,7188,2103,United Kingdom,Services,8
2027-04-01,4681,1652,France,Services,2
2027-04-01,3245,1275,Germany,Services,6
2027-04-01,7398,1910,Spain,Hardware,7
2027-04-01,4756,1561,Japan,Software,4
2027-04-01,1454,524,France,Software,4
2027-04-01,4501,1909,United States,Software,3
2027-04-01,1182,339,United States,Training,1
2027-04-01,3544,855,Spain,Training,2
2027-04-01,11904,2949,Japan,Hardware,13
2027-04-01,3371,1131,United States,Services,6
2027-04-01,2513,968,Germany,Software,2
2027-04-01,3772,1687,United Kingdom,Software,4
2027-04-01,5932,1224,United States,Hardware,9
2027-04-01,2697,597,Spain,Training,1
2027-04-01,6417,402,Japan,Hardware,4
2027-04-01,7348,2204,United States,Training,2
2027-04-01,3589,922,France,Hardware,1
2027-04-01,5807,2028,United States,Training,5
2027-04-01,14449,2399,Germany,Hardware,18
2027-04-01,2872,743,United States,Hardware,3
2027-04-01,8192,1245,United Kingdom,Hardware,5
2027-04-01,1722,784,United States,Software,1
2027-04-01,9735,2203,United States,Hardware,13
2027-04-01,4682,955,Germany,Training,6
2027-04-01,4028,893,United Kingdom,Training,6
2027-04-01,10851,3697,Germany,Software,10
2027-04-01,7201,2000,Japan,Software,8
2027-04-01,5366,914,United States,Training,5
2027-04-01,1576,548,United Kingdom,Training,1
2027-04-01,3575,1087,Spain,Services,10
2027-04-01,6803,1691,United States,Hardware,10
2027-04-01,14996,4922,United States,Hardware,17
2027-04-01,7641,2812,United States,Software,9
2027-04-01,6346,1405,Spain,Hardware,5
2027-04-01,1473,551,Spain,Training,1
2027-04-01,4426,1426,United States,Training,7
2027-04-01,1846,560,United States,Services,1
2027-04-01,2071,535,Spain,Training,5
2027-04-01,4679,858,United States,Training,5
2027-04-01,4142,1972,United Kingdom,Software,5
2027-04-01,6659,2297,France,Training,5
2027-04-01,8425,2001,Spain,Hardware,12
2027-04-01,9447,2077,Japan,Hardware,10
2027-04-01,12899,4535,Germany,Software,17
2027-04-01,2684,784,Germany,Services,3
2027-04-01,1511,286,France,Training,2
2027-04-01,5881,2194,Japan,Software,4
2027-04-01,2868,848,France,Services,
2027-04-01,2548,837,Germany,Training,1
2027-04-01,9261,3098,Germany,Services,6
2027-04-01,7901,3031,United Kingdom,Software,15
2027-04-01,10405,3400,United States,Hardware,14
2027-04-01,3143,916,United States,Software,10
2027-04-01,7233,644,Spain,Hardware,8
2027-04-01,6416,2049,United Kingdom,Services,5
2027-04-01,4414,1648,Germany,Software,7
2027-04-01,6197,1883,France,Services,6
2027-04-01,4493,1779,United States,Software,5
2027-04-01,5597,1048,Germany,Hardware,8
2027-04-01,5666,1330,Spain,Services,8
2027-04-01,12710,3173,Japan,Hardware,17
2027-04-01,7620,1658,Germany,Hardware,7
2027-04-01,4344,1268,Japan,Services,4
2027-04-01,3586,1137,France,Training,1
2027-04-01,7072,3263,United Kingdom,Software,7
2027-04-01,13960,3432,Germany,Hardware,14
2027-04-01,2914,750,France,Software,5
2027-04-01,2676,464,Germany,Training,7
2027-04-01,9831,1898,United States,Hardware,10
2027-04-01,7197,2460,Spain,Hardware,13
2027-04-01,3612,1145,Japan,Software,6
2027-04-01,5424,2222,France,Services,9
2027-04-01,18077,6766,Japan,Software,20
2027-04-01,4890,1638,France,Software,7
2027-04-01,19568,4850,France,Hardware,21
2027-04-01,4489,1276,France,Software,1
2027-04-01,13477,5315,United States,Software,17
2027-04-01,4457,1801,France,Software,1
2027-04-01,2818,489,France,Training,1
2027-04-01,15515,2733,France,Hardware,19
2027-04-01,7617,3231,Japan,Services,8
2027-04-01,12508,3759,France,Software,9
2027-04-01,16272,2821,France,Hardware,16
2027-04-01,2577,835,Japan,Software,1
2027-04-01,3225,482,United States,Training,3
2027-04-01,17787,5481,France,Services,22
2027-04-01,1984,696,Japan,Training,1
2027-04-01,2477,691,United Kingdom,Training,6
2027-04-01,12322,3088,United States,Software,12
2027-04-01,4469,1921,Germany,Software,8
2027-04-01,3396,1218,United States,Services,5
2027-04-01,3180,1230,United States,Services,5
2027-04-01,3724,1091,France,Services,4
2027-04-01,2221,571,Spain,Services,4
2027-04-01,3282,861,France,Services,4
2027-04-01,4745,2241,France,Software,4
2027-04-01,4718,1222,United States,Hardware,1
2027-04-01,2522,1209,France,Software,2
2027-04-01,1123,423,United Kingdom,Training,1
2027-04-01,4617,1507,France,Hardware,1
2027-04-01,1658,595,Spain,Software,1
2027-04-01,5676,872,United States,Hardware,5
2027-04-01,6763,2740,France,Services,2
2027-04-01,5213,1479,Germany,Services,7
2027-04-01,7988,2133,Spain,Hardware,7
2027-04-01,13480,3369,United States,Services,15
2027-04-01,7580,1751,Spain,Hardware,9
2027-04-01,5583,1545,France,Hardware,9
2027-04-01,17097,4284,United States,Hardware,22
2027-04-01,8633,3481,Japan,Services,8
2027-04-01,9879,3419,Japan,Services,
2027-04-01,2899,691,Spain,Services,2
2027-04-01,2916,926,Germany,Services,1
2027-04-01,2897,544,France,Training,2
2027-04-01,11642,4500,Germany,Software,13
2027-04-01,7606,1847,France,Services,2
2027-04-01,3194,948,United States,Services,8
2027-04-01,6132,1472,Japan,Services,10
2027-04-01,8633,3223,United Kingdom,Software,15
2027-04-01,10341,1533,Germany,Training,11
2027-04-01,4126,1220,United States,Software,9
2027-04-01,8777,2323,Japan,Services,7
2027-04-01,2917,678,Japan,Services,8
2027-04-01,5299,1227,Germany,Training,1
2027-04-01,1528,377,France,Training,3
2027-04-01,11681,3795,Spain,Services,16
2027-04-01,18852,7137,United Kingdom,Services,21
2027-04-01,3325,892,Spain,Services,2
2027-04-01,2987,1135,France,Training,7
2027-04-01,10612,2799,Germany,Hardware,7
2027-04-01,5768,1271,Japan,Hardware,2
2027-04-01,4186,1471,United States,Services,1
2027-04-01,2320,1188,Germany,Software,2
2027-04-01,3886,788,United States,Training,6
2027-04-01,1780,306,Germany,Training,4
2027-04-01,19778,6771,Spain,Software,20
2027-04-01,4007,1390,Germany,Software,11
2027-04-01,3348,619,Spain,Training,2
2027-04-01,7450,3328,United States,Software,5
2027-04-01,3416,1610,United Kingdom,Software,8
2027-04-01,3507,1097,France,Services,6
2027-04-01,2099,462,Spain,Hardware,7
2027-04-01,3201,573,United States,Training,4
2027-04-01,4714,1482,United States,Services,6
2027-04-01,3055,798,United States,Services,2
2027-04-01,783,226,United States,Training,1
2027-04-01,5768,2129,Japan,Software,
2027-04-01,5001,1523,France,Services,3
2027-04-01,4867,1159,Germany,Hardware,5
2027-04-01,4213,1103,France,Hardware,8
2027-04-01,5603,2068,Germany,Services,10
2027-04-01,10844,3478,France,Services,12
2027-04-01,3250,861,Germany,Training,6
2027-04-01,2909,917,Germany,Hardware,9
2027-04-01,3125,1193,United Kingdom,Software,3
2027-04-01,9943,3504,United States,Services,14
2027-04-01,4200,2003,Germany,Software,4
2027-04-01,2651,510,France,Training,2
2027-04-01,6872,1216,Japan,Training,9
2027-04-01,6072,2513,United States,Software,8
2027-04-01,5163,950,United Kingdom,Training,7
2027-04-01,11240,4140,Japan,Software,11
2027-04-01,3480,443,United States,Training,1
2027-04-01,23512,6664,Japan,Hardware,29
2027-04-01,14851,4396,France,Hardware,18
2027-04-01,3492,1047,Spain,Services,2
2027-04-01,20862,6083,United States,Services,19
2027-04-01,7757,1687,United States,Hardware,8
2027-04-01,10823,4928,France,Software,10
2027-04-01,6708,2169,Germany,Software,9
2027-04-01,23226,8774,France,Hardware,26
2027-04-01,13724,5249,Spain,Software,21
2027-04-01,2557,1398,United States,Software,4
2027-04-01,1390,500,Japan,Services,7
2027-04-01,3227,1232,France,Services,4
2027-04-01,7029,1565,United Kingdom,Training,4
2027-04-01,5980,2006,France,Training,4
2027-04-01,6770,1812,United States,Services,8
2027-04-01,1224,457,France,Training,7
2027-04-01,2623,577,Spain,Training,4
2027-04-01,5849,2060,Germany,Hardware,11
2027-04-01,2328,750,Germany,Training,3
2027-04-01,6823,2728,Japan,Software,9
2027-04-01,3899,734,United States,Hardware,6
2027-04-01,9154,2071,United Kingdom,Hardware,13
2027-04-01,6964,3067,Germany,Software,10
2027-04-01,6111,1526,Japan,Hardware,5
2027-04-01,5235,1435,United Kingdom,Services,8
2027-04-01,4152,1614,United States,Software,12
2027-04-01,6648,2624,Germany,Services,7
2027-04-01,20135,7609,Spain,Services,22
2027-04-01,2207,712,Germany,Services,5
2027-04-01,8550,2620,United States,Services,10
2027-04-01,14383,3566,Japan,Hardware,15
2027-04-01,2316,438,Germany,Hardware,6
2027-04-01,5359,2513,United Kingdom,Software,4
2027-04-01,3273,1107,United States,Training,2
2027-04-01,3964,1660,Japan,Software,4
2027-04-01,7083,2529,United States,Software,7
2027-04-01,5439,2213,France,Software,7
2027-04-01,5409,1125,Germany,Hardware,10
2027-04-01,4350,501,United States,Hardware,3
2027-04-01,15559,2723,Spain,Hardware,18
2027-04-01,1877,407,United States,Training,5
2027-04-01,23490,8648,United States,Software,27
2027-04-01,4249,1260,Japan,Services,2
2027-04-01,3534,441,United Kingdom,Hardware,7
2027-04-01,4347,1082,Japan,Services,3
2027-04-01,8190,1963,Spain,Services,15
2027-04-01,12899,3786,Japan,Hardware,13
2027-04-01,13220,5736,Germany,Software,20
2027-05-01,7155,2460,Germany,Services,10
2027-05-01,7040,2240,France,Services,4
2027-05-01,10394,2590,Japan,Training,10
2027-05-01,5396,2044,Germany,Services,11
2027-05-01,21055,9326,United States,Software,22
2027-05-01,4318,1314,United Kingdom,Services,5
2027-05-01,1846,601,Germany,Training,1
2027-05-01,4393,1982,United States,Software,4
2027-05-01,9172,1940,Germany,Training,6
2027-05-01,5908,2738,Japan,Software,6
2027-05-01,3950,993,Spain,Services,5
2027-05-01,23726,13096,United States,Software,27
2027-05-01,7130,1895,Japan,Software,10
2027-05-01,6028,1723,Japan,Training,4
2027-05-01,8765,2997,Spain,Software,10
2027-05-01,1548,316,United States,Training,1
2027-05-01,10495,1925,United States,Hardware,14
2027-05-01,8670,2276,France,Hardware,6
2027-05-01,2576,918,France,Services,5
2027-05-01,6851,1608,Spain,Hardware,1
2027-05-01,6580,1767,United States,Services,10
2027-05-01,1365,392,United States,Training,1
2027-05-01,13140,5627,Japan,Software,18
2027-05-01,11931,3390,Germany,Services,16
2027-05-01,6037,1658,United Kingdom,Services,7
2027-05-01,13593,2690,Japan,Hardware,16
2027-05-01,6308,2346,Germany,Software,13
2027-05-01,5224,1444,Spain,Hardware,8
2027-05-01,8577,957,France,Hardware,9
2027-05-01,6268,1016,United States,Hardware,11
2027-05-01,8799,2837,Germany,Hardware,11
2027-05-01,3592,1074,Germany,Training,6
2027-05-01,1649,371,United States,Training,5
2027-05-01,5180,1636,United States,Services,8
2027-05-01,6669,2392,United States,Software,8
2027-05-01,3656,1547,United States,Services,6
2027-05-01,5524,1099,Spain,Hardware,7
2027-05-01,5372,920,United Kingdom,Hardware,5
2027-05-01,5010,2065,United States,Training,1
2027-05-01,5080,1063,Germany,Training,5
2027-05-01,11004,5753,Spain,Software,13
2027-05-01,12476,3677,Spain,Services,13
2027-05-01,6931,1661,Spain,Software,8
2027-05-01,1724,456,United States,Training,3
2027-05-01,12154,5243,United States,Software,16
2027-05-01,11775,4622,United States,Software,11
2027-05-01,2715,375,Japan,Services,3
2027-05-01,14478,5186,Germany,Software,17
2027-05-01,5566,1137,Spain,Training,1
2027-05-01,4349,1525,Spain,Training,4
2027-05-01,4601,1742,Spain,Software,4
2027-05-01,9119,2917,Germany,Software,10
2027-05-01,3038,1106,Japan,Training,4
2027-05-01,5257,1348,United Kingdom,Services,4
2027-05-01,2767,1043,Spain,Training,1
2027-05-01,8246,2575,Spain,Software,10
2027-05-01,8001,2935,Germany,Hardware,8
2027-05-01,4774,1665,Germany,Services,4
2027-05-01,1112,270,France,Training,2
2027-05-01,1079,229,France,Training,1
2027-05-01,1940,427,Japan,Training,1
2027-05-01,7423,1085,Germany,Hardware,9
2027-05-01,10323,2887,Germany,Software,19
2027-05-01,11112,3191,United States,Services,9
2027-05-01,11313,3064,Germany,Hardware,11
2027-05-01,10902,3600,Germany,Software,12
2027-05-01,4282,1600,Spain,Services,7
2027-05-01,7956,2972,Japan,Software,15
2027-05-01,1603,553,United States,Training,2
2027-05-01,8062,3386,France,Software,5
2027-05-01,2155,642,Spain,Training,6
2027-05-01,2399,972,France,Training,1
2027-05-01,6960,1298,United Kingdom,Hardware,12
2027-05-01,4913,2080,France,Training,1
2027-05-01,8321,587,Germany,Hardware,9
2027-05-01,9403,2753,Spain,Services,21
2027-05-01,5329,1329,Germany,Hardware,2
2027-05-01,5651,1264,Spain,Hardware,9
2027-05-01,2067,670,Japan,Software,1
2027-05-01,12602,638,Japan,Hardware,15
2027-05-01,10117,4597,United States,Software,12
2027-05-01,7407,2060,France,Services,9
2027-05-01,6280,2228,Japan,Hardware,8
2027-05-01,13703,2673,United States,Training,18
2027-05-01,3150,982,United States,Services,1
2027-05-01,6817,1446,Japan,Hardware,7
2027-05-01,3186,1105,United Kingdom,Software,2
2027-05-01,16121,5353,United Kingdom,Hardware,21
2027-05-01,3986,751,Japan,Hardware,7
2027-05-01,3933,1397,Germany,Services,5
2027-05-01,3263,1086,Germany,Software,3
2027-05-01,6543,1356,Spain,Hardware,12
2027-05-01,8106,3846,France,Software,6
2027-05-01,2836,705,France,Training,2
2027-05-01,27660,4425,United States,Hardware,27
2027-05-01,2555,611,United States,Services,5
2027-05-01,8353,1730,United Kingdom,Hardware,11
2027-05-01,4657,1038,United States,Training,4
2027-05-01,1484,454,Spain,Training,1
2027-05-01,8042,1664,Japan,Hardware,11
2027-05-01,5816,1551,Spain,Services,4
2027-05-01,3471,1084,Japan,Training,6
2027-05-01,37320,11169,United States,Hardware,41
2027-05-01,3148,767,United States,Software,6
2027-05-01,2792,1348,France,Software,4
2027-05-01,16277,4723,Germany,Services,18
2027-05-01,3565,680,Germany,Training,2
2027-05-01,3687,1713,France,Software,1
2027-05-01,5443,1464,Germany,Services,6
2027-05-01,3163,1034,Japan,Software,5
2027-05-01,3872,1382,Japan,Software,3
2027-05-01,7337,3053,France,Software,6
2027-05-01,5980,1146,United Kingdom,Services,8
2027-05-01,3711,715,France,Training,8
2027-05-01,8068,2862,United States,Software,4
2027-05-01,6692,3560,United States,Software,6
2027-05-01,5795,1609,Japan,Services,5
2027-05-01,5489,1505,France,Hardware,7
2027-05-01,7306,1281,United States,Hardware,11
2027-05-01,11664,2928,Japan,Services,15
2027-05-01,4327,1842,France,Training,6
2027-05-01,15302,4079,Spain,Hardware,14
2027-05-01,4559,1312,Germany,Training,7
2027-05-01,4936,1284,France,Services,8
2027-05-01,3380,522,United Kingdom,Hardware,3
2027-05-01,4289,1264,Spain,Services,4
2027-05-01,4423,1263,Spain,Training,8
2027-05-01,16575,4843,United Kingdom,Hardware,16
2027-05-01,6201,2280,Spain,Training,10
2027-05-01,15039,4772,France,Software,18
2027-05-01,15044,5657,Germany,Software,16
2027-05-01,5184,1765,United Kingdom,Services,5
2027-05-01,35316,6959,Spain,Hardware,39
2027-05-01,7361,1527,France,Services,9
2027-05-01,3475,1294,United States,Software,6
2027-05-01,7641,1645,United Kingdom,Training,11
2027-05-01,1216,343,France,Training,4
2027-05-01,8927,783,Germany,Hardware,16
2027-05-01,11255,3664,Japan,Software,18
2027-05-01,1202,392,United Kingdom,Training,1
2027-05-01,6083,2392,United States,Software,6
2027-05-01,2585,823,France,Training,8
2027-05-01,7762,3546,United States,Services,4
2027-05-01,5572,1453,United States,Services,9
2027-05-01,1711,570,Japan,Software,6
2027-05-01,3012,806,United Kingdom,Training,4
2027-05-01,9379,3897,United Kingdom,Software,11
2027-05-01,22023,4578,United States,Hardware,23
2027-05-01,18487,1909,France,Hardware,21
2027-05-01,3850,1374,United States,Services,3
2027-05-01,5282,908,Spain,Training,5
2027-05-01,4857,1348,Germany,Training,3
2027-05-01,9338,729,United States,Hardware,12
2027-05-01,14983,789,Spain,Hardware,20
2027-05-01,12260,3611,United States,Services,16
2027-05-01,5414,1833,Spain,Software,6
2027-05-01,1590,562,United States,Services,1
2027-05-01,3682,859,Germany,Services,3
2027-05-01,1776,531,Japan,Training,3
2027-05-01,7021,2522,Japan,Services,11
2027-05-01,1844,733,Germany,Services,1
2027-05-01,1084,350,United States,Training,1
2027-05-01,13458,5169,United Kingdom,Software,18
2027-05-01,2899,515,Japan,Training,6
2027-05-01,4222,1577,France,Software,1
2027-05-01,4249,1426,Germany,Training,7
2027-05-01,19518,3961,Spain,Hardware,24
2027-05-01,3393,1506,Germany,Software,2
2027-05-01,5778,1833,United States,Training,4
2027-05-01,4804,1393,France,Services,3
2027-05-01,15202,6464,Spain,Software,20
2027-05-01,2012,665,France,Services,4
2027-05-01,9098,2484,United States,Training,2
2027-05-01,4033,939,United States,Software,2
2027-05-01,3146,1047,Japan,Training,3
2027-05-01,2765,1014,Germany,Training,7
2027-05-01,2422,814,United Kingdom,Training,1
2027-05-01,6909,1445,Japan,Hardware,5
2027-05-01,2109,667,France,Training,2
2027-05-01,3718,794,Germany,Hardware,7
2027-05-01,7448,2744,Japan,Software,9
2027-05-01,6414,2589,France,Software,9
2027-05-01,2542,487,Japan,Hardware,2
2027-05-01,6288,1680,United States,Software,7
2027-05-01,4604,1761,United States,Software,12
2027-05-01,5945,1596,Japan,Hardware,6
2027-05-01,1825,319,Japan,Training,2
2027-05-01,18909,3306,Germany,Hardware,23
2027-05-01,5607,1582,United States,Hardware,1
2027-05-01,2839,616,United Kingdom,Training,2
2027-05-01,9520,4230,Japan,Software,10
2027-05-01,6708,3112,Germany,Software,6
2027-05-01,5794,2940,United States,Software,10
2027-05-01,9664,1229,Japan,Hardware,8
2027-05-01,2984,1050,Germany,Software,2
2027-05-01,2663,674,Germany,Services,3
2027-05-01,2170,755,France,Training,1
2027-05-01,3131,1007,Spain,Services,1
2027-05-01,8815,3800,Germany,Software,10
2027-05-01,4705,1127,France,Services,4
2027-05-01,16403,5120,United States,Software,18
2027-05-01,13847,4260,Japan,Hardware,10
2027-05-01,10785,923,Japan,Hardware,11
2027-05-01,7263,1575,United States,Software,7
2027-05-01,18911,6495,United States,Hardware,22
2027-05-01,1885,567,Japan,Training,1
2027-05-01,3640,769,France,Training,3
2027-05-01,3585,1342,Japan,Software,5
2027-05-01,12989,4305,United States,Software,15
2027-05-01,7433,2268,Spain,Hardware,11
2027-05-01,13176,2869,Germany,Hardware,17
2027-05-01,8978,884,Germany,Hardware,14
2027-05-01,7059,2026,Germany,Software,8
2027-05-01,4450,1652,Germany,Services,3
2027-05-01,8752,1821,United States,Hardware,8
2027-05-01,12535,2518,United Kingdom,Services,13
2027-05-01,4086,1136,United States,Training,3
2027-05-01,14042,2097,United States,Hardware,10
2027-05-01,7017,2252,Spain,Hardware,5
2027-05-01,1579,430,United States,Services,1
2027-05-01,2557,667,France,Training,4
2027-05-01,1335,278,United States,Training,5
2027-05-01,3806,1229,Spain,Services,4
2027-05-01,4686,1958,United States,Software,7
2027-05-01,6056,1119,Spain,Training,9
2027-05-01,8073,2234,Spain,Services,
2027-05-01,41033,13621,Japan,Services,50
2027-05-01,13746,5278,United States,Software,16
2027-05-01,1791,244,United States,Training,5
2027-05-01,5300,988,Japan,Hardware,11
2027-05-01,4718,1796,Germany,Software,6
2027-05-01,4810,1110,Germany,Training,5
2027-05-01,3474,556,United States,Services,1
2027-05-01,6140,1488,Spain,Hardware,6
2027-05-01,16500,4925,France,Hardware,19
2027-05-01,4289,1692,Spain,Software,3
2027-05-01,16386,5829,Germany,Software,13
2027-05-01,8034,2797,Germany,Software,9
2027-05-01,9146,2355,United States,Training,8
2027-05-01,2689,859,United Kingdom,Training,7
2027-05-01,4187,994,United States,Hardware,2
2027-05-01,5741,1158,United Kingdom,Hardware,4
2027-05-01,2771,802,Japan,Services,1
2027-05-01,4087,1276,United States,Services,5
2027-05-01,3495,1140,France,Software,2
2027-05-01,11301,3587,Germany,Services,7
2027-05-01,5515,1859,Germany,Software,6
2027-05-01,4106,1296,United States,Hardware,6
2027-05-01,4162,1300,United States,Services,7
2027-05-01,2158,657,United States,Services,2
2027-05-01,1666,626,France,Training,3
2027-05-01,3458,1308,United Kingdom,Software,6
2027-05-01,1613,414,United Kingdom,Services,4
2027-05-01,2131,657,Spain,Training,4
2027-05-01,12204,3969,Japan,Hardware,10
2027-05-01,9009,2084,United States,Hardware,17
2027-05-01,14367,3653,France,Hardware,12
2027-05-01,10956,4729,France,Services,11
2027-05-01,20042,5243,United States,Software,18
2027-05-01,5845,1663,France,Hardware,9
2027-05-01,17801,5500,United Kingdom,Hardware,17
2027-05-01,4450,1574,United Kingdom,Services,8
2027-05-01,4171,1151,Spain,Training,10
2027-05-01,4625,1119,Japan,Training,8
2027-05-01,18091,2891,Germany,Hardware,21
2027-05-01,3710,594,United States,Training,5
2027-05-01,21854,5520,Spain,Software,27
2027-05-01,985,224,Germany,Training,4
2027-05-01,3874,831,Japan,Training,5
2027-05-01,6314,2278,France,Software,7
2027-05-01,3124,1351,United States,Software,1
2027-05-01,5316,1607,France,Services,3
2027-05-01,3023,1125,United States,Services,1
2027-05-01,4489,1489,United Kingdom,Services,7
2027-05-01,12659,2252,United States,Hardware,18
2027-05-01,11814,2932,France,Hardware,11
2027-05-01,6155,1154,Spain,Hardware,5
2027-05-01,2146,632,Germany,Training,1
2027-05-01,3253,1230,France,Services,4
2027-05-01,1344,475,Japan,Training,2
2027-05-01,17086,4170,France,Hardware,20
2027-05-01,4122,903,France,Hardware,2
2027-05-01,6367,1802,United States,Services,13
2027-05-01,3012,1246,United States,Services,1
2027-05-01,2002,423,Japan,Services,1
2027-05-01,5265,1644,Japan,Services,5
2027-05-01,5777,2342,United States,Training,8
2027-05-01,3828,1089,France,Training,3
2027-05-01,4250,824,France,Services,1
2027-05-01,1940,333,United States,Training,
2027-05-01,6404,1080,Spain,Hardware,8
2027-05-01,3061,459,United Kingdom,Hardware,1
2027-05-01,2958,956,France,Training,4
2027-05-01,10921,3711,Germany,Software,17
2027-05-01,1126,343,United Kingdom,Training,8
2027-05-01,7530,1909,Germany,Services,11
2027-05-01,5355,1422,Spain,Services,4
2027-05-01,14954,5049,Japan,Hardware,16
2027-05-01,3279,906,France,Services,4
2027-05-01,7270,2116,United States,Services,5
2027-05-01,2419,718,Japan,Training,1
2027-05-01,18103,2963,Germany,Hardware,19
2027-05-01,7748,1780,United States,Services,
2027-05-01,10279,3213,United States,Hardware,10
2027-05-01,14553,6049,United Kingdom,Software,22
2027-05-01,12446,3551,France,Hardware,14
2027-05-01,8636,3116,United States,Services,9
2027-05-01,1077,131,Spain,Training,4
2027-05-01,3071,1288,Japan,Software,4
2027-05-01,8073,1852,United States,Hardware,7
2027-05-01,21752,3018,Germany,Hardware,22
2027-05-01,15223,5263,Japan,Software,22
2027-05-01,10938,3180,Spain,Hardware,19
2027-05-01,16514,3695,United States,Hardware,19
2027-05-01,3924,1875,United States,Software,1
2027-05-01,3464,878,United States,Training,11
2027-05-01,2601,686,Japan,Services,5
2027-05-01,1799,433,United States,Training,1
2027-05-01,7615,2317,Germany,Training,8
2027-05-01,11824,3371,France,Hardware,13
2027-05-01,2030,488,Japan,Training,5
2027-05-01,1959,635,United States,Training,2
2027-05-01,4328,1021,France,Training,1
2027-05-01,3487,935,Spain,Hardware,1
2027-05-01,20496,9379,Germany,Software,23
2027-05-01,11609,5171,Spain,Software,13
2027-05-01,2545,501,France,Training,1
2027-05-01,12491,3461,Spain,Hardware,13
2027-05-01,13544,6839,United States,Software,22
2027-05-01,2436,516,United States,Training,4
2027-05-01,3990,1071,United Kingdom,Services,9
2027-05-01,9249,3224,Spain,Software,13
2027-05-01,1792,611,United Kingdom,Training,2
2027-05-01,6885,2148,Spain,Services,7
2027-05-01,12494,3175,United Kingdom,Hardware,14
2027-05-01,4012,1210,France,Software,4
2027-05-01,7566,1919,United States,Hardware,8
2027-05-01,1813,276,United Kingdom,Training,1
2027-05-01,2804,485,Japan,Training,2
2027-05-01,2558,746,Spain,Training,4
2027-05-01,3260,1122,United States,Services,5
2027-05-01,7243,3026,United States,Services,4
2027-05-01,7473,1930,Japan,Services,7
2027-05-01,5941,2593,Spain,Software,1
2027-05-01,5916,1891,Germany,Services,7
2027-05-01,14776,4743,United States,Services,15
2027-05-01,9444,1365,Germany,Hardware,8
2027-05-01,8216,1802,Japan,Training,6
2027-05-01,2182,529,Japan,Training,1
2027-05-01,2698,926,United Kingdom,Software,3
2027-05-01,5263,1327,Spain,Services,2
2027-05-01,6140,1346,Japan,Hardware,3
2027-05-01,5730,2025,United Kingdom,Services,5
2027-05-01,3704,826,United States,Training,5
2027-05-01,3349,1377,Germany,Software,10
2027-05-01,1712,664,Japan,Software,2
2027-05-01,5555,2609,Germany,Software,7
2027-05-01,3999,76,France,Hardware,2
2027-05-01,10412,4723,United States,Software,16
2027-05-01,3790,1492,Japan,Services,2
2027-05-01,7078,2007,Germany,Hardware,
2027-05-01,4147,1871,France,Software,5
2027-05-01,3027,842,United States,Services,4
2027-05-01,3207,769,Spain,Training,3
2027-05-01,5612,2390,United States,Software,2
2027-05-01,15843,3325,Germany,Hardware,19
2027-05-01,3844,653,Germany,Hardware,4
2027-05-01,7568,2445,Spain,Services,11
2027-05-01,2756,489,France,Services,4
2027-05-01,14284,3547,United States,Hardware,17
2027-05-01,3864,1281,France,Software,2
2027-05-01,5040,1126,Spain,Hardware,9
2027-05-01,2570,896,Spain,Software,3
2027-05-01,8777,3081,Spain,Software,
2027-05-01,4097,666,United States,Training,8
2027-05-01,7846,4641,United States,Software,8
2027-05-01,13917,5516,France,Services,12
2027-05-01,8905,1286,Germany,Services,7
2027-05-01,1348,349,United Kingdom,Training,1
2027-05-01,1375,267,France,Training,5
2027-05-01,17066,2831,United States,Hardware,29
2027-05-01,4356,1267,United States,Training,10
2027-05-01,2290,610,Japan,Services,1
2027-05-01,5043,2215,United States,Software,6
2027-05-01,28068,9640,United States,Hardware,32
2027-05-01,7290,2465,United Kingdom,Software,11
2027-05-01,10652,4292,United States,Software,12
2027-05-01,2491,1127,France,Services,6
2027-05-01,4376,1048,France,Training,6
2027-05-01,5826,2534,United States,Software,10
2027-05-01,1111,303,Germany,Training,1
2027-05-01,3009,593,Germany,Training,5
2027-05-01,4437,729,United States,Hardware,5
2027-05-01,8755,3996,Germany,Software,12
2027-05-01,4446,1450,Japan,Services,8
2027-05-01,6323,1550,Japan,Training,9
2027-05-01,1615,358,Japan,Training,1
2027-05-01,8208,1886,United States,Hardware,10
2027-05-01,9538,3637,United States,Software,11
2027-05-01,2004,772,Spain,Training,3
2027-06-01,1869,615,Germany,Software,2
2027-06-01,3950,940,Germany,Services,10
2027-06-01,3213,646,France,Training,6
2027-06-01,4813,1063,Japan,Training,7
2027-06-01,4490,1961,Japan,Software,9
2027-06-01,4455,1225,United States,Training,4
2027-06-01,7149,1525,Spain,Hardware,8
2027-06-01,6344,2330,United States,Services,16
2027-06-01,7025,1654,United Kingdom,Hardware,15
2027-06-01,5083,2357,United Kingdom,Software,7
2027-06-01,5491,2247,United Kingdom,Software,7
2027-06-01,9439,2237,France,Hardware,10
2027-06-01,7255,1548,Japan,Hardware,9
2027-06-01,9625,3055,United States,Training,
2027-06-01,4016,1409,United Kingdom,Software,7
2027-06-01,4824,1093,Germany,Services,13
2027-06-01,4184,849,Japan,Software,1
2027-06-01,8625,1809,France,Hardware,11
2027-06-01,2454,834,United States,Software,1
2027-06-01,10279,4690,United States,Software,11
2027-06-01,7025,2500,Spain,Software,11
2027-06-01,19104,5897,United States,Hardware,18
2027-06-01,3718,1201,United States,Training,2
2027-06-01,3511,1069,United States,Training,4
2027-06-01,1782,423,Japan,Services,3
2027-06-01,9389,3330,France,Software,6
2027-06-01,6519,2354,Japan,Software,6
2027-06-01,4338,947,Germany,Training,1
2027-06-01,14528,5762,Spain,Software,
2027-06-01,1677,529,United Kingdom,Training,1
2027-06-01,1661,538,United States,Services,2
2027-06-01,1060,329,Spain,Training,3
2027-06-01,4304,1668,Spain,Software,4
2027-06-01,7476,2666,France,Services,8
2027-06-01,5130,1552,Spain,Services,1
2027-06-01,1729,361,Spain,Training,1
2027-06-01,5645,1877,United States,Services,6
2027-06-01,19339,6891,United Kingdom,Services,24
2027-06-01,7221,1621,France,Training,10
2027-06-01,12816,5123,Japan,Software,16
2027-06-01,1795,421,France,Training,4
2027-06-01,10682,3125,Spain,Services,8
2027-06-01,15697,3734,United Kingdom,Hardware,15
2027-06-01,16091,3379,Germany,Hardware,23
2027-06-01,2164,618,United States,Services,1
2027-06-01,11151,4042,France,Services,9
2027-06-01,3461,1015,Japan,Services,12
2027-06-01,6339,1235,France,Services,2
2027-06-01,4850,1034,Japan,Hardware,1
2027-06-01,10711,3083,Germany,Services,9
2027-06-01,2209,776,Germany,Training,4
2027-06-01,13182,5600,United States,Software,13
2027-06-01,10057,3429,Spain,Training,12
2027-06-01,5711,1836,Japan,Software,8
2027-06-01,7968,1522,Japan,Services,9
2027-06-01,14573,2304,France,Hardware,13
2027-06-01,4136,1088,United Kingdom,Training,6
2027-06-01,11708,2882,United States,Hardware,10
2027-06-01,2380,844,France,Training,1
2027-06-01,3415,830,United States,Training,3
2027-06-01,2268,620,Japan,Training,1
2027-06-01,6767,2739,Spain,Services,9
2027-06-01,6869,1968,Spain,Services,5
2027-06-01,3132,995,France,Services,1
2027-06-01,8019,2074,United Kingdom,Services,10
2027-06-01,5197,1571,United States,Services,7
2027-06-01,13814,3753,Germany,Software,19
2027-06-01,8258,3023,United States,Software,11
2027-06-01,7198,1692,United States,Hardware,11
2027-06-01,3664,1012,Germany,Hardware,2
2027-06-01,1331,393,United States,Training,3
2027-06-01,13517,3233,United States,Hardware,13
2027-06-01,2865,552,United Kingdom,Services,
2027-06-01,10368,3700,Spain,Software,12
2027-06-01,6910,874,Spain,Hardware,7
2027-06-01,7223,3181,United States,Software,13
2027-06-01,1809,861,Germany,Software,3
2027-06-01,12761,4848,United States,Hardware,18
2027-06-01,7846,3136,United Kingdom,Services,13
2027-06-01,16768,2507,Germany,Hardware,18
2027-06-01,4774,1051,United States,Training,2
2027-06-01,1765,718,Spain,Training,5
2027-06-01,13061,2182,Japan,Hardware,13
2027-06-01,10346,3827,Japan,Software,13
2027-06-01,5732,1982,United States,Software,2
2027-06-01,9133,3338,Japan,Software,16
2027-06-01,10412,4529,United Kingdom,Software,6
2027-06-01,6289,1847,United Kingdom,Software,9
2027-06-01,10060,3400,France,Software,12
2027-06-01,7859,2068,Germany,Hardware,11
2027-06-01,1925,419,France,Training,4
2027-06-01,3724,943,United States,Training,7
2027-06-01,5415,2058,Germany,Services,2
2027-06-01,10573,3074,United States,Hardware,11
2027-06-01,8614,1973,Spain,Hardware,9
2027-06-01,4569,1381,United States,Training,6
2027-06-01,8292,3018,Japan,Software,8
2027-06-01,7149,2532,Germany,Software,11
2027-06-01,9786,3997,Japan,Services,13
2027-06-01,3574,950,Germany,Software,10
2027-06-01,5683,1946,Japan,Services,8
2027-06-01,9624,1530,France,Hardware,11
2027-06-01,5041,2328,Germany,Software,3
2027-06-01,4269,1137,Spain,Services,4
2027-06-01,8639,3124,United States,Software,7
2027-06-01,9948,3013,United States,Software,10
2027-06-01,1917,446,Spain,Services,9
2027-06-01,5635,983,United Kingdom,Services,2
2027-06-01,5122,2166,France,Hardware,3
2027-06-01,7262,2428,Germany,Services,8
2027-06-01,13711,3816,United States,Services,18
2027-06-01,16175,3023,Germany,Hardware,14
2027-06-01,13168,5137,Spain,Software,11
2027-06-01,1895,551,United States,Training,1
2027-06-01,12620,2708,United States,Hardware,16
2027-06-01,7254,2185,United States,Software,5
2027-06-01,4630,1488,United States,Software,3
2027-06-01,4827,1258,Germany,Training,4
2027-06-01,5552,2256,Germany,Services,5
2027-06-01,1426,403,Germany,Training,4
2027-06-01,22910,3808,United States,Hardware,28
2027-06-01,2492,785,United States,Training,1
2027-06-01,5109,1061,Spain,Hardware,4
2027-06-01,1935,501,Germany,Training,3
2027-06-01,1672,394,United States,Training,1
2027-06-01,2092,525,Japan,Services,4
2027-06-01,13185,3538,United States,Hardware,15
2027-06-01,2736,615,Spain,Services,1
2027-06-01,2890,880,Germany,Training,4
2027-06-01,1776,713,France,Training,2
2027-06-01,11733,3486,Spain,Software,13
2027-06-01,3659,1357,United States,Training,3
2027-06-01,3742,1408,France,Software,1
2027-06-01,4237,1403,United States,Training,9
2027-06-01,7316,2709,United States,Services,14
2027-06-01,5252,1139,United States,Services,7
2027-06-01,6169,2352,France,Software,11
2027-06-01,1312,354,Japan,Training,1
2027-06-01,2081,354,United States,Training,4
2027-06-01,8051,3547,United States,Software,12
2027-06-01,28018,10603,Spain,Software,33
2027-06-01,15046,3061,France,Hardware,12
2027-06-01,14438,4547,Germany,Hardware,13
2027-06-01,6602,1896,United States,Hardware,10
2027-06-01,4498,1428,France,Services,5
2027-06-01,10621,2881,Germany,Services,19
2027-06-01,3221,859,Spain,Training,6
2027-06-01,4685,1504,United Kingdom,Training,5
2027-06-01,28737,6945,France,Services,39
2027-06-01,3113,1083,United Kingdom,Software,3
2027-06-01,2014,464,Japan,Training,1
2027-06-01,1043,213,Japan,Training,1
2027-06-01,6275,2714,Germany,Software,7
2027-06-01,25391,5981,United States,Hardware,29
2027-06-01,2865,1553,Germany,Software,1
2027-06-01,5175,1433,Japan,Services,8
2027-06-01,4389,1351,Spain,Services,1
2027-06-01,15478,4687,United Kingdom,Hardware,15
2027-06-01,7334,1935,United Kingdom,Services,10
2027-06-01,15644,3351,Germany,Hardware,14
2027-06-01,16137,3524,France,Hardware,20
2027-06-01,13672,4269,Japan,Software,11
2027-06-01,2652,741,United States,Training,1
2027-06-01,5077,1064,United States,Training,4
2027-06-01,8223,3947,Spain,Software,12
2027-06-01,3727,1475,United Kingdom,Training,3
2027-06-01,17719,1791,Germany,Hardware,19
2027-06-01,3947,1367,Japan,Services,5
2027-06-01,9793,1856,Japan,Hardware,11
2027-06-01,4526,662,Japan,Services,9
2027-06-01,13888,3505,United States,Hardware,18
2027-06-01,2795,124,United States,Training,5
2027-06-01,7033,1505,Spain,Services,11
2027-06-01,3092,1026,United Kingdom,Hardware,2
2027-06-01,3884,1027,Spain,Services,5
2027-06-01,1338,398,France,Training,3
2027-06-01,6344,2209,Spain,Services,10
2027-06-01,15222,4613,Japan,Software,19
2027-06-01,2457,465,Japan,Training,3
2027-06-01,5378,1811,France,Software,1
2027-06-01,2900,819,France,Training,3
2027-06-01,17603,6164,Japan,Services,17
2027-06-01,3168,683,Germany,Services,1
2027-06-01,5455,2424,United Kingdom,Software,8
2027-06-01,6830,2134,Spain,Hardware,4
2027-06-01,9710,4222,France,Software,11
2027-06-01,10601,2348,France,Hardware,14
2027-06-01,3894,1045,Spain,Training,4
2027-06-01,11726,3647,United States,Hardware,10
2027-06-01,9466,2391,United Kingdom,Hardware,10
2027-06-01,5611,1900,Japan,Services,7
2027-06-01,13875,4506,Spain,Software,12
2027-06-01,4250,1976,Germany,Services,1
2027-06-01,10144,2987,Germany,Services,13
2027-06-01,4905,2293,United States,Services,3
2027-06-01,2529,873,Germany,Services,1
2027-06-01,5530,1820,Spain,Services,7
2027-06-01,16972,5241,Spain,Hardware,18
2027-06-01,5619,2660,Spain,Services,5
2027-06-01,2022,447,Spain,Training,1
2027-06-01,1980,446,Japan,Training,3
2027-06-01,2836,735,United States,Training,5
2027-06-01,2520,1034,United States,Training,5
2027-06-01,5967,1597,Japan,Services,8
2027-06-01,5444,1231,United Kingdom,Hardware,6
2027-06-01,6784,3682,Germany,Software,1
2027-06-01,3591,985,Japan,Training,3
2027-06-01,4956,1226,United States,Training,4
2027-06-01,12852,2937,United States,Hardware,15
2027-06-01,2148,501,Japan,Training,6
2027-06-01,4695,702,France,Training,2
2027-06-01,3629,978,Spain,Services,2
2027-06-01,6971,2054,Germany,Software,12
2027-06-01,5678,1087,France,Hardware,6
2027-06-01,2984,1281,Spain,Services,2
2027-06-01,6342,1780,Japan,Software,1
2027-06-01,3953,1334,France,Software,6
2027-06-01,5500,2373,United States,Software,7
2027-06-01,6077,1680,Japan,Services,4
2027-06-01,12304,3358,Japan,Hardware,11
2027-06-01,2459,440,United States,Services,2
2027-06-01,6245,2406,Spain,Services,9
2027-06-01,5289,709,Germany,Hardware,10
2027-06-01,8636,2724,Japan,Software,12
2027-06-01,5845,863,Japan,Training,4
2027-06-01,7261,2727,Spain,Services,12
2027-06-01,4945,1410,Germany,Services,4
2027-06-01,8439,2376,Germany,Services,5
2027-06-01,4220,1011,Spain,Training,5
2027-06-01,2406,950,Spain,Services,1
2027-06-01,2479,344,United States,Training,1
2027-06-01,23939,3785,Japan,Hardware,26
2027-06-01,17018,3944,Germany,Hardware,20
2027-06-01,1895,647,United States,Software,
2027-06-01,4347,1670,United States,Software,1
2027-06-01,10604,1578,France,Hardware,13
2027-06-01,34098,7158,Germany,Hardware,45
2027-06-01,11654,1123,United States,Hardware,14
2027-06-01,4298,1370,United States,Training,2
2027-06-01,5371,2107,Germany,Software,8
2027-06-01,7301,2314,France,Software,9
2027-06-01,6478,1734,France,Services,3
2027-06-01,1842,579,Spain,Training,5
2027-06-01,15820,6514,Spain,Software,17
2027-06-01,6271,496,Spain,Hardware,9
2027-06-01,4874,1126,Germany,Software,8
2027-06-01,12769,3294,Germany,Services,16
2027-06-01,6508,1685,Germany,Services,9
2027-06-01,11698,1722,France,Hardware,13
2027-06-01,1902,712,Germany,Training,6
2027-06-01,8210,2366,France,Software,8
2027-06-01,13133,6024,Spain,Software,10
2027-06-01,2794,588,United States,Training,2
2027-06-01,2887,745,United States,Services,2
2027-06-01,1989,427,Spain,Services,1
2027-06-01,3237,776,France,Training,6
2027-06-01,3360,840,Japan,Services,6
2027-06-01,7627,2120,United States,Training,12
2027-06-01,2445,763,Germany,Training,4
2027-06-01,8576,2597,France,Hardware,9
2027-06-01,1498,219,Spain,Training,1
2027-06-01,5770,1849,Spain,Services,5
2027-06-01,6398,1801,Japan,Services,1
2027-06-01,10330,3091,United States,Training,17
2027-06-01,12190,6352,Germany,Software,11
2027-06-01,8326,2399,United Kingdom,Services,5
2027-06-01,31330,7005,France,Hardware,42
2027-06-01,8133,2486,France,Hardware,7
2027-06-01,5867,1214,United States,Training,3
2027-06-01,2580,1022,Spain,Services,4
2027-06-01,11596,4632,Japan,Software,10
2027-06-01,6179,2378,Spain,Services,2
2027-06-01,8665,2066,United Kingdom,Training,10
2027-06-01,5935,1806,France,Services,8
2027-06-01,6710,2105,Japan,Software,8
2027-06-01,6374,1343,United Kingdom,Hardware,7
2027-06-01,2360,568,Japan,Training,6
2027-06-01,13673,1790,Spain,Hardware,13
2027-06-01,3796,925,France,Training,4
2027-06-01,23183,2120,United States,Hardware,28
2027-06-01,7123,1780,Japan,Services,10
2027-06-01,8994,3357,Japan,Software,9
2027-06-01,3748,1157,Germany,Hardware,4
2027-06-01,9126,1067,United States,Hardware,9
2027-06-01,5991,1638,United States,Services,8
2027-06-01,15074,4674,Spain,Training,15
2027-06-01,3253,1286,France,Services,3
2027-06-01,5709,2242,Germany,Software,4
2027-06-01,4049,1502,United Kingdom,Software,4
2027-06-01,5861,1958,France,Training,9
2027-06-01,3161,864,United States,Hardware,5
2027-06-01,6180,804,United States,Services,12
2027-06-01,8933,2311,Japan,Hardware,11
2027-06-01,4945,1794,France,Services,4
2027-06-01,6705,1314,Spain,Hardware,4
2027-06-01,8533,1976,United States,Services,13
2027-06-01,6340,1713,United States,Services,11
2027-06-01,7299,2058,Spain,Software,10
2027-06-01,5592,2270,Spain,Software,8
2027-06-01,31083,6477,United States,Hardware,35
2027-06-01,5695,1418,Spain,Software,5
2027-06-01,6685,1652,Germany,Hardware,5
2027-06-01,6398,1443,United Kingdom,Services,7
2027-06-01,11441,3463,Spain,Hardware,20
2027-06-01,4994,334,Japan,Hardware,3
2027-06-01,15499,4486,Germany,Hardware,18
2027-06-01,8496,3195,United States,Software,12
2027-06-01,2021,557,Spain,Training,9
2027-06-01,5839,1365,United States,Training,7
2027-06-01,2223,632,Germany,Services,4
2027-06-01,3237,904,United Kingdom,Training,3
2027-06-01,1500,351,France,Training,2
2027-06-01,3466,1111,Spain,Services,5
2027-06-01,858,379,Japan,Training,4
2027-06-01,4132,1318,United States,Services,4
2027-06-01,4316,682,United Kingdom,Training,5
2027-06-01,6525,2868,Japan,Software,13
2027-06-01,4769,978,Japan,Training,2
2027-06-01,3035,1025,Japan,Training,5
2027-06-01,5499,1978,Germany,Hardware,4
2027-06-01,9581,1612,Japan,Hardware,12
2027-06-01,13829,1511,Germany,Hardware,19
2027-06-01,7911,2344,United Kingdom,Hardware,15
2027-06-01,9794,3223,United States,Software,9
2027-06-01,6079,1879,United States,Services,2
2027-06-01,3396,1110,United States,Services,5
2027-06-01,9144,2210,United Kingdom,Hardware,12
2027-06-01,3733,1011,Japan,Training,2
2027-06-01,17552,6864,Japan,Software,23
2027-06-01,5988,1478,United States,Hardware,7
2027-06-01,16524,4694,France,Hardware,19
2027-06-01,10987,2100,Spain,Hardware,14
2027-06-01,37807,10278,United States,Hardware,42
2027-06-01,2273,684,United States,Software,2
2027-06-01,5422,1781,United States,Software,8
2027-06-01,5157,423,France,Hardware,5
2027-06-01,9028,2483,Spain,Services,15
2027-06-01,5951,1367,Spain,Services,9
2027-06-01,5100,1449,United States,Training,1
2027-06-01,3578,687,Spain,Services,3
2027-06-01,4002,1091,France,Training,1
2027-06-01,6417,2484,United States,Software,8
2027-06-01,6848,2071,United States,Services,10
2027-06-01,8988,1739,United States,Training,8
2027-06-01,2384,570,Spain,Training,1
2027-06-01,2716,457,United States,Training,1
2027-06-01,5632,2057,United States,Software,5
2027-06-01,4290,2098,Germany,Training,3
2027-06-01,10175,4823,United States,Software,11
2027-06-01,15443,5544,United States,Software,20
2027-06-01,6281,3236,United Kingdom,Software,6
2027-06-01,40379,7798,United States,Hardware,47
2027-06-01,10641,4073,France,Software,13
2027-06-01,2468,470,United Kingdom,Training,1
2027-06-01,2630,767,France,Training,5
2027-06-01,7034,1311,Spain,Hardware,13
2027-06-01,2254,1008,Spain,Software,3
2027-06-01,3448,987,France,Services,7
2027-06-01,7885,3461,United States,Software,6
2027-06-01,2927,770,United States,Training,2
2027-06-01,5501,2096,Spain,Services,4
2027-06-01,2358,1281,France,Services,2
2027-06-01,10981,2885,United Kingdom,Software,12
2027-06-01,12740,3891,United Kingdom,Software,9
2027-06-01,6640,2602,Germany,Software,7
2027-06-01,3738,1616,United States,Software,1
2027-06-01,8977,2208,France,Hardware,9
2027-06-01,18520,3091,United Kingdom,Hardware,24
2027-06-01,5338,1112,United States,Training,8
2027-06-01,12623,1843,France,Hardware,14
2027-06-01,8183,3075,United States,Software,7
2027-06-01,3404,935,Spain,Hardware,10
2027-06-01,4473,2112,Japan,Software,5
2027-06-01,3732,956,Spain,Services,3
2027-06-01,2969,1292,Spain,Software,6
2027-06-01,8710,1503,Germany,Hardware,5
2027-06-01,4457,636,Spain,Hardware,4
2027-06-01,10390,2852,United States,Software,10
2027-06-01,2129,610,United Kingdom,Training,4
2027-06-01,9250,3226,United States,Services,13
2027-06-01,3105,1155,France,Hardware,7
2027-06-01,17914,3864,United States,Hardware,19
2027-06-01,14216,5262,Spain,Software,16
2027-06-01,6554,1567,France,Hardware,10
2027-06-01,3767,914,Germany,Hardware,7
2027-06-01,10349,4273,United Kingdom,Software,12
2027-06-01,6008,2099,France,Software,7
2027-06-01,6367,2423,United States,Software,8
2027-06-01,5007,1918,France,Training,4
2027-06-01,1105,399,United Kingdom,Training,1
2027-06-01,4620,1267,France,Services,5
2027-06-01,2212,606,Germany,Services,4
2027-06-01,5676,1840,Germany,Training,8
2027-06-01,2437,1001,United States,Services,1
2027-06-01,2749,684,France,Services,5
2027-06-01,3494,905,Japan,Services,1
2027-06-01,1628,446,France,Services,1
2027-06-01,4312,1174,France,Services,5
2027-06-01,8986,3801,Japan,Software,7
2027-06-01,8350,3179,United Kingdom,Services,9
2027-07-01,1241,305,United States,Services,1
2027-07-01,13710,5921,Japan,Software,14
2027-07-01,4550,1430,Germany,Software,7
2027-07-01,1748,213,Germany,Training,1
2027-07-01,2787,933,France,Training,2
2027-07-01,10072,2389,United States,Hardware,6
2027-07-01,1657,320,Spain,Training,4
2027-07-01,13199,4563,United States,Software,12
2027-07-01,9837,1613,Japan,Hardware,11
2027-07-01,1062,357,Germany,Training,4
2027-07-01,7107,2996,United States,Software,6
2027-07-01,4001,983,Germany,Training,4
2027-07-01,3215,803,Germany,Hardware,5
2027-07-01,5313,1786,United States,Software,5
2027-07-01,2415,722,United States,Services,3
2027-07-01,2519,539,Japan,Services,3
2027-07-01,1162,406,France,Training,2
2027-07-01,12294,3072,United Kingdom,Training,8
2027-07-01,2423,660,Japan,Training,10
2027-07-01,1752,506,Germany,Training,4
2027-07-01,10370,2145,Japan,Hardware,11
2027-07-01,6993,1492,United States,Hardware,10
2027-07-01,2637,556,France,Training,6
2027-07-01,4132,468,France,Hardware,4
2027-07-01,2067,938,Japan,Software,1
2027-07-01,7985,2280,Japan,Software,9
2027-07-01,14086,6281,Germany,Software,10
2027-07-01,7476,2385,France,Software,7
2027-07-01,2775,865,United States,Training,3
2027-07-01,1619,585,Japan,Training,5
2027-07-01,1738,443,United Kingdom,Services,6
2027-07-01,11471,2733,Japan,Services,13
2027-07-01,3617,1354,Germany,Software,7
2027-07-01,5619,2688,France,Software,5
2027-07-01,3440,1011,Spain,Software,8
2027-07-01,3239,798,Germany,Training,6
2027-07-01,31572,13425,Germany,Services,34
2027-07-01,9094,2127,Japan,Services,12
2027-07-01,13465,2980,Germany,Hardware,14
2027-07-01,3076,1087,Japan,Software,1
2027-07-01,4100,1354,Spain,Training,7
2027-07-01,7027,2159,Japan,Services,12
2027-07-01,3775,1110,France,Services,1
2027-07-01,7949,2362,Germany,Services,7
2027-07-01,3304,1114,United Kingdom,Training,2
2027-07-01,6292,1653,United States,Hardware,7
2027-07-01,8581,4115,Japan,Software,6
2027-07-01,2888,546,United States,Hardware,2
2027-07-01,3924,1092,Spain,Training,1
2027-07-01,2782,904,Japan,Services,5
2027-07-01,2611,777,Spain,Services,1
2027-07-01,5849,2358,Japan,Services,6
2027-07-01,6888,1451,United Kingdom,Training,1
2027-07-01,11442,2767,United States,Services,12
2027-07-01,6148,39,United Kingdom,Hardware,8
2027-07-01,1769,308,Germany,Training,3
2027-07-01,9802,3716,United States,Software,10
2027-07-01,10236,2412,Spain,Hardware,9
2027-07-01,19800,5773,Japan,Hardware,21
2027-07-01,9332,2909,United States,Services,13
2027-07-01,5536,1704,United States,Hardware,10
2027-07-01,9168,3314,United States,Software,5
2027-07-01,3775,878,Japan,Software,6
2027-07-01,3606,966,Germany,Training,6
2027-07-01,2902,320,United States,Training,5
2027-07-01,1888,573,United Kingdom,Training,3
2027-07-01,5622,1214,United States,Hardware,3
2027-07-01,5698,1442,Germany,Training,4
2027-07-01,6758,854,Spain,Hardware,9
2027-07-01,8232,2715,United States,Hardware,8
2027-07-01,23955,3931,France,Hardware,31
2027-07-01,2005,433,Germany,Training,11
2027-07-01,13082,4288,Germany,Training,16
2027-07-01,5246,1189,Japan,Training,1
2027-07-01,5139,1976,France,Software,5
2027-07-01,1983,494,Spain,Training,2
2027-07-01,3779,1419,Germany,Software,3
2027-07-01,5868,1609,Japan,Software,7
2027-07-01,5546,1798,Japan,Training,5
2027-07-01,2208,342,Japan,Training,7
2027-07-01,5662,1632,Japan,Training,7
2027-07-01,6614,1276,Japan,Hardware,13
2027-07-01,33688,9525,Japan,Hardware,42
2027-07-01,2528,681,France,Services,5
2027-07-01,7602,2659,Japan,Services,11
2027-07-01,8531,2725,France,Services,16
2027-07-01,12690,3549,United States,Services,
2027-07-01,9780,1173,Japan,Hardware,12
2027-07-01,2512,899,Spain,Services,8
2027-07-01,40282,12119,Spain,Software,42
2027-07-01,7181,1703,United States,Services,12
2027-07-01,8812,2329,United States,Services,7
2027-07-01,12145,1434,Spain,Hardware,14
2027-07-01,30425,5626,Germany,Hardware,35
2027-07-01,4885,1531,United States,Software,4
2027-07-01,51343,16318,Japan,Hardware,60
2027-07-01,6477,2712,Spain,Software,8
2027-07-01,12986,1910,Spain,Hardware,16
2027-07-01,7715,2368,Germany,Software,2
2027-07-01,4683,674,France,Training,5
2027-07-01,12523,3799,Spain,Hardware,12
2027-07-01,6079,456,Spain,Hardware,8
2027-07-01,17190,3350,United Kingdom,Hardware,20
2027-07-01,998,428,France,Training,1
2027-07-01,8593,3125,France,Software,17
2027-07-01,3551,1304,United States,Services,4
2027-07-01,9061,3946,Japan,Software,15
2027-07-01,4696,1441,Spain,Services,9
2027-07-01,3411,1010,Spain,Services,1
2027-07-01,3928,1045,Germany,Training,6
2027-07-01,2648,843,Japan,Training,2
2027-07-01,7867,1881,Japan,Training,8
2027-07-01,7003,1388,Japan,Hardware,6
2027-07-01,24280,6856,United States,Software,32
2027-07-01,12032,4185,France,Software,11
2027-07-01,3089,1066,United Kingdom,Services,1
2027-07-01,6293,1456,Japan,Hardware,1
2027-07-01,7644,1935,France,Services,6
2027-07-01,3435,614,Japan,Services,1
2027-07-01,5164,1659,Japan,Services,4
2027-07-01,19220,2499,United Kingdom,Hardware,17
2027-07-01,9308,1340,Japan,Hardware,6
2027-07-01,2524,944,United States,Services,3
2027-07-01,14847,3637,United States,Hardware,22
2027-07-01,5925,1830,France,Training,2
2027-07-01,5119,1448,France,Hardware,7
2027-07-01,7479,1498,Japan,Hardware,10
2027-07-01,3105,1214,France,Services,1
2027-07-01,5825,2367,Germany,Services,9
2027-07-01,13174,3167,France,Services,16
2027-07-01,3060,1118,United States,Training,8
2027-07-01,6861,2043,Japan,Services,6
2027-07-01,14895,1499,United States,Hardware,21
2027-07-01,6445,1712,France,Software,1
2027-07-01,2518,749,United States,Training,6
2027-07-01,1630,353,United States,Training,2
2027-07-01,2964,663,Spain,Training,5
2027-07-01,2155,604,United States,Training,1
2027-07-01,1825,711,France,Services,4
2027-07-01,3582,789,United States,Services,1
2027-07-01,4284,1741,United States,Services,3
2027-07-01,5137,1519,Spain,Software,5
2027-07-01,12614,3111,Japan,Services,16
2027-07-01,4638,1478,Germany,Training,8
2027-07-01,3256,710,United States,Training,3
2027-07-01,7355,2866,Japan,Software,10
2027-07-01,9132,1731,France,Hardware,8
2027-07-01,10431,1965,Japan,Hardware,9
2027-07-01,11711,1619,United States,Hardware,14
2027-07-01,3419,434,Spain,Hardware,4
2027-07-01,7119,3089,Japan,Software,7
2027-07-01,10570,2207,Spain,Hardware,10
2027-07-01,3831,787,United States,Hardware,3
2027-07-01,10421,3735,United States,Software,15
2027-07-01,7879,1036,United States,Hardware,7
2027-07-01,5530,1462,France,Services,1
2027-07-01,3775,1187,United Kingdom,Services,2
2027-07-01,2420,615,France,Training,9
2027-07-01,9659,3328,France,Hardware,15
2027-07-01,1598,431,Spain,Training,1
2027-07-01,6453,1990,Japan,Services,5
2027-07-01,5276,2248,Germany,Software,5
2027-07-01,1231,411,United States,Training,1
2027-07-01,5589,1153,Germany,Training,8
2027-07-01,7127,1284,United Kingdom,Hardware,16
2027-07-01,6347,2291,France,Software,12
2027-07-01,12397,2685,Spain,Hardware,13
2027-07-01,14952,3753,United Kingdom,Hardware,19
2027-07-01,12519,1685,Spain,Hardware,6
2027-07-01,1228,257,United States,Services,8
2027-07-01,20304,3400,United States,Hardware,15
2027-07-01,6296,1430,France,Hardware,4
2027-07-01,15441,5071,Spain,Services,13
2027-07-01,3356,767,United Kingdom,Training,5
2027-07-01,3894,1781,United States,Software,5
2027-07-01,3951,715,United States,Hardware,1
2027-07-01,5825,1469,Germany,Training,8
2027-07-01,2883,1169,Japan,Services,1
2027-07-01,2186,753,France,Services,3
2027-07-01,7674,2646,France,Software,8
2027-07-01,7644,3076,Spain,Software,9
2027-07-01,13844,2397,Japan,Hardware,11
2027-07-01,3873,886,United States,Training,1
2027-07-01,3930,1083,United States,Hardware,3
2027-07-01,1397,474,United States,Training,1
2027-07-01,3162,1351,United States,Software,6
2027-07-01,2591,927,United States,Training,4
2027-07-01,25852,5446,Germany,Hardware,27
2027-07-01,2908,880,Germany,Services,5
2027-07-01,3501,815,Germany,Training,1
2027-07-01,3684,1345,Spain,Software,7
2027-07-01,9171,2219,Germany,Hardware,9
2027-07-01,13700,4947,Spain,Services,16
2027-07-01,5890,2080,Germany,Software,9
2027-07-01,14543,3727,United States,Services,12
2027-07-01,29424,2941,France,Hardware,35
2027-07-01,6707,2162,United Kingdom,Software,2
2027-07-01,2203,601,United Kingdom,Training,5
2027-07-01,3816,1341,France,Services,1
2027-07-01,13678,4168,Germany,Hardware,14
2027-07-01,4124,1452,France,Training,6
2027-07-01,4424,1143,United States,Training,1
2027-07-01,2310,492,United Kingdom,Training,6
2027-07-01,3348,1128,Spain,Software,6
2027-07-01,7456,1582,Japan,Services,4
2027-07-01,9577,3109,United States,Services,5
2027-07-01,5279,1340,United States,Training,7
2027-07-01,4628,2015,Germany,Software,6
2027-07-01,4987,1901,Germany,Software,7
2027-07-01,6353,1066,United States,Training,6
2027-07-01,3274,776,Spain,Hardware,1
2027-07-01,3899,833,United States,Training,1
2027-07-01,11232,4396,United States,Software,14
2027-07-01,1718,450,United States,Training,3
2027-07-01,8963,3336,United States,Software,12
2027-07-01,20113,7715,United States,Software,21
2027-07-01,15507,4139,Spain,Services,14
2027-07-01,6306,2247,United States,Software,6
2027-07-01,5712,2095,United States,Services,1
2027-07-01,4691,1422,United Kingdom,Software,7
2027-07-01,2960,910,Japan,Services,2
2027-07-01,4796,1116,United States,Services,9
2027-07-01,18725,5997,Germany,Hardware,22
2027-07-01,9025,2427,Japan,Hardware,9
2027-07-01,8212,1554,United States,Hardware,7
2027-07-01,6337,2603,Japan,Services,8
2027-07-01,2868,395,United States,Training,4
2027-07-01,4547,1878,Germany,Services,7
2027-07-01,10764,982,Japan,Hardware,12
2027-07-01,2181,740,Spain,Services,8
2027-07-01,4852,1221,United States,Services,4
2027-07-01,2301,741,Spain,Training,1
2027-07-01,3936,752,United Kingdom,Training,9
2027-07-01,4597,1253,Germany,Hardware,8
2027-07-01,4392,1248,United States,Training,6
2027-07-01,4460,1646,Japan,Services,8
2027-07-01,6331,1325,United States,Services,5
2027-07-01,11674,4241,Japan,Training,13
2027-07-01,1904,420,United States,Training,1
2027-07-01,3932,1125,France,Services,8
2027-07-01,10687,3261,Spain,Hardware,13
2027-07-01,3709,1127,United Kingdom,Training,9
2027-07-01,1365,499,Spain,Services,1
2027-07-01,21597,4969,United Kingdom,Hardware,27
2027-07-01,7560,3355,Germany,Software,13
2027-07-01,12600,2577,Japan,Hardware,11
2027-07-01,9766,2343,France,Hardware,12
2027-07-01,9775,2848,United States,Hardware,7
2027-07-01,12482,5012,United States,Software,10
2027-07-01,7059,1817,France,Training,11
2027-07-01,5748,2148,Germany,Software,15
2027-07-01,10736,2801,United Kingdom,Training,13
2027-07-01,5380,1250,Spain,Hardware,3
2027-07-01,4349,1539,United Kingdom,Services,9
2027-07-01,15143,3307,Spain,Hardware,
2027-07-01,13784,2068,United States,Hardware,13
2027-07-01,2461,621,United Kingdom,Training,7
2027-07-01,9613,2563,Japan,Hardware,7
2027-07-01,6252,2165,France,Software,7
2027-07-01,9269,1816,United Kingdom,Services,7
2027-07-01,4048,1095,France,Software,1
2027-07-01,10088,3626,Spain,Services,7
2027-07-01,1968,397,United States,Services,2
2027-07-01,3460,602,Germany,Training,1
2027-07-01,12409,3775,United Kingdom,Services,15
2027-07-01,5822,2024,Spain,Services,8
2027-07-01,11284,2792,United States,Hardware,16
2027-07-01,6136,1361,Spain,Hardware,8
2027-07-01,3158,441,France,Training,1
2027-07-01,13474,6377,France,Software,12
2027-07-01,8794,3343,Spain,Software,
2027-07-01,5323,1172,United States,Hardware,7
2027-07-01,1363,364,Japan,Training,3
2027-07-01,2113,880,France,Software,4
2027-07-01,8173,1776,United Kingdom,Services,7
2027-07-01,7532,1753,France,Hardware,7
2027-07-01,4478,1605,United States,Services,3
2027-07-01,16099,5544,United States,Hardware,21
2027-07-01,3476,944,Japan,Services,6
2027-07-01,3111,897,Japan,Services,5
2027-07-01,2217,731,Germany,Services,1
2027-07-01,10453,2443,Germany,Services,10
2027-07-01,6144,2757,United States,Software,9
2027-07-01,3896,1353,Japan,Services,1
2027-07-01,5189,1416,Japan,Services,1
2027-07-01,5504,1839,United Kingdom,Hardware,10
2027-07-01,5001,1389,United States,Services,5
2027-07-01,1810,570,Germany,Services,1
2027-07-01,7742,2277,United States,Software,6
2027-07-01,4772,1630,Germany,Software,6
2027-07-01,6483,2058,United States,Services,4
2027-07-01,35595,14248,Germany,Software,42
2027-07-01,9679,4068,United States,Software,10
2027-07-01,2530,860,United States,Training,7
2027-07-01,3895,1561,United States,Software,2
2027-07-01,1911,594,Germany,Training,1
2027-07-01,5731,2782,United States,Software,3
2027-07-01,9936,1837,France,Hardware,10
2027-07-01,10053,1303,France,Hardware,12
2027-07-01,7449,3280,Spain,Software,13
2027-07-01,7003,653,United States,Hardware,8
2027-07-01,15944,5096,France,Hardware,20
2027-07-01,11988,2081,Germany,Hardware,19
2027-07-01,5994,2790,Germany,Software,5
2027-07-01,12892,4616,Spain,Software,13
2027-07-01,15943,3839,United States,Services,
2027-07-01,3010,842,Spain,Training,1
2027-07-01,7666,3794,Germany,Software,7
2027-07-01,4556,962,France,Hardware,1
2027-07-01,8943,2803,Japan,Software,9
2027-07-01,1740,425,Germany,Training,4
2027-07-01,45804,4614,Japan,Hardware,50
2027-07-01,8733,1421,United Kingdom,Hardware,14
2027-07-01,3855,1098,United States,Training,10
2027-07-01,6269,2258,Germany,Services,9
2027-07-01,3360,796,United Kingdom,Software,2
2027-07-01,1797,554,Spain,Training,6
2027-07-01,3879,1858,United Kingdom,Software,6
2027-07-01,2264,700,Germany,Training,1
2027-07-01,14408,4238,United Kingdom,Hardware,12
2027-07-01,14096,1636,Germany,Hardware,22
2027-07-01,2596,854,Spain,Training,1
2027-07-01,12042,3373,Spain,Hardware,12
2027-07-01,7914,3237,United States,Software,12
2027-07-01,10454,3005,Japan,Services,15
2027-07-01,1835,450,France,Software,1
2027-07-01,4843,1154,United States,Services,5
2027-07-01,4461,1584,Japan,Software,2
2027-07-01,7255,2008,France,Hardware,11
2027-07-01,2274,764,Japan,Training,1
2027-07-01,6546,937,Japan,Services,4
2027-07-01,5805,1328,United States,Hardware,8
2027-07-01,7070,2126,France,Software,3
2027-07-01,11294,2872,Germany,Services,12
2027-07-01,3035,774,United States,Training,2
2027-07-01,3407,698,United Kingdom,Hardware,7
2027-07-01,3986,1192,France,Training,2
2027-07-01,6738,1919,United States,Services,10
2027-07-01,11670,2952,Germany,Services,11
2027-07-01,2391,405,United States,Training,1
2027-07-01,3541,1312,United Kingdom,Software,8
2027-07-01,5064,1853,United States,Services,3
2027-07-01,6474,1728,United Kingdom,Hardware,6
2027-07-01,14079,2427,Germany,Services,12
2027-07-01,10266,839,United Kingdom,Hardware,11
2027-07-01,3437,1355,United States,Services,3
2027-07-01,10579,3127,Japan,Services,14
2027-07-01,7685,362,United States,Hardware,7
2027-07-01,7999,2375,Germany,Hardware,9
2027-07-01,1779,363,Germany,Training,1
2027-07-01,8912,3775,Germany,Software,10
2027-07-01,15894,7523,United States,Software,15
2027-07-01,18392,3864,Germany,Hardware,18
2027-07-01,2105,614,France,Services,2
2027-07-01,7915,4141,United Kingdom,Software,3
2027-07-01,2640,774,France,Training,5
2027-07-01,3058,717,Germany,Training,4
2027-07-01,9826,2700,United States,Hardware,10
2027-07-01,3758,1980,Spain,Software,5
2027-07-01,4548,1551,United States,Services,6
2027-07-01,3022,319,United Kingdom,Training,6
2027-07-01,1488,466,United States,Services,1
2027-07-01,4773,1973,France,Software,8
2027-07-01,5552,1084,France,Hardware,6
2027-07-01,19157,6472,Germany,Software,19
2027-07-01,4921,1494,Japan,Services,8
2027-07-01,5417,1599,Germany,Services,3
2027-07-01,2079,875,Germany,Software,1
2027-07-01,4297,1196,Germany,Training,2
2027-07-01,1191,362,Japan,Services,1
2027-07-01,4793,1451,Germany,Software,1
2027-07-01,6632,2290,United States,Services,13
2027-07-01,1385,400,Spain,Training,7
2027-07-01,4419,1556,United States,Software,4
2027-07-01,1568,710,United States,Software,1
2027-07-01,3403,887,Germany,Training,6
2027-07-01,3163,802,Japan,Software,3
2027-07-01,5094,1494,United States,Hardware,
2027-07-01,3903,1094,Germany,Services,7
2027-07-01,12268,3259,Japan,Services,8
2027-07-01,11158,3569,United States,Software,14
2027-07-01,8051,1695,Germany,Training,13
2027-07-01,3770,1165,United States,Services,3
2027-07-01,3557,1280,United Kingdom,Software,5
2027-07-01,2542,608,Germany,Services,3
2027-07-01,9170,1371,Japan,Services,10
2027-07-01,2940,1385,United States,Services,6
2027-07-01,3473,1452,Japan,Services,1
2027-07-01,10906,3187,United Kingdom,Services,16
2027-07-01,18210,5824,United Kingdom,Hardware,19
2027-07-01,1455,317,United States,Training,1
2027-07-01,17437,4221,Japan,Hardware,20
2027-07-01,2970,991,Germany,Services,6
2027-07-01,16715,4502,United States,Hardware,18
2027-07-01,3568,1588,France,Software,3
2027-07-01,4122,837,United States,Training,3
2027-07-01,10671,3382,United States,Software,10
2027-07-01,9520,2549,United States,Services,12
2027-07-01,1320,254,United States,Training,1
2027-07-01,6044,1836,United States,Hardware,9
2027-08-01,1662,615,United States,Training,3
2027-08-01,2289,689,Germany,Software,3
2027-08-01,2468,720,Japan,Training,1
2027-08-01,5037,661,Germany,Hardware,7
2027-08-01,10489,3250,France,Software,11
2027-08-01,10451,4537,Spain,Software,10
2027-08-01,9382,2171,Japan,Training,7
2027-08-01,7003,1777,France,Hardware,10
2027-08-01,31884,7481,Japan,Hardware,34
2027-08-01,2551,733,United States,Training,1
2027-08-01,4091,771,United States,Hardware,5
2027-08-01,4185,1583,United Kingdom,Software,6
2027-08-01,31509,5067,United Kingdom,Hardware,34
2027-08-01,6087,1227,Japan,Hardware,7
2027-08-01,5908,1349,United States,Hardware,8
2027-08-01,6902,2093,United States,Software,7
2027-08-01,15837,6786,United States,Software,15
2027-08-01,15749,7038,United States,Software,14
2027-08-01,6105,2068,United States,Software,13
2027-08-01,1976,755,Spain,Training,1
2027-08-01,11969,2294,United States,Services,13
2027-08-01,3732,1204,France,Training,5
2027-08-01,6081,1905,United States,Services,7
2027-08-01,13436,2663,Japan,Hardware,19
2027-08-01,7055,1365,France,Hardware,15
2027-08-01,23310,4912,Germany,Hardware,29
2027-08-01,9033,2543,Germany,Hardware,11
2027-08-01,6562,2390,United States,Software,7
2027-08-01,7200,2743,Spain,Services,7
2027-08-01,5479,1125,United States,Services,1
2027-08-01,3430,588,United Kingdom,Training,6
2027-08-01,9027,1845,Japan,Hardware,8
2027-08-01,10157,1272,Spain,Hardware,10
2027-08-01,4213,1755,Spain,Software,6
2027-08-01,2704,704,United Kingdom,Training,3
2027-08-01,6679,2136,Spain,Software,4
2027-08-01,6129,1381,United States,Hardware,7
2027-08-01,8440,1769,Germany,Hardware,5
2027-08-01,7086,2139,United States,Services,5
2027-08-01,7349,872,United States,Hardware,7
2027-08-01,3862,1102,France,Software,2
2027-08-01,3789,647,Spain,Hardware,
2027-08-01,4496,1102,Japan,Hardware,2
2027-08-01,2000,305,United States,Training,5
2027-08-01,3412,1050,Germany,Services,5
2027-08-01,13122,3915,United Kingdom,Hardware,10
2027-08-01,3733,1060,United States,Training,10
2027-08-01,3841,1074,Germany,Training,6
2027-08-01,10442,3737,Japan,Software,15
2027-08-01,2057,493,Spain,Training,2
2027-08-01,4160,1491,Japan,Services,5
2027-08-01,2927,266,Germany,Hardware,1
2027-08-01,2247,763,Spain,Software,1
2027-08-01,7287,1079,United Kingdom,Hardware,6
2027-08-01,6838,2016,Germany,Services,
2027-08-01,4112,1322,Germany,Services,7
2027-08-01,3995,1281,Spain,Services,2
2027-08-01,1227,297,United States,Training,1
2027-08-01,3078,1131,Japan,Services,7
2027-08-01,4084,1090,Japan,Services,6
2027-08-01,5144,1444,Germany,Training,8
2027-08-01,3940,850,United States,Services,4
2027-08-01,2032,558,United States,Training,5
2027-08-01,4559,1034,France,Training,4
2027-08-01,8683,2201,Japan,Services,5
2027-08-01,4052,1513,United States,Software,1
2027-08-01,18097,8995,United States,Software,25
2027-08-01,4407,1429,United States,Training,2
2027-08-01,12658,1803,Germany,Hardware,15
2027-08-01,2334,919,United States,Software,1
2027-08-01,2315,731,Spain,Training,2
2027-08-01,4505,625,United States,Training,6
2027-08-01,5478,2967,United Kingdom,Software,4
2027-08-01,5248,1045,United States,Hardware,5
2027-08-01,8746,1799,United States,Hardware,11
2027-08-01,12539,3855,France,Hardware,12
2027-08-01,18790,6634,United States,Software,22
2027-08-01,4850,1675,Germany,Software,5
2027-08-01,2072,873,Japan,Software,8
2027-08-01,2590,464,United States,Training,5
2027-08-01,5998,2626,France,Software,9
2027-08-01,8425,1704,Spain,Hardware,10
2027-08-01,5857,1505,United States,Services,9
2027-08-01,6816,1408,France,Hardware,6
2027-08-01,14113,4136,United Kingdom,Software,15
2027-08-01,14371,2452,United States,Hardware,15
2027-08-01,25399,6107,France,Hardware,28
2027-08-01,14922,3685,Germany,Hardware,15
2027-08-01,2538,926,United Kingdom,Software,2
2027-08-01,3646,932,United States,Training,4
2027-08-01,20495,5249,Spain,Hardware,22
2027-08-01,2206,499,France,Hardware,2
2027-08-01,2863,943,Germany,Services,3
2027-08-01,4734,1236,Spain,Training,10
2027-08-01,17212,7425,France,Software,22
2027-08-01,5318,2539,United States,Software,5
2027-08-01,4930,2056,United States,Software,9
2027-08-01,3981,1432,Spain,Software,3
2027-08-01,3027,583,United States,Hardware,2
2027-08-01,8889,3901,Japan,Software,6
2027-08-01,5636,1736,Germany,Software,5
2027-08-01,1900,600,United Kingdom,Software,1
2027-08-01,11709,4352,Spain,Software,14
2027-08-01,3897,969,Spain,Training,5
2027-08-01,8129,-463,Japan,Hardware,8
2027-08-01,9608,2015,Germany,Hardware,13
2027-08-01,9017,3675,United States,Software,10
2027-08-01,3096,1062,United States,Software,6
2027-08-01,6600,3177,United Kingdom,Software,11
2027-08-01,9876,4089,United States,Software,13
2027-08-01,3037,1152,France,Software,2
2027-08-01,11014,2707,United States,Software,13
2027-08-01,3178,1467,United States,Software,5
2027-08-01,1792,671,Germany,Training,1
2027-08-01,5202,1835,Japan,Software,12
2027-08-01,6786,1658,Germany,Services,5
2027-08-01,10876,3574,France,Software,14
2027-08-01,1520,496,United States,Software,1
2027-08-01,2649,613,Japan,Training,2
2027-08-01,8843,3027,Japan,Hardware,11
2027-08-01,9937,1331,United States,Services,12
2027-08-01,3192,876,Japan,Services,5
2027-08-01,3762,562,United States,Training,7
2027-08-01,4777,1454,United Kingdom,Training,11
2027-08-01,2779,634,Spain,Services,3
2027-08-01,11616,2966,Spain,Hardware,9
2027-08-01,3010,712,Japan,Services,4
2027-08-01,3059,531,Spain,Training,4
2027-08-01,5311,1207,Spain,Hardware,
2027-08-01,6953,1379,United States,Hardware,5
2027-08-01,2389,590,Japan,Services,1
2027-08-01,1809,513,Germany,Services,
2027-08-01,2396,727,Japan,Services,3
2027-08-01,3188,763,United States,Training,8
2027-08-01,9506,1807,Japan,Hardware,6
2027-08-01,5477,1486,Spain,Hardware,9
2027-08-01,11327,6461,United States,Software,13
2027-08-01,3797,772,Spain,Services,8
2027-08-01,1166,415,Germany,Training,1
2027-08-01,4883,1277,Japan,Services,2
2027-08-01,8105,1365,United States,Hardware,13
2027-08-01,3908,948,Germany,Hardware,2
2027-08-01,2631,524,Spain,Training,1
2027-08-01,5929,1019,Japan,Hardware,9
2027-08-01,958,235,France,Training,5
2027-08-01,1691,265,United States,Training,1
2027-08-01,8856,2610,United Kingdom,Services,8
2027-08-01,19139,3575,Spain,Hardware,26
2027-08-01,3459,692,France,Services,2
2027-08-01,5218,1838,France,Services,9
2027-08-01,10769,2852,Germany,Hardware,15
2027-08-01,34654,6020,Spain,Hardware,40
2027-08-01,14001,3758,United States,Services,13
2027-08-01,1942,294,Germany,Training,1
2027-08-01,10123,1646,Spain,Hardware,13
2027-08-01,4387,1649,Japan,Software,1
2027-08-01,7626,2536,Japan,Software,3
2027-08-01,21835,5337,Spain,Hardware,29
2027-08-01,11757,944,United States,Hardware,13
2027-08-01,1000,305,United States,Services,6
2027-08-01,8694,4331,Japan,Software,7
2027-08-01,6166,2376,Japan,Services,6
2027-08-01,24677,4136,France,Hardware,29
2027-08-01,5191,901,Japan,Training,8
2027-08-01,5513,2265,United States,Services,4
2027-08-01,10069,2941,United States,Software,13
2027-08-01,4821,1704,Spain,Training,12
2027-08-01,8995,3314,France,Software,4
2027-08-01,2226,678,France,Training,1
2027-08-01,4336,1191,Germany,Services,3
2027-08-01,5816,2163,France,Services,11
2027-08-01,2024,552,United Kingdom,Services,1
2027-08-01,14009,2221,United States,Hardware,18
2027-08-01,8092,2257,Japan,Services,10
2027-08-01,6650,1629,United Kingdom,Services,5
2027-08-01,4616,1776,Japan,Services,8
2027-08-01,5335,2051,France,Software,9
2027-08-01,11750,4931,Japan,Software,16
2027-08-01,15055,5048,Germany,Software,17
2027-08-01,17335,4088,France,Hardware,19
2027-08-01,6947,1837,Spain,Hardware,10
2027-08-01,5764,1545,France,Hardware,7
2027-08-01,9131,3378,United States,Software,13
2027-08-01,7587,1864,Japan,Hardware,7
2027-08-01,6028,1257,United Kingdom,Training,5
2027-08-01,2286,711,Germany,Services,1
2027-08-01,6661,2376,France,Software,6
2027-08-01,3452,560,United States,Training,1
2027-08-01,3196,806,Spain,Services,8
2027-08-01,3113,1449,Spain,Software,2
2027-08-01,5873,2068,Spain,Services,2
2027-08-01,10648,2010,Germany,Services,8
2027-08-01,2076,799,France,Software,3
2027-08-01,7186,1655,Japan,Services,3
2027-08-01,3818,1423,United States,Software,1
2027-08-01,4956,1923,United States,Software,8
2027-08-01,5213,1189,Spain,Software,3
2027-08-01,4750,1319,France,Services,7
2027-08-01,1971,556,Spain,Training,1
2027-08-01,1729,618,United Kingdom,Training,2
2027-08-01,17287,7729,United States,Software,23
2027-08-01,2969,540,United States,Hardware,3
2027-08-01,2570,876,United States,Services,1
2027-08-01,9164,1335,United States,Hardware,7
2027-08-01,2102,435,United States,Training,1
2027-08-01,2132,512,United States,Services,1
2027-08-01,1648,500,Japan,Training,1
2027-08-01,1920,454,France,Training,3
2027-08-01,17784,5362,United States,Services,20
2027-08-01,5950,1167,Spain,Services,9
2027-08-01,8619,1831,Germany,Hardware,7
2027-08-01,7777,3169,France,Software,8
2027-08-01,23088,8593,France,Software,28
2027-08-01,4963,1506,Japan,Software,5
2027-08-01,3190,790,United States,Services,4
2027-08-01,8086,2068,Japan,Hardware,11
2027-08-01,6012,1834,Germany,Hardware,9
2027-08-01,7873,3348,Germany,Services,9
2027-08-01,24243,6273,United States,Hardware,29
2027-08-01,2309,680,United Kingdom,Services,6
2027-08-01,2829,1002,France,Training,4
2027-08-01,4371,1791,United States,Software,5
2027-08-01,3208,889,Japan,Training,4
2027-08-01,1003,358,Spain,Services,1
2027-08-01,2127,572,France,Training,7
2027-08-01,11911,2607,Germany,Hardware,15
2027-08-01,3443,1459,Spain,Software,6
2027-08-01,4345,1227,United States,Services,7
2027-08-01,5281,2211,United Kingdom,Services,7
2027-08-01,5545,1826,Japan,Services,1
2027-08-01,10690,2449,United States,Hardware,15
2027-08-01,18137,3984,Spain,Hardware,22
2027-08-01,2485,569,United States,Training,1
2027-08-01,2459,790,Japan,Training,2
2027-08-01,1232,332,United States,Training,1
2027-08-01,7699,3588,United States,Software,5
2027-08-01,4224,1372,United States,Training,5
2027-08-01,5034,2172,Germany,Software,10
2027-08-01,2560,953,France,Software,9
2027-08-01,1873,292,France,Training,1
2027-08-01,9393,2317,United States,Software,16
2027-08-01,7905,2981,United States,Software,8
2027-08-01,6378,1504,United States,Hardware,5
2027-08-01,3902,988,Japan,Hardware,6
2027-08-01,12380,4907,Japan,Software,9
2027-08-01,1680,608,Japan,Training,2
2027-08-01,1524,606,France,Training,3
2027-08-01,9115,4219,United Kingdom,Software,10
2027-08-01,4663,1471,France,Training,9
2027-08-01,5816,2488,Germany,Services,9
2027-08-01,5403,1025,Germany,Services,6
2027-08-01,3740,910,Japan,Training,9
2027-08-01,3834,1782,Japan,Software,5
2027-08-01,704,176,Spain,Training,2
2027-08-01,1444,364,Japan,Training,2
2027-08-01,8696,2339,France,Hardware,6
2027-08-01,9660,3542,Spain,Services,8
2027-08-01,1515,645,Spain,Software,8
2027-08-01,25653,7442,Japan,Hardware,33
2027-08-01,5216,1841,Japan,Software,6
2027-08-01,5032,1103,United States,Hardware,6
2027-08-01,4526,889,United States,Training,10
2027-08-01,5545,1801,Germany,Services,8
2027-08-01,1816,507,United States,Training,4
2027-08-01,2540,671,United States,Software,4
2027-08-01,8377,2508,United States,Hardware,10
2027-08-01,9855,3757,United Kingdom,Software,10
2027-08-01,2740,903,Spain,Training,2
2027-08-01,2134,593,United States,Services,4
2027-08-01,2007,552,Japan,Training,4
2027-08-01,2599,639,United States,Training,2
2027-08-01,6767,3021,Japan,Software,5
2027-08-01,5244,1721,United Kingdom,Services,3
2027-08-01,3642,1486,United Kingdom,Software,6
2027-08-01,4872,1683,Japan,Training,
2027-08-01,18929,2714,Germany,Hardware,20
2027-08-01,5691,1441,United States,Hardware,3
2027-08-01,2821,672,United States,Training,4
2027-08-01,1934,518,United States,Services,1
2027-08-01,9917,3125,Spain,Hardware,11
2027-08-01,10483,2938,United Kingdom,Services,14
2027-08-01,7376,2293,France,Hardware,9
2027-08-01,1692,144,United States,Training,1
2027-08-01,2620,719,Germany,Training,1
2027-08-01,2169,476,Germany,Training,3
2027-08-01,5983,1789,Germany,Services,4
2027-08-01,3309,566,Spain,Training,1
2027-08-01,9559,4271,Germany,Software,10
2027-08-01,3412,990,Germany,Hardware,6
2027-08-01,2746,961,France,Services,6
2027-08-01,3974,1779,United States,Software,
2027-08-01,1529,348,Germany,Training,1
2027-08-01,3416,1374,United Kingdom,Training,1
2027-08-01,2997,740,Japan,Training,4
2027-08-01,4825,1422,France,Services,10
2027-08-01,8084,3380,Japan,Software,7
2027-08-01,10368,2714,United States,Software,10
2027-08-01,1885,431,France,Training,2
2027-08-01,6057,1272,Japan,Hardware,10
2027-08-01,10924,3059,Germany,Hardware,10
2027-08-01,3104,842,France,Training,6
2027-08-01,2411,832,France,Services,3
2027-08-01,5165,2255,United States,Software,11
2027-08-01,3243,1062,United States,Software,2
2027-08-01,11858,4671,Spain,Software,8
2027-08-01,16470,2845,Japan,Hardware,19
2027-08-01,9877,2511,Japan,Hardware,12
2027-08-01,12594,4952,United States,Software,15
2027-08-01,6203,1736,Germany,Services,4
2027-08-01,45475,13508,United Kingdom,Hardware,48
2027-08-01,6561,1897,Germany,Hardware,10
2027-08-01,5598,1116,United States,Training,6
2027-08-01,28936,4258,France,Hardware,28
2027-08-01,15574,2937,Germany,Services,18
2027-08-01,1213,211,Germany,Training,7
2027-08-01,7174,2183,France,Software,7
2027-08-01,8954,1732,Germany,Services,11
2027-08-01,12028,1849,France,Hardware,12
2027-08-01,2283,717,France,Training,1
2027-08-01,14547,5085,Japan,Services,12
2027-08-01,2546,603,United Kingdom,Services,5
2027-08-01,11714,1300,Germany,Services,13
2027-08-01,1515,401,United States,Services,1
2027-08-01,5224,537,France,Hardware,1
2027-08-01,2229,660,Japan,Software,1
2027-08-01,6982,3047,Germany,Software,10
2027-08-01,7603,1552,Spain,Hardware,11
2027-08-01,5961,1162,United Kingdom,Hardware,4
2027-08-01,1818,702,United States,Services,5
2027-08-01,25872,12686,United States,Software,34
2027-08-01,3143,675,Germany,Training,2
2027-08-01,5839,1923,United States,Services,4
2027-08-01,4180,1581,United States,Services,4
2027-08-01,6327,1507,Japan,Services,7
2027-08-01,6226,1757,Germany,Hardware,12
2027-08-01,9100,4471,Germany,Software,11
2027-08-01,7839,1552,United States,Hardware,5
2027-08-01,13089,5536,Spain,Services,11
2027-08-01,4741,700,United States,Training,2
2027-08-01,5959,972,Japan,Hardware,7
2027-08-01,10059,4267,Germany,Software,12
2027-08-01,1584,426,Germany,Training,5
2027-08-01,3815,1611,Germany,Software,6
2027-08-01,2321,623,United States,Training,7
2027-08-01,3839,997,France,Training,3
2027-08-01,6695,2713,Germany,Software,3
2027-08-01,1142,179,Germany,Training,1
2027-08-01,3263,655,United States,Services,6
2027-08-01,3328,1476,Germany,Services,3
2027-08-01,4162,1128,United States,Services,
2027-08-01,7918,1895,Spain,Hardware,6
2027-08-01,6866,1983,United States,Hardware,6
2027-08-01,6692,2901,Japan,Software,6
2027-08-01,5828,2134,Spain,Hardware,5
2027-08-01,4902,2011,Japan,Services,4
2027-08-01,7411,2509,France,Hardware,8
2027-08-01,2072,495,United States,Software,4
2027-08-01,3602,770,Spain,Services,4
2027-08-01,3199,1078,United States,Training,6
2027-08-01,2604,1115,United States,Services,1
2027-08-01,3173,710,Japan,Training,1
2027-08-01,5426,2406,France,Software,8
2027-08-01,2625,819,United States,Training,5
2027-08-01,1302,399,France,Training,1
2027-08-01,2320,672,Germany,Training,3
2027-08-01,5937,2125,United States,Software,10
2027-08-01,2144,954,Germany,Services,6
2027-08-01,2560,779,Japan,Software,5
2027-08-01,6424,1282,United States,Training,9
2027-08-01,2026,649,United States,Services,5
2027-08-01,8418,2215,United States,Hardware,7
2027-08-01,10354,2732,Japan,Hardware,
2027-08-01,8616,3739,United Kingdom,Software,7
2027-08-01,3636,1245,United States,Training,9
2027-08-01,11534,2227,Japan,Hardware,9
2027-08-01,10367,2005,Germany,Training,13
2027-08-01,2606,271,Spain,Hardware,1
2027-08-01,3004,855,United States,Software,6
2027-08-01,3515,1097,Japan,Training,8
2027-08-01,1765,700,Japan,Training,2
2027-08-01,1709,219,United States,Training,5
2027-08-01,10797,3243,Germany,Services,10
2027-08-01,1601,479,Spain,Services,4
2027-08-01,3148,692,United Kingdom,Services,1
2027-08-01,1437,630,United States,Services,1
2027-08-01,1624,310,United States,Training,5
2027-08-01,2093,420,Germany,Training,1
2027-08-01,6248,1945,United States,Services,11
2027-08-01,12869,3248,United Kingdom,Hardware,14
2027-08-01,8476,3457,Germany,Software,8
2027-08-01,8843,2002,Spain,Hardware,10
2027-08-01,8135,1771,Germany,Hardware,6
2027-08-01,8553,2165,France,Hardware,9
2027-08-01,5255,1476,Germany,Software,3
2027-08-01,14700,2340,United States,Hardware,
2027-08-01,2142,481,Spain,Training,6
2027-08-01,4477,1379,United States,Services,7
2027-08-01,7309,1567,France,Training,7
2027-08-01,3073,922,France,Training,6
2027-08-01,1200,354,Japan,Training,9
2027-09-01,9199,3356,Spain,Software,10
2027-09-01,8403,1838,United States,Hardware,10
2027-09-01,18440,1696,United Kingdom,Hardware,16
2027-09-01,3496,1511,Spain,Software,5
2027-09-01,5421,2245,Japan,Software,2
2027-09-01,3912,1014,France,Services,4
2027-09-01,2228,846,United States,Training,3
2027-09-01,1996,467,United Kingdom,Hardware,6
2027-09-01,26526,7475,United States,Software,30
2027-09-01,1463,291,Japan,Training,1
2027-09-01,3633,924,Germany,Hardware,3
2027-09-01,1959,514,United Kingdom,Training,1
2027-09-01,6163,1954,United States,Training,2
2027-09-01,4465,1361,United States,Services,2
2027-09-01,5355,2020,Japan,Services,8
2027-09-01,3562,1498,United Kingdom,Software,2
2027-09-01,2791,581,United States,Training,3
2027-09-01,4185,1556,United States,Training,8
2027-09-01,4576,1272,Germany,Training,7
2027-09-01,5120,1377,Japan,Services,8
2027-09-01,4265,974,United States,Training,8
2027-09-01,5418,1532,United States,Services,7
2027-09-01,5156,1689,France,Hardware,1
2027-09-01,5530,2054,France,Software,2
2027-09-01,4380,1911,Spain,Software,5
2027-09-01,1958,453,France,Training,3
2027-09-01,4983,1453,United Kingdom,Training,7
2027-09-01,3225,795,France,Training,1
2027-09-01,4428,646,Spain,Training,1
2027-09-01,3723,875,United Kingdom,Training,3
2027-09-01,1386,360,Japan,Training,4
2027-09-01,8326,2006,Germany,Software,8
2027-09-01,3136,675,United Kingdom,Hardware,4
2027-09-01,5125,1569,United States,Services,7
2027-09-01,1969,631,United Kingdom,Software,1
2027-09-01,5328,1374,United States,Hardware,14
2027-09-01,5780,2092,Germany,Services,5
2027-09-01,6608,1477,United States,Hardware,14
2027-09-01,10045,4935,Spain,Software,9
2027-09-01,8017,1699,France,Services,9
2027-09-01,9412,2167,Japan,Hardware,7
2027-09-01,6509,1766,France,Services,8
2027-09-01,5754,1657,United Kingdom,Training,7
2027-09-01,2659,917,United States,Software,4
2027-09-01,4271,1362,United States,Hardware,4
2027-09-01,11742,5003,United Kingdom,Software,11
2027-09-01,1199,376,United States,Training,3
2027-09-01,3627,1463,Germany,Services,5
2027-09-01,3691,644,United States,Services,3
2027-09-01,2197,920,France,Services,7
2027-09-01,10170,2498,France,Services,15
2027-09-01,5410,1536,United States,Services,7
2027-09-01,13280,2176,United States,Hardware,16
2027-09-01,13416,3898,France,Services,15
2027-09-01,13526,2957,Germany,Hardware,9
2027-09-01,3155,620,Japan,Services,11
2027-09-01,2709,755,Spain,Services,2
2027-09-01,1780,423,Germany,Services,1
2027-09-01,7276,863,United States,Hardware,3
2027-09-01,3024,964,France,Training,3
2027-09-01,1799,497,Japan,Services,1
2027-09-01,4156,841,Japan,Services,2
2027-09-01,2727,431,United States,Hardware,8
2027-09-01,3637,1027,Germany,Services,6
2027-09-01,3535,708,United States,Training,5
2027-09-01,4989,1511,Spain,Software,1
2027-09-01,2648,768,United States,Training,1
2027-09-01,11348,3045,United States,Hardware,10
2027-09-01,1695,237,United States,Training,3
2027-09-01,3495,276,France,Hardware,6
2027-09-01,12975,3356,France,Hardware,17
2027-09-01,8709,1518,France,Hardware,7
2027-09-01,1875,540,United States,Training,2
2027-09-01,2781,746,United Kingdom,Training,5
2027-09-01,1655,494,United States,Training,3
2027-09-01,6762,2168,United Kingdom,Hardware,3
2027-09-01,10639,2235,Japan,Hardware,10
2027-09-01,3326,732,United States,Hardware,2
2027-09-01,4386,2167,France,Services,6
2027-09-01,6077,1460,United States,Services,8
2027-09-01,5603,1815,Japan,Training,9
2027-09-01,4680,1192,United States,Training,7
2027-09-01,2933,778,Japan,Software,5
2027-09-01,6640,1328,Germany,Hardware,10
2027-09-01,3457,1418,United States,Software,3
2027-09-01,1648,487,France,Training,5
2027-09-01,5571,2130,Germany,Services,10
2027-09-01,1680,273,France,Training,4
2027-09-01,2596,537,United States,Training,1
2027-09-01,2272,1000,Spain,Software,1
2027-09-01,13309,4376,Spain,Services,10
2027-09-01,4329,1290,United States,Services,2
2027-09-01,3978,1392,United Kingdom,Services,5
2027-09-01,2042,511,Spain,Services,4
2027-09-01,9085,1637,Spain,Services,10
2027-09-01,1795,530,France,Services,2
2027-09-01,2257,784,Spain,Hardware,1
2027-09-01,6989,2922,United Kingdom,Software,11
2027-09-01,2138,883,Germany,Services,3
2027-09-01,9417,2433,Japan,Services,10
2027-09-01,5078,1876,United States,Training,10
2027-09-01,2854,820,United States,Training,5
2027-09-01,12164,1073,United States,Hardware,17
2027-09-01,8941,3455,Spain,Software,11
2027-09-01,1995,571,United Kingdom,Hardware,1
2027-09-01,1371,523,United States,Services,1
2027-09-01,3996,1254,France,Services,4
2027-09-01,2351,930,France,Software,6
2027-09-01,1926,1055,Spain,Services,6
2027-09-01,8150,2289,Germany,Hardware,9
2027-09-01,1800,321,United Kingdom,Training,1
2027-09-01,2018,908,United States,Software,5
2027-09-01,1351,338,Germany,Training,6
2027-09-01,18354,4008,United States,Hardware,22
2027-09-01,3499,1027,Japan,Services,8
2027-09-01,11702,2135,France,Hardware,13
2027-09-01,6201,1799,United Kingdom,Services,4
2027-09-01,4888,1308,Germany,Services,7
2027-09-01,2875,841,Spain,Hardware,5
2027-09-01,7692,2980,United States,Software,4
2027-09-01,5225,1847,Germany,Software,2
2027-09-01,4352,1528,Japan,Services,1
2027-09-01,2548,395,France,Training,3
2027-09-01,5935,2088,Japan,Training,8
2027-09-01,12500,2510,Japan,Hardware,18
2027-09-01,3034,666,Japan,Training,1
2027-09-01,5233,1464,France,Hardware,10
2027-09-01,8811,1798,Japan,Services,8
2027-09-01,10854,1965,Germany,Hardware,16
2027-09-01,12231,4974,United Kingdom,Software,15
2027-09-01,6469,2387,Germany,Software,5
2027-09-01,14528,3715,United States,Hardware,20
2027-09-01,4064,1524,United States,Software,2
2027-09-01,5835,3127,Germany,Software,4
2027-09-01,2162,657,Spain,Training,2
2027-09-01,2752,782,Germany,Software,9
2027-09-01,4123,1809,United States,Software,1
2027-09-01,5373,1911,Germany,Services,9
2027-09-01,7555,2069,United Kingdom,Services,8
2027-09-01,2512,586,Japan,Training,4
2027-09-01,6276,2767,United States,Software,9
2027-09-01,13872,5438,France,Software,18
2027-09-01,3379,1270,Japan,Software,4
2027-09-01,6684,2357,Japan,Software,11
2027-09-01,6593,2610,Germany,Services,7
2027-09-01,4408,811,Germany,Hardware,5
2027-09-01,5579,2783,Germany,Software,8
2027-09-01,892,213,United States,Training,5
2027-09-01,2474,453,United States,Training,3
2027-09-01,1543,364,Spain,Training,6
2027-09-01,8425,2672,Japan,Hardware,8
2027-09-01,5526,1646,United States,Software,5
2027-09-01,3862,1088,Spain,Services,2
2027-09-01,2777,719,United States,Services,8
2027-09-01,6691,1851,Germany,Services,6
2027-09-01,4202,1483,United States,Software,10
2027-09-01,4964,1240,Japan,Hardware,
2027-09-01,11972,2720,France,Hardware,9
2027-09-01,1317,252,Japan,Software,1
2027-09-01,14532,4570,France,Software,17
2027-09-01,9880,2804,United States,Hardware,11
2027-09-01,4431,433,France,Training,5
2027-09-01,3966,866,United States,Training,1
2027-09-01,11696,2148,Germany,Services,10
2027-09-01,4009,1380,United States,Training,3
2027-09-01,9153,1964,France,Hardware,11
2027-09-01,4793,952,United States,Hardware,1
2027-09-01,2828,675,Germany,Training,1
2027-09-01,4671,1193,Japan,Hardware,2
2027-09-01,1664,433,United States,Training,1
2027-09-01,9867,1565,Japan,Hardware,10
2027-09-01,1914,226,United States,Training,2
2027-09-01,8350,3091,France,Software,5
2027-09-01,4785,1133,United Kingdom,Training,7
2027-09-01,5857,1139,United States,Hardware,7
2027-09-01,5780,1818,Spain,Software,8
2027-09-01,1086,376,Japan,Training,1
2027-09-01,4386,1368,United Kingdom,Services,3
2027-09-01,1661,458,United States,Training,5
2027-09-01,3694,1020,United States,Services,1
2027-09-01,2960,476,France,Training,1
2027-09-01,3225,749,United States,Training,3
2027-09-01,7857,3007,Germany,Hardware,10
2027-09-01,1364,565,Japan,Services,3
2027-09-01,1110,312,Japan,Services,4
2027-09-01,1325,332,France,Training,1
2027-09-01,3560,561,Germany,Training,8
2027-09-01,9875,2449,Spain,Hardware,11
2027-09-01,5117,2734,France,Software,7
2027-09-01,4603,1894,United States,Software,8
2027-09-01,3492,1322,France,Training,7
2027-09-01,1544,306,United States,Training,1
2027-09-01,9111,2645,United States,Hardware,16
2027-09-01,6771,2832,Spain,Software,1
2027-09-01,1752,587,United States,Services,1
2027-09-01,1203,298,Japan,Training,4
2027-09-01,3651,1940,United Kingdom,Software,6
2027-09-01,12384,3765,Spain,Hardware,11
2027-09-01,9181,2679,United States,Hardware,12
2027-09-01,10330,2833,France,Hardware,15
2027-09-01,9151,3056,United States,Software,9
2027-09-01,12515,3720,Germany,Services,12
2027-09-01,4074,1313,Japan,Training,6
2027-09-01,2084,516,United Kingdom,Training,1
2027-09-01,4095,1295,France,Services,1
2027-09-01,11572,4460,United States,Software,11
2027-09-01,10008,2761,United States,Services,11
2027-09-01,6942,2187,United States,Services,4
2027-09-01,4869,1860,France,Training,8
2027-09-01,11292,4241,United States,Hardware,10
2027-09-01,4314,1238,Spain,Training,5
2027-09-01,8043,1211,Germany,Hardware,5
2027-09-01,5124,939,United States,Hardware,6
2027-09-01,2574,806,Germany,Training,3
2027-09-01,2624,414,United Kingdom,Hardware,5
2027-09-01,2434,532,Spain,Training,4
2027-09-01,2173,428,France,Training,2
2027-09-01,12387,3574,Germany,Hardware,14
2027-09-01,4790,1321,Japan,Services,5
2027-09-01,6344,856,Spain,Hardware,10
2027-09-01,5177,1301,United States,Services,8
2027-09-01,15463,1335,Japan,Hardware,18
2027-09-01,4325,1052,France,Services,3
2027-09-01,4905,2067,Germany,Software,4
2027-09-01,14766,3284,United States,Hardware,18
2027-09-01,3607,1525,Germany,Software,1
2027-09-01,1883,653,Spain,Services,4
2027-09-01,2294,591,Germany,Services,3
2027-09-01,3509,1308,Japan,Services,8
2027-09-01,5988,1941,Spain,Services,6
2027-09-01,2770,1308,United Kingdom,Software,4
2027-09-01,7120,1886,Spain,Training,5
2027-09-01,6184,1853,Spain,Services,6
2027-09-01,9213,2538,United States,Services,11
2027-09-01,1855,521,Germany,Training,6
2027-09-01,14771,6437,United States,Software,12
2027-09-01,3802,744,United Kingdom,Services,5
2027-09-01,2844,792,Spain,Training,9
2027-09-01,4039,728,France,Services,1
2027-09-01,1958,596,Germany,Services,3
2027-09-01,7153,1358,United States,Hardware,4
2027-09-01,2681,1225,United States,Software,3
2027-09-01,2832,580,United Kingdom,Training,1
2027-09-01,9750,2171,Spain,Hardware,11
2027-09-01,26229,10872,United States,Software,26
2027-09-01,3872,1596,Germany,Software,3
2027-09-01,3031,809,Spain,Training,6
2027-09-01,1577,329,Germany,Training,4
2027-09-01,3914,1295,United States,Software,4
2027-09-01,3835,1572,United States,Software,3
2027-09-01,3422,538,Japan,Hardware,4
2027-09-01,7945,520,Germany,Hardware,4
2027-09-01,10003,3342,Japan,Software,9
2027-09-01,2533,521,France,Hardware,2
2027-09-01,1716,525,Germany,Training,1
2027-09-01,2177,704,Germany,Hardware,3
2027-09-01,5473,1267,Spain,Hardware,6
2027-09-01,2024,382,Spain,Services,1
2027-09-01,13895,3896,Germany,Services,16
2027-09-01,2006,335,Japan,Training,7
2027-09-01,7743,1331,United States,Hardware,10
2027-09-01,2595,647,United States,Software,3
2027-09-01,1314,341,United Kingdom,Training,2
2027-09-01,12264,997,France,Hardware,16
2027-09-01,5248,843,Spain,Hardware,3
2027-09-01,5396,1689,Spain,Training,
2027-09-01,2063,974,United Kingdom,Software,1
2027-09-01,5391,1945,Spain,Software,9
2027-09-01,4423,1673,Spain,Services,10
2027-09-01,6771,1007,Spain,Hardware,9
2027-09-01,6989,3179,Germany,Software,9
2027-09-01,8274,2376,United Kingdom,Software,8
2027-09-01,6268,2220,Germany,Software,7
2027-09-01,2376,600,United States,Services,1
2027-09-01,3263,944,France,Training,8
2027-09-01,3031,1029,Japan,Training,2
2027-09-01,3156,646,United States,Software,3
2027-09-01,2260,969,Germany,Software,7
2027-09-01,3617,1180,Japan,Software,4
2027-09-01,13131,4154,Spain,Training,8
2027-09-01,4162,943,Japan,Training,1
2027-09-01,11965,3366,Japan,Hardware,9
2027-09-01,4161,1898,United States,Software,9
2027-09-01,1163,500,France,Training,2
2027-09-01,6617,1865,United States,Hardware,9
2027-09-01,5977,1852,Japan,Software,11
2027-09-01,3558,1088,Germany,Software,8
2027-09-01,13375,3137,Spain,Hardware,11
2027-09-01,7994,3781,Japan,Software,10
2027-09-01,2081,705,Japan,Training,6
2027-09-01,5257,1908,Japan,Software,6
2027-09-01,3393,460,United States,Hardware,6
2027-09-01,6630,2395,France,Services,
2027-09-01,7719,1589,United States,Services,10
2027-09-01,2893,861,United Kingdom,Training,5
2027-09-01,3601,1012,United States,Training,5
2027-09-01,4255,1434,France,Hardware,8
2027-09-01,2523,647,Spain,Training,3
2027-09-01,1791,779,United States,Software,8
2027-09-01,12570,1982,Germany,Hardware,11
2027-09-01,8389,3762,United States,Software,10
2027-09-01,12345,3321,Germany,Services,12
2027-09-01,17345,6522,Spain,Software,15
2027-09-01,2409,443,Japan,Training,1
2027-09-01,4773,1590,Japan,Training,5
2027-09-01,3450,1131,Japan,Services,6
2027-09-01,11579,5298,Japan,Software,12
2027-09-01,7217,1340,Spain,Hardware,13
2027-09-01,7190,1498,United Kingdom,Hardware,5
2027-09-01,3988,1398,Germany,Software,6
2027-09-01,3652,1596,Japan,Software,4
2027-09-01,15321,5780,United Kingdom,Software,20
2027-09-01,4933,1712,United States,Software,4
2027-09-01,3812,1621,France,Services,4
2027-09-01,8710,733,Germany,Hardware,8
2027-09-01,4169,1419,Japan,Software,7
2027-09-01,6910,1891,Japan,Services,7
2027-09-01,7854,1920,Germany,Hardware,9
2027-09-01,2219,644,United States,Services,1
2027-09-01,2898,941,Spain,Services,3
2027-09-01,7632,2884,Spain,Software,5
2027-09-01,12783,2864,France,Hardware,14
2027-09-01,2452,930,United States,Software,5
2027-09-01,6141,1215,United States,Hardware,5
2027-09-01,1727,641,Japan,Services,1
2027-09-01,7883,2562,Germany,Services,5
2027-09-01,22315,4650,Germany,Hardware,24
2027-09-01,3852,1252,United States,Training,3
2027-09-01,3682,1497,United Kingdom,Software,6
2027-09-01,1734,588,United Kingdom,Training,1
2027-09-01,10510,3002,France,Hardware,9
2027-09-01,4237,1171,Japan,Training,1
2027-09-01,1807,605,Germany,Training,2
2027-09-01,7543,1100,Germany,Hardware,8
2027-09-01,5527,2137,Japan,Hardware,7
2027-09-01,4769,1480,United Kingdom,Services,8
2027-09-01,7965,2063,Japan,Hardware,11
2027-09-01,2382,552,Germany,Training,2
2027-09-01,2659,866,Japan,Software,7
2027-09-01,1522,295,Spain,Training,1
2027-09-01,14307,5575,Japan,Software,16
2027-09-01,2931,926,Germany,Services,2
2027-09-01,2662,538,United Kingdom,Training,1
2027-09-01,5278,1950,France,Services,8
2027-09-01,4113,1456,Japan,Services,7
2027-09-01,8133,2478,France,Hardware,10
2027-09-01,5929,696,Spain,Hardware,1
2027-09-01,3199,515,Japan,Training,3
2027-09-01,7257,1289,United States,Hardware,7
2027-09-01,3750,960,United States,Training,1
2027-09-01,6014,2976,France,Software,4
2027-09-01,2328,623,United States,Services,9
2027-09-01,4131,1794,United States,Training,1
2027-09-01,2998,641,United States,Training,2
2027-09-01,5798,1599,United States,Hardware,6
2027-09-01,3252,1118,United States,Software,1
2027-09-01,5214,1652,Japan,Services,8
2027-09-01,3084,541,Japan,Hardware,1
2027-09-01,1920,575,Spain,Software,5
2027-09-01,8016,3086,United States,Training,5
2027-09-01,12728,5493,Germany,Software,16
2027-09-01,9461,4198,United Kingdom,Software,14
2027-09-01,8167,3442,Spain,Training,12
2027-09-01,1105,333,Germany,Services,1
2027-09-01,18385,2797,United States,Hardware,22
2027-09-01,3037,721,United Kingdom,Services,
2027-09-01,9723,1551,United States,Hardware,15
2027-09-01,3418,1565,Japan,Software,3
2027-09-01,3207,925,Japan,Services,3
2027-09-01,746,206,France,Training,1
2027-09-01,2692,779,Japan,Training,1
2027-09-01,13226,2222,France,Hardware,13
2027-09-01,852,247,France,Services,1
2027-09-01,13556,5031,Japan,Software,15
2027-09-01,11599,2310,United Kingdom,Hardware,14
2027-09-01,6426,2239,Germany,Services,10
2027-09-01,5480,1813,France,Software,5
2027-09-01,2555,1114,United Kingdom,Software,5
2027-09-01,3166,1293,United States,Software,3
2027-09-01,5635,2153,United Kingdom,Software,8
2027-09-01,4906,1298,Spain,Training,8
2027-09-01,7493,1580,Germany,Hardware,8
2027-09-01,2683,812,Spain,Services,5
2027-09-01,11097,5833,Germany,Software,15
2027-09-01,6495,951,Japan,Hardware,6
2027-09-01,20779,6298,Japan,Hardware,25
2027-09-01,3655,996,France,Services,7
2027-09-01,2278,923,Germany,Software,1
2027-09-01,9546,2426,Germany,Hardware,5
2027-09-01,3002,745,Spain,Hardware,4
2027-09-01,1641,456,Germany,Services,1
2027-09-01,5491,824,United Kingdom,Training,7
2027-09-01,2515,594,United Kingdom,Training,4
2027-09-01,4840,1429,United Kingdom,Training,5
2027-09-01,5487,1802,Spain,Services,6
2027-09-01,4568,1316,Germany,Training,2
2027-09-01,5853,1669,France,Software,7
2027-09-01,5269,1142,United States,Hardware,2
2027-09-01,4860,492,France,Hardware,7
2027-09-01,11586,5483,United Kingdom,Software,11
2027-10-01,2506,636,Spain,Services,4
2027-10-01,2619,831,France,Training,5
2027-10-01,6858,2007,France,Hardware,9
2027-10-01,12973,2479,Germany,Hardware,13
2027-10-01,9833,2590,Japan,Training,15
2027-10-01,4146,1518,United States,Services,3
2027-10-01,2023,175,United States,Training,2
2027-10-01,1576,519,Germany,Training,7
2027-10-01,3568,1021,France,Training,1
2027-10-01,5694,2225,Japan,Software,4
2027-10-01,6408,1462,Spain,Hardware,5
2027-10-01,1811,573,United States,Services,1
2027-10-01,10981,4047,France,Software,13
2027-10-01,2862,909,United States,Services,9
2027-10-01,2576,1210,Spain,Services,7
2027-10-01,4273,1638,Japan,Services,1
2027-10-01,2942,1009,France,Services,5
2027-10-01,3695,1202,Japan,Services,
2027-10-01,2135,376,France,Hardware,2
2027-10-01,3703,1174,Japan,Hardware,1
2027-10-01,1995,1024,United States,Software,1
2027-10-01,12840,3786,Japan,Services,20
2027-10-01,5948,1332,Japan,Training,4
2027-10-01,3944,795,Japan,Software,1
2027-10-01,1258,189,United States,Training,3
2027-10-01,7070,2190,Japan,Services,6
2027-10-01,8776,2867,United Kingdom,Software,12
2027-10-01,1028,274,United States,Training,1
2027-10-01,6165,2275,United States,Services,8
2027-10-01,8633,3361,Japan,Software,8
2027-10-01,2848,1053,France,Training,1
2027-10-01,2319,492,United States,Training,2
2027-10-01,20882,4553,Japan,Services,25
2027-10-01,3533,518,Germany,Hardware,2
2027-10-01,9853,3199,Japan,Hardware,15
2027-10-01,5836,1524,Germany,Software,5
2027-10-01,4957,670,Spain,Training,5
2027-10-01,944,265,United States,Training,8
2027-10-01,2872,562,Germany,Training,7
2027-10-01,1114,100,Germany,Training,6
2027-10-01,7533,1762,United States,Services,9
2027-10-01,7703,2612,United States,Services,2
2027-10-01,4244,1216,United States,Training,7
2027-10-01,6819,1785,Japan,Hardware,10
2027-10-01,6842,2729,United Kingdom,Software,9
2027-10-01,3327,1654,Spain,Software,3
2027-10-01,1560,346,United States,Training,2
2027-10-01,1955,554,France,Software,1
2027-10-01,3166,1382,France,Software,10
2027-10-01,1844,570,Germany,Training,1
2027-10-01,3321,680,France,Hardware,5
2027-10-01,3499,1176,United States,Services,1
2027-10-01,6769,438,Spain,Hardware,13
2027-10-01,5337,1883,Germany,Services,7
2027-10-01,1219,378,United States,Training,7
2027-10-01,1257,485,Spain,Training,1
2027-10-01,3496,769,France,Training,1
2027-10-01,3621,1363,France,Software,7
2027-10-01,5733,2545,France,Software,5
2027-10-01,4077,841,Japan,Services,2
2027-10-01,3962,1065,United States,Training,5
2027-10-01,8060,3334,United States,Software,4
2027-10-01,2953,1213,Spain,Software,8
2027-10-01,799,194,United Kingdom,Training,1
2027-10-01,1819,627,Japan,Software,3
2027-10-01,2500,701,United Kingdom,Software,1
2027-10-01,1709,537,Germany,Training,1
2027-10-01,1282,308,Germany,Training,1
2027-10-01,3488,804,United States,Hardware,9
2027-10-01,4115,1580,United States,Training,12
2027-10-01,3703,1574,United States,Software,3
2027-10-01,15181,3984,Spain,Services,20
2027-10-01,3063,657,United States,Training,3
2027-10-01,2414,575,France,Services,5
2027-10-01,4941,217,United States,Hardware,3
2027-10-01,11096,1785,Germany,Services,12
2027-10-01,4020,1749,France,Training,9
2027-10-01,7744,2413,United States,Software,13
2027-10-01,2316,724,United Kingdom,Services,6
2027-10-01,4540,1944,Japan,Software,6
2027-10-01,2322,575,Japan,Training,3
2027-10-01,7402,1256,United States,Hardware,8
2027-10-01,12303,1862,Germany,Hardware,13
2027-10-01,1929,715,United Kingdom,Training,4
2027-10-01,13631,4593,United States,Services,14
2027-10-01,5234,2403,Germany,Software,6
2027-10-01,2361,363,Spain,Training,1
2027-10-01,4847,1895,United Kingdom,Software,6
2027-10-01,12225,4232,United States,Services,14
2027-10-01,2541,845,Germany,Training,5
2027-10-01,4836,1551,Spain,Services,3
2027-10-01,2197,726,United States,Training,1
2027-10-01,2591,1041,United States,Software,3
2027-10-01,12066,4198,Germany,Services,12
2027-10-01,2277,490,France,Services,1
2027-10-01,2632,912,Germany,Services,4
2027-10-01,2510,939,United States,Software,4
2027-10-01,2643,1041,France,Software,7
2027-10-01,10871,2991,Germany,Services,13
2027-10-01,12014,2014,United States,Hardware,12
2027-10-01,1878,656,United States,Training,4
2027-10-01,3002,829,Germany,Software,4
2027-10-01,3662,1080,United States,Software,4
2027-10-01,2993,1239,United States,Software,1
2027-10-01,7517,2336,Germany,Hardware,8
2027-10-01,3765,1075,Germany,Services,2
2027-10-01,2359,691,United Kingdom,Services,5
2027-10-01,2898,963,France,Hardware,1
2027-10-01,3746,468,United Kingdom,Hardware,1
2027-10-01,15790,1823,United States,Hardware,20
2027-10-01,3974,1214,Japan,Services,7
2027-10-01,5255,959,Germany,Training,6
2027-10-01,3110,225,Germany,Training,1
2027-10-01,3221,464,United States,Hardware,6
2027-10-01,17962,8045,Germany,Software,18
2027-10-01,5684,1350,Germany,Hardware,7
2027-10-01,3949,811,Japan,Services,6
2027-10-01,3460,1241,Japan,Training,1
2027-10-01,2658,767,France,Training,6
2027-10-01,732,287,United States,Services,3
2027-10-01,5190,2363,United Kingdom,Software,8
2027-10-01,9794,2250,France,Services,14
2027-10-01,5965,1917,Japan,Services,7
2027-10-01,9923,4044,Germany,Software,13
2027-10-01,3363,567,United States,Training,1
2027-10-01,2660,940,United States,Software,1
2027-10-01,4497,781,United States,Services,9
2027-10-01,13565,4824,United States,Hardware,12
2027-10-01,8706,3361,United States,Services,13
2027-10-01,9803,2748,United States,Hardware,8
2027-10-01,8510,1642,Germany,Services,11
2027-10-01,6595,2405,United States,Software,4
2027-10-01,2062,834,United States,Training,5
2027-10-01,2979,1138,France,Software,4
2027-10-01,4604,708,United States,Hardware,5
2027-10-01,2546,660,Japan,Training,1
2027-10-01,3207,371,Germany,Services,1
2027-10-01,3602,767,Germany,Training,1
2027-10-01,1836,317,United Kingdom,Training,1
2027-10-01,3821,1322,United States,Training,5
2027-10-01,5488,982,Spain,Hardware,2
2027-10-01,2040,590,Germany,Training,5
2027-10-01,2266,602,Germany,Training,3
2027-10-01,1806,419,Japan,Training,2
2027-10-01,2279,580,France,Training,2
2027-10-01,2133,768,United States,Software,8
2027-10-01,3074,1279,Spain,Software,5
2027-10-01,2385,862,Germany,Training,1
2027-10-01,17989,3996,France,Hardware,16
2027-10-01,3018,398,Germany,Training,5
2027-10-01,2862,573,United States,Hardware,6
2027-10-01,1352,396,United States,Training,1
2027-10-01,2874,852,United States,Services,3
2027-10-01,1906,330,Germany,Training,13
2027-10-01,2008,577,Germany,Training,1
2027-10-01,14265,3615,United Kingdom,Services,20
2027-10-01,9571,2595,Germany,Hardware,13
2027-10-01,7722,2844,United Kingdom,Software,3
2027-10-01,5023,909,United States,Software,7
2027-10-01,1649,362,United States,Training,2
2027-10-01,9723,3173,United States,Software,8
2027-10-01,5388,1969,Japan,Software,9
2027-10-01,10584,2984,France,Hardware,9
2027-10-01,2215,472,France,Hardware,4
2027-10-01,1872,434,United Kingdom,Services,5
2027-10-01,4714,1254,Spain,Hardware,4
2027-10-01,1129,321,Japan,Training,3
2027-10-01,5359,1915,United Kingdom,Services,3
2027-10-01,10014,2507,United States,Services,6
2027-10-01,5316,2412,United States,Software,3
2027-10-01,2175,760,Germany,Training,1
2027-10-01,7731,2468,United Kingdom,Software,10
2027-10-01,2067,485,United States,Training,1
2027-10-01,5338,1254,United Kingdom,Services,3
2027-10-01,878,273,France,Training,1
2027-10-01,2515,892,Germany,Services,1
2027-10-01,3283,1285,France,Services,1
2027-10-01,4933,1608,Spain,Training,4
2027-10-01,4990,1389,France,Services,3
2027-10-01,4258,1369,Germany,Services,8
2027-10-01,3503,906,United Kingdom,Training,3
2027-10-01,3145,942,Japan,Software,5
2027-10-01,1650,477,United States,Training,5
2027-10-01,5219,1472,Spain,Training,5
2027-10-01,5214,2325,United Kingdom,Software,5
2027-10-01,6286,2070,United States,Services,7
2027-10-01,8661,3153,Spain,Services,11
2027-10-01,8721,2811,Spain,Software,12
2027-10-01,6957,2653,Japan,Services,4
2027-10-01,3019,629,France,Hardware,4
2027-10-01,2490,1046,United States,Services,10
2027-10-01,2893,1183,Germany,Software,7
2027-10-01,3408,1040,United States,Software,6
2027-10-01,4885,924,Germany,Hardware,5
2027-10-01,1283,211,Japan,Training,1
2027-10-01,3438,913,Germany,Services,7
2027-10-01,5512,2425,Germany,Software,5
2027-10-01,7894,1357,United States,Hardware,11
2027-10-01,9503,1275,Germany,Hardware,9
2027-10-01,18188,6784,United States,Software,20
2027-10-01,12637,4432,Germany,Software,17
2027-10-01,2567,675,United States,Training,1
2027-10-01,1052,357,United States,Training,1
2027-10-01,10259,3323,United States,Hardware,10
2027-10-01,1403,268,United Kingdom,Training,1
2027-10-01,6626,1937,United Kingdom,Services,9
2027-10-01,1945,612,United States,Training,1
2027-10-01,4608,2021,Japan,Software,9
2027-10-01,4179,1908,Japan,Software,4
2027-10-01,4481,1682,Germany,Services,8
2027-10-01,10471,1626,United States,Hardware,13
2027-10-01,5065,1553,Spain,Hardware,4
2027-10-01,4627,1134,Germany,Training,8
2027-10-01,12491,4728,United States,Software,19
2027-10-01,9536,3395,France,Software,12
2027-10-01,1559,573,Japan,Training,1
2027-10-01,6478,2154,United States,Software,3
2027-10-01,6144,1624,France,Hardware,8
2027-10-01,2486,1118,Japan,Software,1
2027-10-01,3173,997,United States,Services,1
2027-10-01,8263,3946,United States,Software,13
2027-10-01,3394,1120,United Kingdom,Training,4
2027-10-01,6953,1278,France,Hardware,12
2027-10-01,4328,656,United States,Hardware,2
2027-10-01,3046,788,United States,Training,10
2027-10-01,3999,734,Germany,Hardware,1
2027-10-01,7318,3090,United Kingdom,Software,5
2027-10-01,15779,1709,France,Hardware,17
2027-10-01,3254,1381,Germany,Services,5
2027-10-01,2975,610,United States,Training,7
2027-10-01,6305,2356,Japan,Software,9
2027-10-01,5061,1256,United Kingdom,Hardware,3
2027-10-01,4831,1753,United States,Services,8
2027-10-01,10354,2858,Spain,Hardware,9
2027-10-01,3541,1144,United States,Services,1
2027-10-01,10148,2600,United States,Services,8
2027-10-01,5732,2111,Japan,Software,6
2027-10-01,7674,2903,Japan,Software,8
2027-10-01,1876,519,Japan,Training,1
2027-10-01,4902,770,Germany,Hardware,8
2027-10-01,11072,2522,Spain,Hardware,8
2027-10-01,1443,419,United States,Training,1
2027-10-01,3511,909,United States,Services,7
2027-10-01,13867,6491,United States,Software,15
2027-10-01,2161,660,United Kingdom,Training,4
2027-10-01,27955,8811,United States,Hardware,30
2027-10-01,3934,1022,United States,Services,4
2027-10-01,19558,7995,Spain,Hardware,24
2027-10-01,4438,2072,Germany,Services,7
2027-10-01,4563,1935,United States,Software,7
2027-10-01,5010,1202,Japan,Services,5
2027-10-01,4913,1096,Spain,Services,4
2027-10-01,2058,458,France,Services,4
2027-10-01,2479,544,United States,Training,2
2027-10-01,9603,3129,United States,Services,16
2027-10-01,4482,794,Germany,Training,3
2027-10-01,5223,1962,Germany,Software,8
2027-10-01,6156,1384,Germany,Training,2
2027-10-01,16296,6272,United States,Software,15
2027-10-01,2784,807,United States,Services,3
2027-10-01,1929,759,United States,Services,1
2027-10-01,3127,1309,Germany,Services,6
2027-10-01,6279,1411,Germany,Software,10
2027-10-01,9032,2369,Japan,Hardware,9
2027-10-01,1385,416,Spain,Training,2
2027-10-01,6026,1795,Japan,Software,8
2027-10-01,3018,872,United States,Training,5
2027-10-01,9694,3826,Germany,Software,14
2027-10-01,20557,2772,France,Hardware,21
2027-10-01,2543,469,United Kingdom,Training,1
2027-10-01,2031,669,United States,Services,2
2027-10-01,9752,3151,Spain,Software,7
2027-10-01,5340,2439,United States,Software,2
2027-10-01,8345,3446,United States,Services,12
2027-10-01,4742,1582,United Kingdom,Services,6
2027-10-01,4877,1630,United Kingdom,Services,7
2027-10-01,5036,2263,Spain,Software,6
2027-10-01,4759,1712,Germany,Services,2
2027-10-01,2960,575,United Kingdom,Training,6
2027-10-01,4198,1456,France,Hardware,4
2027-10-01,2561,645,France,Services,2
2027-10-01,3058,679,United States,Services,7
2027-10-01,5166,2395,Germany,Software,9
2027-10-01,6206,1606,United States,Hardware,1
2027-10-01,29173,7157,France,Hardware,31
2027-10-01,3813,1547,Germany,Software,4
2027-10-01,7554,2084,France,Services,9
2027-10-01,3535,1597,Germany,Software,6
2027-10-01,5436,1469,United States,Services,7
2027-10-01,3903,1466,France,Software,7
2027-10-01,1872,795,Germany,Software,9
2027-10-01,5027,1294,Japan,Hardware,7
2027-10-01,3342,1043,Japan,Training,5
2027-10-01,13423,4569,United States,Services,16
2027-10-01,8916,4169,Spain,Software,12
2027-10-01,9145,1922,Germany,Training,14
2027-10-01,3254,920,United States,Software,6
2027-10-01,4679,1729,United States,Training,6
2027-10-01,3639,758,Japan,Hardware,2
2027-10-01,10025,3881,Germany,Services,11
2027-10-01,4287,1849,United Kingdom,Hardware,1
2027-10-01,3875,1497,United States,Software,6
2027-10-01,6247,2864,Germany,Software,9
2027-10-01,2612,958,Spain,Training,7
2027-10-01,3445,1270,Japan,Software,4
2027-10-01,4185,1507,Germany,Software,7
2027-10-01,7869,3544,United States,Software,12
2027-10-01,963,244,Germany,Training,7
2027-10-01,12002,1734,Japan,Hardware,20
2027-10-01,5609,903,Germany,Services,6
2027-10-01,6324,2932,France,Software,1
2027-10-01,2497,848,Germany,Training,1
2027-10-01,3844,864,France,Hardware,8
2027-10-01,7767,1866,United States,Hardware,4
2027-10-01,2340,515,Germany,Services,2
2027-10-01,2684,650,United States,Services,1
2027-10-01,15769,3433,France,Services,15
2027-10-01,4307,1938,United States,Services,5
2027-10-01,3118,915,Japan,Services,9
2027-10-01,7807,2279,Germany,Services,11
2027-10-01,2496,582,Japan,Training,3
2027-10-01,7345,1716,United States,Services,11
2027-10-01,1498,308,United States,Training,1
2027-10-01,16465,5768,Japan,Hardware,23
2027-10-01,3958,911,United States,Software,7
2027-10-01,778,215,Spain,Training,1
2027-10-01,7389,778,Japan,Hardware,14
2027-10-01,1874,787,United States,Software,3
2027-10-01,4329,1045,United Kingdom,Hardware,4
2027-10-01,2473,917,United States,Services,5
2027-10-01,11965,2605,Spain,Hardware,12
2027-10-01,5488,1516,United Kingdom,Services,12
2027-10-01,14792,2751,Germany,Hardware,19
2027-10-01,4009,1445,Germany,Software,3
2027-10-01,4168,1640,Spain,Training,1
2027-10-01,10818,3966,United States,Hardware,14
2027-10-01,5349,1397,France,Training,2
2027-10-01,7022,1614,United States,Software,6
2027-10-01,1520,459,Japan,Training,3
2027-10-01,4689,1373,France,Software,7
2027-10-01,6652,1513,France,Hardware,7
2027-10-01,7728,1801,United Kingdom,Hardware,10
2027-10-01,5407,2187,United States,Software,3
2027-10-01,16495,1499,United States,Hardware,22
2027-10-01,1708,894,United States,Software,3
2027-10-01,5029,1321,France,Services,3
2027-10-01,2898,688,United States,Training,3
2027-10-01,7121,1343,Germany,Hardware,12
2027-10-01,5626,2303,Japan,Software,6
2027-10-01,3197,1260,Germany,Software,3
2027-10-01,4874,1145,France,Hardware,5
2027-10-01,10788,3399,United States,Hardware,14
2027-10-01,3278,658,United States,Services,2
2027-10-01,3426,775,Germany,Services,1
2027-10-01,3926,1370,United Kingdom,Services,4
2027-10-01,5063,2017,United Kingdom,Software,1
2027-10-01,1914,617,France,Training,2
2027-10-01,22980,10614,United States,Software,28
2027-10-01,8663,3449,United States,Services,6
2027-10-01,9913,2417,Spain,Hardware,8
2027-10-01,17807,2479,United States,Hardware,13
2027-10-01,5361,2008,United States,Software,7
2027-10-01,1877,620,United States,Training,3
2027-10-01,5742,1746,Spain,Training,3
2027-10-01,6565,2410,Germany,Software,7
2027-10-01,4388,886,Japan,Services,3
2027-10-01,7670,2446,Spain,Software,5
2027-10-01,3281,915,France,Training,1
2027-10-01,3988,945,Spain,Services,6
2027-10-01,2529,928,Germany,Software,6
2027-10-01,4320,943,United States,Training,3
2027-10-01,13419,2872,Spain,Hardware,
2027-10-01,9066,1981,France,Services,10
2027-10-01,3120,562,Japan,Training,4
2027-10-01,9523,4492,United Kingdom,Software,12
2027-10-01,8000,3779,United Kingdom,Software,11
2027-10-01,6760,416,Germany,Hardware,4
2027-10-01,5521,943,France,Hardware,5
2027-10-01,8784,2003,United Kingdom,Training,4
2027-10-01,3666,1116,France,Software,7
2027-10-01,6897,1789,Japan,Training,12
2027-10-01,1845,540,Germany,Training,6
2027-10-01,2281,976,France,Software,3
2027-10-01,3617,1184,Japan,Services,6
2027-10-01,3806,722,Japan,Hardware,4
2027-10-01,14777,3325,France,Hardware,21
2027-10-01,4536,1212,Germany,Training,3
2027-10-01,14060,3987,Germany,Software,17
2027-10-01,12986,3537,Japan,Hardware,11
2027-10-01,10077,3536,United States,Services,15
2027-10-01,4926,277,Spain,Hardware,5
2027-10-01,9176,1926,Germany,Hardware,10
2027-10-01,7312,1232,United Kingdom,Hardware,9
2027-10-01,6596,1480,United Kingdom,Services,7
2027-10-01,7420,2118,United Kingdom,Software,6
2027-10-01,1556,328,Spain,Training,4
2027-10-01,5693,2579,United Kingdom,Software,5
2027-10-01,9311,3122,United States,Services,12
2027-10-01,5080,1072,Germany,Hardware,4
2027-10-01,4265,1086,United Kingdom,Training,6
2027-11-01,7975,3880,Germany,Software,7
2027-11-01,3874,1383,Germany,Services,1
2027-11-01,10557,4962,Germany,Software,15
2027-11-01,11166,3600,France,Software,15
2027-11-01,1511,353,United Kingdom,Services,3
2027-11-01,7169,1350,United States,Hardware,12
2027-11-01,3106,701,France,Training,1
2027-11-01,3343,1101,United Kingdom,Software,4
2027-11-01,3972,940,Japan,Hardware,8
2027-11-01,1476,368,United States,Services,1
2027-11-01,1204,413,France,Training,3
2027-11-01,3678,929,Spain,Training,1
2027-11-01,2855,909,France,Hardware,11
2027-11-01,5523,1069,United Kingdom,Hardware,8
2027-11-01,1996,587,Spain,Hardware,2
2027-11-01,3840,859,Germany,Training,2
2027-11-01,10812,1391,Germany,Hardware,14
2027-11-01,3476,766,Japan,Hardware,7
2027-11-01,6273,1114,United States,Hardware,5
2027-11-01,3634,783,Germany,Hardware,13
2027-11-01,8168,1987,Germany,Hardware,5
2027-11-01,2754,864,France,Hardware,1
2027-11-01,2400,799,Spain,Services,3
2027-11-01,4665,1263,Japan,Software,11
2027-11-01,5508,1857,Japan,Services,10
2027-11-01,9501,2740,United Kingdom,Services,13
2027-11-01,2926,856,Japan,Hardware,1
2027-11-01,1002,262,Japan,Services,5
2027-11-01,3001,634,Spain,Training,6
2027-11-01,5595,2591,Japan,Software,11
2027-11-01,1678,596,United States,Training,3
2027-11-01,613,157,Germany,Training,1
2027-11-01,10467,3508,United States,Software,10
2027-11-01,13254,5144,Germany,Software,21
2027-11-01,2833,960,France,Services,2
2027-11-01,4951,1071,Spain,Services,13
2027-11-01,2615,772,Japan,Training,1
2027-11-01,1298,365,Spain,Services,1
2027-11-01,783,172,United States,Training,3
2027-11-01,5019,1479,United States,Hardware,11
2027-11-01,11654,1638,United Kingdom,Hardware,12
2027-11-01,5898,2309,Germany,Software,9
2027-11-01,7170,2381,Japan,Services,10
2027-11-01,9707,2247,United States,Hardware,13
2027-11-01,2200,542,Germany,Software,1
2027-11-01,9270,3556,United Kingdom,Training,13
2027-11-01,1863,632,Spain,Services,1
2027-11-01,2886,909,Germany,Training,1
2027-11-01,2818,621,Spain,Services,3
2027-11-01,4230,2470,United Kingdom,Software,6
2027-11-01,8256,2267,Japan,Hardware,13
2027-11-01,3310,718,Germany,Training,4
2027-11-01,12200,3045,Spain,Hardware,10
2027-11-01,2961,1086,France,Software,4
2027-11-01,10113,3780,United States,Software,15
2027-11-01,2474,597,France,Services,8
2027-11-01,3715,1040,Spain,Services,8
2027-11-01,4027,1525,France,Software,5
2027-11-01,4835,883,United States,Services,3
2027-11-01,2677,425,United States,Services,1
2027-11-01,6020,602,France,Services,8
2027-11-01,2643,920,United States,Services,3
2027-11-01,3440,1219,Germany,Software,1
2027-11-01,4193,906,Spain,Hardware,4
2027-11-01,2987,747,United Kingdom,Hardware,1
2027-11-01,1935,546,Germany,Training,1
2027-11-01,2546,679,Japan,Training,1
2027-11-01,4432,1441,Germany,Services,7
2027-11-01,2992,641,France,Training,5
2027-11-01,3520,477,Spain,Training,1
2027-11-01,2342,645,United Kingdom,Training,4
2027-11-01,7224,979,United States,Services,8
2027-11-01,5734,1579,United States,Services,4
2027-11-01,5751,1524,United States,Hardware,8
2027-11-01,11295,3426,France,Hardware,14
2027-11-01,5438,1710,Japan,Services,10
2027-11-01,2074,956,United States,Software,1
2027-11-01,2039,516,Spain,Training,3
2027-11-01,4546,1100,Spain,Hardware,8
2027-11-01,3483,846,Japan,Training,7
2027-11-01,10067,458,Spain,Hardware,9
2027-11-01,2752,691,United States,Training,3
2027-11-01,6040,1425,United States,Hardware,5
2027-11-01,11599,2805,France,Services,10
2027-11-01,8499,4419,United States,Software,7
2027-11-01,4922,1259,Spain,Software,8
2027-11-01,6422,2009,Spain,Services,7
2027-11-01,5581,1856,Germany,Services,5
2027-11-01,2223,595,Spain,Training,4
2027-11-01,1876,474,Japan,Training,4
2027-11-01,4682,599,Spain,Hardware,3
2027-11-01,1828,344,United States,Training,7
2027-11-01,6561,2079,Germany,Software,5
2027-11-01,2404,513,United States,Training,4
2027-11-01,3401,931,United States,Services,8
2027-11-01,1265,395,France,Training,1
2027-11-01,4568,845,Japan,Hardware,8
2027-11-01,9208,3052,Japan,Software,8
2027-11-01,3636,742,Japan,Training,1
2027-11-01,8377,2976,United States,Services,7
2027-11-01,2290,838,Japan,Training,3
2027-11-01,7104,2721,Germany,Software,7
2027-11-01,5707,712,Japan,Hardware,1
2027-11-01,7708,2259,United States,Hardware,9
2027-11-01,2741,534,Germany,Training,7
2027-11-01,2978,1160,Spain,Software,9
2027-11-01,11915,4169,United States,Services,20
2027-11-01,6622,2357,United Kingdom,Software,10
2027-11-01,15123,3914,United States,Hardware,12
2027-11-01,4171,594,Germany,Hardware,5
2027-11-01,1960,187,Germany,Hardware,1
2027-11-01,4474,1847,United States,Software,1
2027-11-01,1845,946,Japan,Software,6
2027-11-01,3592,1239,Spain,Training,3
2027-11-01,9104,2323,Japan,Software,8
2027-11-01,1925,599,Spain,Training,4
2027-11-01,1626,236,United States,Training,1
2027-11-01,11601,4946,United States,Software,12
2027-11-01,7296,1440,United Kingdom,Hardware,6
2027-11-01,8813,1868,United States,Hardware,7
2027-11-01,14027,2770,France,Hardware,16
2027-11-01,3727,1056,France,Training,6
2027-11-01,2192,970,France,Software,5
2027-11-01,3609,1086,Japan,Services,7
2027-11-01,2369,678,Japan,Training,4
2027-11-01,2786,738,Japan,Training,1
2027-11-01,3915,1470,Japan,Services,5
2027-11-01,3106,805,Germany,Services,5
2027-11-01,5095,1463,Japan,Software,3
2027-11-01,1169,525,United Kingdom,Training,2
2027-11-01,2393,609,United Kingdom,Training,6
2027-11-01,6840,865,United States,Hardware,10
2027-11-01,1857,705,France,Software,2
2027-11-01,4806,1381,Spain,Services,11
2027-11-01,2730,1253,United States,Services,1
2027-11-01,3375,705,United Kingdom,Hardware,4
2027-11-01,4070,1321,France,Software,3
2027-11-01,11750,3639,United States,Training,8
2027-11-01,6533,1780,United States,Hardware,4
2027-11-01,3783,578,Japan,Training,1
2027-11-01,1967,508,United Kingdom,Training,1
2027-11-01,4415,1212,Japan,Hardware,1
2027-11-01,776,236,United States,Training,1
2027-11-01,4385,1492,Germany,Services,1
2027-11-01,3336,548,Japan,Training,6
2027-11-01,6388,2138,United States,Services,9
2027-11-01,5353,535,United Kingdom,Hardware,10
2027-11-01,4322,1356,Spain,Services,8
2027-11-01,5815,1085,Germany,Hardware,1
2027-11-01,1487,444,Japan,Training,1
2027-11-01,1066,216,Japan,Training,6
2027-11-01,2771,545,Spain,Training,5
2027-11-01,4437,1454,United Kingdom,Services,3
2027-11-01,4960,2034,Spain,Software,6
2027-11-01,3786,1562,United States,Services,2
2027-11-01,10935,2540,United Kingdom,Hardware,16
2027-11-01,5824,1300,Japan,Hardware,5
2027-11-01,5254,908,Japan,Hardware,4
2027-11-01,6496,2986,United Kingdom,Services,10
2027-11-01,4527,993,France,Hardware,7
2027-11-01,3532,1370,United Kingdom,Software,6
2027-11-01,7058,2327,United States,Services,5
2027-11-01,7358,3313,Japan,Software,13
2027-11-01,4776,1748,France,Software,10
2027-11-01,4508,1118,United States,Services,6
2027-11-01,2474,688,France,Services,8
2027-11-01,785,269,France,Services,1
2027-11-01,2009,652,Spain,Training,2
2027-11-01,3599,1419,United States,Software,4
2027-11-01,2138,831,United States,Software,1
2027-11-01,1469,634,United States,Software,5
2027-11-01,783,221,United States,Training,1
2027-11-01,5163,1997,United States,Software,1
2027-11-01,1319,397,Japan,Services,3
2027-11-01,3608,1606,Spain,Software,1
2027-11-01,2455,697,France,Services,3
2027-11-01,5455,1051,Japan,Services,4
2027-11-01,11124,5383,France,Software,14
2027-11-01,2410,837,France,Training,5
2027-11-01,11885,1962,Spain,Hardware,10
2027-11-01,10504,2793,Japan,Training,10
2027-11-01,3746,922,Germany,Software,2
2027-11-01,2882,932,Germany,Services,4
2027-11-01,2305,558,Germany,Services,10
2027-11-01,3575,1474,Germany,Software,3
2027-11-01,4370,875,United Kingdom,Hardware,6
2027-11-01,6678,3088,Japan,Software,10
2027-11-01,3343,708,United States,Services,4
2027-11-01,938,275,United States,Services,1
2027-11-01,5956,1109,Spain,Hardware,6
2027-11-01,4200,1284,United States,Services,1
2027-11-01,5163,1463,United States,Software,5
2027-11-01,5755,1379,France,Training,16
2027-11-01,11208,5059,Germany,Software,10
2027-11-01,10285,2437,Spain,Hardware,10
2027-11-01,8868,1419,Spain,Hardware,12
2027-11-01,5231,1145,Japan,Training,4
2027-11-01,2353,545,United Kingdom,Hardware,1
2027-11-01,16635,4575,United Kingdom,Services,20
2027-11-01,2378,759,United Kingdom,Services,4
2027-11-01,1545,495,United States,Software,
2027-11-01,9990,4112,United States,Services,15
2027-11-01,6193,1956,United States,Software,6
2027-11-01,2710,766,Japan,Hardware,6
2027-11-01,1473,408,France,Training,1
2027-11-01,4133,1629,United Kingdom,Software,8
2027-11-01,13788,2855,United States,Hardware,
2027-11-01,3275,1230,United States,Software,7
2027-11-01,6413,2581,Spain,Software,6
2027-11-01,3786,934,Japan,Training,5
2027-11-01,1629,370,France,Services,3
2027-11-01,5640,1460,United States,Services,7
2027-11-01,7739,1884,France,Hardware,10
2027-11-01,4065,1334,United States,Software,2
2027-11-01,3653,922,Spain,Services,1
2027-11-01,4026,2075,United States,Software,7
2027-11-01,1391,484,Japan,Training,1
2027-11-01,6579,1807,Germany,Hardware,8
2027-11-01,3359,843,United States,Services,8
2027-11-01,5296,1011,United States,Services,5
2027-11-01,1257,254,United States,Hardware,1
2027-11-01,5403,2372,France,Software,7
2027-11-01,7696,2776,Spain,Software,10
2027-11-01,3376,1419,United States,Software,3
2027-11-01,1493,163,Japan,Training,1
2027-11-01,3951,1001,United States,Training,10
2027-11-01,4068,874,Germany,Hardware,1
2027-11-01,2513,966,Japan,Services,1
2027-11-01,7607,3598,France,Software,7
2027-11-01,2411,1148,Japan,Software,4
2027-11-01,1860,471,United Kingdom,Training,1
2027-11-01,3668,883,Spain,Hardware,6
2027-11-01,7914,2357,Germany,Software,8
2027-11-01,2036,585,United Kingdom,Training,1
2027-11-01,775,151,Japan,Training,3
2027-11-01,3032,733,Spain,Services,10
2027-11-01,5979,898,United Kingdom,Hardware,1
2027-11-01,1014,126,Spain,Training,6
2027-11-01,2803,803,United States,Training,1
2027-11-01,1641,538,Germany,Software,4
2027-11-01,3085,1154,United States,Software,4
2027-11-01,3094,654,United States,Training,3
2027-11-01,2838,670,Germany,Training,1
2027-11-01,3429,1828,United States,Software,4
2027-11-01,8211,1448,Germany,Hardware,9
2027-11-01,2637,786,United Kingdom,Services,5
2027-11-01,8090,2238,Germany,Services,4
2027-11-01,6519,2259,Japan,Services,6
2027-11-01,19089,5867,United Kingdom,Hardware,19
2027-11-01,2316,968,France,Software,1
2027-11-01,3065,1038,United States,Services,7
2027-11-01,3838,1271,Germany,Software,3
2027-11-01,3081,1044,France,Services,4
2027-11-01,1137,295,France,Training,1
2027-11-01,15990,5449,United States,Software,16
2027-11-01,1540,573,Spain,Services,4
2027-11-01,5327,1287,United Kingdom,Training,8
2027-11-01,8891,3514,Spain,Software,11
2027-11-01,1344,316,France,Training,5
2027-11-01,3018,729,United Kingdom,Training,5
2027-11-01,8711,4415,France,Software,8
2027-11-01,2815,890,Japan,Software,2
2027-11-01,3892,1631,United States,Software,10
2027-11-01,11645,3108,Germany,Hardware,14
2027-11-01,4836,903,United States,Hardware,10
2027-11-01,3616,534,Germany,Hardware,1
2027-11-01,20156,7523,United Kingdom,Hardware,20
2027-11-01,3125,592,United States,Hardware,3
2027-11-01,3052,442,United States,Hardware,1
2027-11-01,13415,4719,United States,Software,16
2027-11-01,7968,2348,France,Services,9
2027-11-01,3059,831,United States,Training,6
2027-11-01,5955,1380,United States,Hardware,16
2027-11-01,1181,364,Spain,Training,2
2027-11-01,5222,755,France,Services,13
2027-11-01,2544,997,France,Software,9
2027-11-01,2152,573,United States,Hardware,1
2027-11-01,3447,1575,United Kingdom,Software,1
2027-11-01,2181,700,United States,Services,2
2027-11-01,13973,4369,United States,Hardware,12
2027-11-01,1298,356,United States,Training,3
2027-11-01,2502,499,United Kingdom,Training,4
2027-11-01,3196,1327,Japan,Software,6
2027-11-01,5194,1960,Japan,Software,3
2027-11-01,6521,2462,Japan,Services,5
2027-11-01,1277,455,United States,Training,2
2027-11-01,4876,1834,Spain,Services,5
2027-11-01,3319,792,Japan,Hardware,1
2027-11-01,4668,1230,Germany,Training,1
2027-11-01,10702,4838,Japan,Software,14
2027-11-01,3309,1027,Japan,Services,3
2027-11-01,3523,903,United Kingdom,Training,3
2027-11-01,3298,619,Japan,Training,3
2027-11-01,2240,629,Spain,Training,4
2027-11-01,4635,1283,United States,Services,5
2027-11-01,3959,894,Germany,Training,3
2027-11-01,8707,1972,Spain,Training,
2027-11-01,5795,1753,Germany,Services,7
2027-11-01,7557,2734,United Kingdom,Software,6
2027-11-01,3919,1804,France,Training,5
2027-11-01,7698,1364,Spain,Hardware,8
2027-11-01,13921,2617,Japan,Hardware,10
2027-11-01,12261,5131,France,Software,11
2027-11-01,7182,1083,Spain,Hardware,2
2027-11-01,8215,2111,Spain,Training,6
2027-11-01,14024,5118,Germany,Services,17
2027-11-01,855,312,United States,Services,1
2027-11-01,7884,3339,Germany,Services,4
2027-11-01,1578,515,Germany,Training,1
2027-11-01,1271,335,Spain,Services,2
2027-11-01,3922,1160,Germany,Services,6
2027-11-01,8613,2922,United States,Software,10
2027-11-01,4076,1684,United Kingdom,Software,7
2027-11-01,1285,359,Spain,Training,1
2027-11-01,5439,1098,Japan,Services,5
2027-11-01,2280,497,United Kingdom,Services,3
2027-11-01,5433,1804,Germany,Software,5
2027-11-01,854,251,United Kingdom,Training,1
2027-11-01,8024,2898,United States,Software,5
2027-11-01,1489,326,France,Training,3
2027-11-01,5524,1212,France,Hardware,5
2027-11-01,4536,1974,United States,Software,5
2027-11-01,2138,836,United Kingdom,Services,1
2027-11-01,15560,6037,United States,Hardware,18
2027-11-01,3647,902,United States,Services,6
2027-11-01,6308,2092,France,Hardware,11
2027-11-01,6078,1766,Germany,Training,1
2027-11-01,8387,1903,Germany,Hardware,11
2027-11-01,8492,3141,United States,Software,9
2027-11-01,1448,361,United States,Services,6
2027-11-01,7200,2067,United States,Services,9
2027-11-01,1143,402,France,Services,1
2027-11-01,1918,357,France,Services,3
2027-11-01,4031,917,France,Services,11
2027-11-01,6409,1195,Japan,Hardware,4
2027-11-01,8844,2959,France,Services,14
2027-11-01,631,168,Germany,Training,2
2027-11-01,2931,735,Germany,Services,6
2027-11-01,4904,2324,United States,Software,4
2027-11-01,4264,929,France,Training,3
2027-11-01,7890,2472,France,Services,4
2027-11-01,2317,706,Spain,Training,7
2027-11-01,5744,1429,Japan,Hardware,7
2027-11-01,1012,206,Japan,Training,1
2027-11-01,703,247,United States,Training,1
2027-11-01,3186,499,Spain,Training,3
2027-11-01,5001,1055,United States,Training,4
2027-11-01,12683,2488,Spain,Hardware,14
2027-11-01,10087,2609,France,Services,17
2027-11-01,2995,624,Japan,Training,2
2027-11-01,3179,365,Japan,Training,6
2027-11-01,9492,3395,United States,Hardware,6
2027-11-01,8771,3310,Germany,Software,6
2027-11-01,1213,267,United Kingdom,Services,6
2027-11-01,3211,1009,Germany,Services,6
2027-11-01,2901,975,United States,Training,3
2027-11-01,3304,1060,France,Training,5
2027-11-01,2533,779,United States,Services,1
2027-11-01,3076,943,Japan,Software,13
2027-11-01,2706,845,United States,Services,1
2027-11-01,2034,515,United Kingdom,Software,6
2027-11-01,2603,645,United States,Training,2
2027-11-01,4256,1109,Spain,Services,1
2027-11-01,2307,656,Germany,Hardware,1
2027-11-01,7816,2067,United States,Services,10
2027-11-01,4606,1114,United Kingdom,Hardware,1
2027-11-01,12443,4567,United States,Software,18
2027-11-01,19340,4052,Germany,Hardware,24
2027-11-01,9722,2096,United States,Hardware,8
2027-11-01,2873,1105,Germany,Services,4
2027-11-01,5991,2124,Japan,Hardware,9
2027-11-01,4975,1340,Japan,Services,2
2027-11-01,3052,800,United States,Services,4
2027-11-01,2844,900,United States,Software,1
2027-11-01,9541,3768,France,Hardware,11
2027-11-01,2251,554,United States,Hardware,2
2027-11-01,7759,2967,Germany,Software,9
2027-11-01,2430,616,United States,Training,6
2027-11-01,6401,1669,Germany,Training,9
2027-11-01,9639,3418,Germany,Hardware,12
2027-11-01,4011,1635,France,Software,3
2027-11-01,11569,2130,France,Hardware,12
2027-11-01,4570,865,Japan,Hardware,1
2027-11-01,6228,1280,France,Services,6
2027-11-01,2372,461,Japan,Training,1
2027-11-01,3115,534,Spain,Training,4
2027-11-01,1576,258,Spain,Hardware,3
2027-11-01,5939,1682,France,Software,7
2027-11-01,7010,2066,United Kingdom,Hardware,8
2027-11-01,3859,905,Spain,Services,2
2027-11-01,5408,1720,France,Services,5
2027-11-01,3639,1766,United Kingdom,Software,6
2027-11-01,2360,706,United States,Training,1
2027-11-01,9931,2412,United Kingdom,Software,16
2027-11-01,4067,1084,Japan,Hardware,8
2027-11-01,20593,3453,United States,Hardware,19
2027-11-01,1287,206,United States,Training,1
2027-11-01,4571,1765,United States,Software,4
2027-11-01,11983,2328,France,Hardware,9
2027-11-01,17020,5747,Japan,Services,23
2027-12-01,1292,370,United States,Training,2
2027-12-01,1035,348,United States,Training,1
2027-12-01,5007,1665,Germany,Services,1
2027-12-01,3232,710,United States,Services,12
2027-12-01,15200,1719,Japan,Hardware,17
2027-12-01,2983,980,Germany,Training,3
2027-12-01,2359,404,United Kingdom,Training,6
2027-12-01,913,233,United States,Training,4
2027-12-01,3778,1067,Germany,Training,5
2027-12-01,1960,818,Japan,Software,1
2027-12-01,3620,847,United States,Services,1
2027-12-01,1517,456,France,Training,4
2027-12-01,2026,698,United States,Training,5
2027-12-01,3207,983,United States,Services,6
2027-12-01,4952,2040,France,Services,8
2027-12-01,4785,2384,United States,Software,8
2027-12-01,1701,744,France,Services,4
2027-12-01,5771,2235,United States,Software,6
2027-12-01,3743,802,Japan,Hardware,1
2027-12-01,1458,438,Spain,Hardware,1
2027-12-01,4652,805,France,Hardware,4
2027-12-01,2772,548,France,Training,6
2027-12-01,1430,341,United States,Services,4
2027-12-01,14504,5265,Japan,Software,14
2027-12-01,1744,474,France,Training,3
2027-12-01,2816,917,France,Software,3
2027-12-01,4016,1896,Germany,Hardware,9
2027-12-01,2056,838,United Kingdom,Services,2
2027-12-01,7502,3334,France,Software,9
2027-12-01,1806,531,United Kingdom,Training,1
2027-12-01,1374,574,Spain,Training,5
2027-12-01,6066,1641,United States,Services,2
2027-12-01,948,225,United States,Services,4
2027-12-01,5380,2549,Germany,Software,10
2027-12-01,2230,744,Spain,Training,4
2027-12-01,1372,291,Spain,Training,1
2027-12-01,3560,872,Spain,Training,2
2027-12-01,1229,380,France,Training,1
2027-12-01,12150,1474,Germany,Hardware,15
2027-12-01,22789,9567,Germany,Software,25
2027-12-01,4938,555,United States,Hardware,6
2027-12-01,2033,324,United States,Training,3
2027-12-01,1613,402,United Kingdom,Training,1
2027-12-01,6658,1670,United States,Hardware,6
2027-12-01,9427,1841,United Kingdom,Hardware,11
2027-12-01,5312,2798,Japan,Software,5
2027-12-01,2517,409,Spain,Hardware,1
2027-12-01,3904,1354,Spain,Services,4
2027-12-01,1224,404,United States,Services,2
2027-12-01,2376,1226,United States,Software,4
2027-12-01,2082,639,Germany,Software,3
2027-12-01,4124,970,France,Services,11
2027-12-01,20066,6027,France,Software,23
2027-12-01,887,247,Germany,Training,4
2027-12-01,5548,977,Germany,Training,10
2027-12-01,5617,1462,Germany,Services,7
2027-12-01,4146,1280,Spain,Services,11
2027-12-01,869,307,United Kingdom,Training,1
2027-12-01,25044,4569,France,Hardware,29
2027-12-01,8243,3907,Germany,Software,6
2027-12-01,6815,1623,United States,Hardware,4
2027-12-01,3994,841,United Kingdom,Hardware,3
2027-12-01,2002,537,Japan,Software,
2027-12-01,5130,1430,United States,Training,5
2027-12-01,3397,761,Spain,Services,5
2027-12-01,10369,2536,United States,Services,10
2027-12-01,2687,712,Japan,Hardware,2
2027-12-01,8478,3626,France,Software,5
2027-12-01,463,103,Spain,Training,1
2027-12-01,2256,639,Germany,Training,6
2027-12-01,3470,1173,United States,Software,6
2027-12-01,3446,794,Japan,Services,4
2027-12-01,2486,861,France,Software,3
2027-12-01,4401,1380,France,Software,1
2027-12-01,5822,2379,United States,Services,1
2027-12-01,7812,2048,United States,Services,4
2027-12-01,4587,489,United States,Hardware,5
2027-12-01,11351,3024,Spain,Services,14
2027-12-01,3403,846,Germany,Services,1
2027-12-01,8993,1244,United States,Hardware,11
2027-12-01,3944,1271,United States,Hardware,7
2027-12-01,1525,290,Japan,Training,3
2027-12-01,1428,286,United States,Training,1
2027-12-01,8069,2143,United States,Software,12
2027-12-01,4456,2360,Spain,Software,7
2027-12-01,2699,658,Germany,Services,1
2027-12-01,2742,1107,Germany,Software,3
2027-12-01,6983,2284,Germany,Services,6
2027-12-01,566,156,Germany,Training,1
2027-12-01,3243,889,Japan,Training,5
2027-12-01,8205,2155,United States,Hardware,6
2027-12-01,6907,1873,France,Hardware,8
2027-12-01,4542,1582,Spain,Software,1
2027-12-01,7637,1475,United States,Hardware,7
2027-12-01,1358,506,France,Training,1
2027-12-01,4817,1550,France,Training,3
2027-12-01,2324,414,United States,Hardware,1
2027-12-01,3006,1037,United States,Services,1
2027-12-01,4281,1595,Germany,Training,3
2027-12-01,2085,510,United States,Hardware,3
2027-12-01,6244,2772,France,Software,11
2027-12-01,21461,4479,United Kingdom,Hardware,26
2027-12-01,3606,1208,France,Services,6
2027-12-01,1742,378,Germany,Training,1
2027-12-01,3300,1403,Spain,Software,7
2027-12-01,2196,548,United Kingdom,Services,2
2027-12-01,2936,529,Germany,Software,3
2027-12-01,4174,1654,Spain,Services,3
2027-12-01,13045,7585,France,Software,11
2027-12-01,3322,447,Germany,Training,1
2027-12-01,26587,5045,France,Hardware,29
2027-12-01,5028,1795,Spain,Software,4
2027-12-01,866,167,France,Training,1
2027-12-01,1224,326,France,Services,1
2027-12-01,9292,2500,France,Hardware,9
2027-12-01,7956,2876,United States,Training,10
2027-12-01,2495,852,Japan,Software,1
2027-12-01,2872,705,United Kingdom,Services,5
2027-12-01,6680,2531,United States,Software,5
2027-12-01,1782,391,Germany,Training,10
2027-12-01,1867,374,Germany,Training,4
2027-12-01,3664,806,Germany,Training,4
2027-12-01,665,272,United States,Software,1
2027-12-01,1327,443,United Kingdom,Training,1
2027-12-01,1861,232,France,Training,1
2027-12-01,4559,1585,Spain,Services,4
2027-12-01,1750,596,France,Services,2
2027-12-01,695,145,United States,Training,1
2027-12-01,3043,1172,United Kingdom,Software,5
2027-12-01,5241,1758,Spain,Software,6
2027-12-01,2076,942,France,Software,1
2027-12-01,5462,1891,United States,Software,4
2027-12-01,8724,2534,United Kingdom,Hardware,9
2027-12-01,7846,2689,Spain,Services,7
2027-12-01,8971,1949,Germany,Software,13
2027-12-01,4055,1236,Japan,Training,5
2027-12-01,1915,492,France,Software,1
2027-12-01,16247,4430,Japan,Services,12
2027-12-01,2215,216,United States,Training,1
2027-12-01,6785,2273,Spain,Services,11
2027-12-01,2411,958,Germany,Services,4
2027-12-01,9679,1552,United Kingdom,Hardware,14
2027-12-01,6072,1170,Germany,Hardware,8
2027-12-01,1337,213,United States,Training,3
2027-12-01,1747,483,United Kingdom,Training,1
2027-12-01,2651,773,United Kingdom,Services,6
2027-12-01,1410,394,Germany,Training,1
2027-12-01,6319,1798,United States,Services,9
2027-12-01,3323,1069,Germany,Software,1
2027-12-01,3782,909,Japan,Hardware,4
2027-12-01,7732,2792,United States,Software,11
2027-12-01,3059,749,Japan,Hardware,6
2027-12-01,1626,436,United States,Training,1
2027-12-01,3828,1209,United States,Training,2
2027-12-01,3610,1146,United Kingdom,Software,11
2027-12-01,4052,1055,Spain,Hardware,7
2027-12-01,2649,752,United Kingdom,Training,4
2027-12-01,9179,3259,United States,Software,9
2027-12-01,2159,517,Germany,Services,1
2027-12-01,5551,2967,Spain,Software,8
2027-12-01,7577,394,Germany,Hardware,11
2027-12-01,6161,1596,Spain,Hardware,11
2027-12-01,2824,670,United Kingdom,Training,4
2027-12-01,2932,595,United States,Training,3
2027-12-01,2951,687,United States,Hardware,3
2027-12-01,10722,2024,United States,Hardware,10
2027-12-01,2917,995,Spain,Software,1
2027-12-01,4866,1503,United Kingdom,Hardware,6
2027-12-01,2104,522,United States,Training,2
2027-12-01,5957,2814,United States,Software,8
2027-12-01,7227,1338,Spain,Hardware,8
2027-12-01,745,114,Germany,Training,1
2027-12-01,891,246,Germany,Training,2
2027-12-01,2500,888,Spain,Services,2
2027-12-01,4966,1294,Japan,Hardware,6
2027-12-01,7207,2938,United States,Software,5
2027-12-01,2042,854,United States,Training,1
2027-12-01,2984,951,United States,Services,1
2027-12-01,741,131,France,Training,2
2027-12-01,1263,565,France,Software,1
2027-12-01,7283,1788,United States,Hardware,4
2027-12-01,9020,1869,Spain,Hardware,11
2027-12-01,10709,2804,Germany,Services,14
2027-12-01,2090,348,Germany,Training,2
2027-12-01,907,383,France,Software,5
2027-12-01,5109,843,United States,Hardware,4
2027-12-01,7310,305,United States,Hardware,7
2027-12-01,5525,1654,Japan,Training,11
2027-12-01,2642,887,United States,Training,6
2027-12-01,8622,2601,Japan,Services,13
2027-12-01,4677,1062,Japan,Software,8
2027-12-01,5899,1264,United States,Hardware,6
2027-12-01,3602,646,United States,Training,6
2027-12-01,8846,2137,Japan,Services,12
2027-12-01,10591,2538,Japan,Hardware,11
2027-12-01,5244,1700,United States,Training,12
2027-12-01,2578,982,United States,Services,3
2027-12-01,6812,2413,Japan,Services,2
2027-12-01,7805,3399,France,Software,5
2027-12-01,1252,347,United States,Training,7
2027-12-01,3529,804,United States,Training,9
2027-12-01,2010,497,United Kingdom,Services,2
2027-12-01,3246,729,Japan,Training,5
2027-12-01,7832,2574,United States,Services,7
2027-12-01,2291,556,Japan,Training,6
2027-12-01,1867,684,United States,Software,1
2027-12-01,1075,322,Spain,Training,2
2027-12-01,8480,2899,United Kingdom,Services,6
2027-12-01,3616,816,France,Services,3
2027-12-01,4848,2258,Japan,Software,9
2027-12-01,3286,878,United States,Software,8
2027-12-01,2099,537,United Kingdom,Services,2
2027-12-01,7455,3066,Germany,Training,12
2027-12-01,1389,313,Japan,Training,2
2027-12-01,1128,314,United States,Services,1
2027-12-01,3460,1453,United States,Services,8
2027-12-01,5867,-160,United Kingdom,Hardware,8
2027-12-01,971,274,Germany,Training,1
2027-12-01,7442,1586,France,Training,9
2027-12-01,3542,1370,Spain,Software,1
2027-12-01,11629,3147,United Kingdom,Hardware,12
2027-12-01,8018,2968,France,Services,10
2027-12-01,2019,479,Germany,Hardware,3
2027-12-01,8043,3672,Japan,Software,8
2027-12-01,4785,1430,France,Software,10
2027-12-01,13434,3505,United States,Services,14
2027-12-01,5649,2112,France,Services,10
2027-12-01,3321,1039,Germany,Training,
2027-12-01,1928,494,France,Training,1
2027-12-01,4943,1953,Spain,Services,6
2027-12-01,667,173,Germany,Training,2
2027-12-01,4574,1102,Japan,Services,7
2027-12-01,4035,261,Spain,Training,4
2027-12-01,1149,304,France,Training,1
2027-12-01,5597,1486,United States,Services,1
2027-12-01,3455,1487,Japan,Software,5
2027-12-01,13622,4763,United States,Software,15
2027-12-01,5561,1572,Germany,Services,5
2027-12-01,7158,1830,United Kingdom,Hardware,10
2027-12-01,3322,918,United States,Services,9
2027-12-01,3763,608,United Kingdom,Hardware,7
2027-12-01,5834,1460,Japan,Hardware,6
2027-12-01,5313,1599,Japan,Software,6
2027-12-01,2619,810,Germany,Hardware,1
2027-12-01,1848,558,Japan,Training,4
2027-12-01,9909,4073,Japan,Software,10
2027-12-01,9670,2894,Japan,Services,13
2027-12-01,7455,1682,Spain,Hardware,10
2027-12-01,3622,833,Germany,Services,6
2027-12-01,2100,556,Germany,Services,1
2027-12-01,19502,5736,France,Hardware,21
2027-12-01,945,242,Japan,Training,1
2027-12-01,2424,870,United Kingdom,Services,1
2027-12-01,3488,1074,Spain,Services,4
2027-12-01,4433,1122,Germany,Training,5
2027-12-01,7135,2717,Germany,Software,5
2027-12-01,10800,4178,United States,Software,9
2027-12-01,2572,599,Spain,Training,1
2027-12-01,3914,1017,Germany,Software,1
2027-12-01,7084,2033,Spain,Hardware,12
2027-12-01,2401,1303,United States,Software,2
2027-12-01,12582,4118,United Kingdom,Software,15
2027-12-01,9171,2271,Germany,Hardware,6
2027-12-01,4644,1602,France,Services,4
2027-12-01,11985,2101,United States,Hardware,17
2027-12-01,1945,742,United States,Services,2
2027-12-01,2436,762,United States,Services,3
2027-12-01,4615,1273,United States,Training,2
2027-12-01,9380,3389,United States,Software,11
2027-12-01,8952,3693,United States,Software,10
2027-12-01,4358,869,Germany,Training,7
2027-12-01,9240,3675,Japan,Software,10
2027-12-01,1776,493,Germany,Training,1
2027-12-01,5089,1996,Japan,Software,5
2027-12-01,2055,501,Japan,Services,1
2027-12-01,10150,289,France,Hardware,9
2027-12-01,11844,2180,Germany,Hardware,8
2027-12-01,12253,2477,Japan,Hardware,15
2027-12-01,3285,747,Spain,Services,3
2027-12-01,4316,1141,United States,Training,1
2027-12-01,1235,113,Japan,Training,2
2027-12-01,11866,1589,France,Hardware,14
2027-12-01,4552,978,France,Hardware,5
2027-12-01,6885,1845,Spain,Hardware,5
2027-12-01,6923,3020,France,Software,5
2027-12-01,8450,2520,United States,Hardware,10
2027-12-01,3981,877,United States,Hardware,2
2027-12-01,4443,1233,France,Hardware,11
2027-12-01,9101,2219,United States,Hardware,11
2027-12-01,4822,2117,Japan,Software,9
2027-12-01,2001,901,Germany,Software,3
2027-12-01,1828,632,United States,Training,5
2027-12-01,6944,1466,Germany,Services,12
2027-12-01,6089,2527,United States,Training,11
2027-12-01,2343,315,United States,Services,7
2027-12-01,9439,2872,Japan,Hardware,9
2027-12-01,2320,974,Spain,Services,8
2027-12-01,8791,3881,United States,Software,8
2027-12-01,4534,481,France,Hardware,2
2027-12-01,2678,714,United States,Services,2
2027-12-01,2611,754,France,Services,1
2027-12-01,4326,1600,United Kingdom,Services,5
2027-12-01,2788,582,Japan,Training,5
2027-12-01,2166,433,Spain,Software,1
2027-12-01,4498,707,Japan,Hardware,5
2027-12-01,2995,1401,Germany,Software,3
2027-12-01,2036,553,Germany,Training,2
2027-12-01,1664,578,United States,Services,1
2027-12-01,1890,301,France,Training,1
2027-12-01,2166,639,Germany,Software,1
2027-12-01,4306,1579,United States,Services,9
2027-12-01,13867,4084,France,Services,19
2027-12-01,6106,920,Germany,Hardware,3
2027-12-01,2850,681,United Kingdom,Hardware,3
2027-12-01,2685,947,Spain,Services,8
2027-12-01,13083,2704,Germany,Hardware,15
2027-12-01,7849,1232,Spain,Hardware,8
2027-12-01,1368,299,United States,Training,1
2027-12-01,1681,602,United States,Software,1
2027-12-01,5841,1261,United Kingdom,Hardware,9
2027-12-01,13024,5825,Japan,Software,20
2027-12-01,5516,2444,Germany,Software,3
2027-12-01,1730,716,United States,Software,4
2027-12-01,6023,843,France,Hardware,8
2027-12-01,3444,942,United States,Training,2
2027-12-01,4751,977,France,Hardware,5
2027-12-01,3194,1089,France,Services,9
2027-12-01,7346,2327,United Kingdom,Training,6
2027-12-01,5611,1532,Spain,Services,4
2027-12-01,2297,839,Germany,Software,9
2027-12-01,2373,733,Japan,Training,4
2027-12-01,1541,262,France,Training,1
2027-12-01,8078,2361,Germany,Hardware,11
2027-12-01,4336,1128,Spain,Services,7
2027-12-01,5689,1487,Germany,Hardware,9
2027-12-01,1542,385,United Kingdom,Training,4
2027-12-01,3757,1133,Spain,Software,1
2027-12-01,4206,1784,Japan,Software,7
2027-12-01,1667,249,United Kingdom,Training,1
2027-12-01,7119,2654,Spain,Services,10
2027-12-01,1248,344,United States,Training,6
2027-12-01,6983,2067,United States,Services,13
2027-12-01,11740,3810,United States,Software,11
2027-12-01,2275,990,United States,Software,1
2027-12-01,2599,1169,United Kingdom,Software,3
2027-12-01,12640,2599,United Kingdom,Services,11
2027-12-01,2325,648,United States,Training,2
2027-12-01,1927,629,France,Training,1
2027-12-01,2058,633,Spain,Training,4
2027-12-01,1469,408,United Kingdom,Training,4
2027-12-01,5980,1712,United Kingdom,Software,4
2027-12-01,3438,1361,France,Services,7
2027-12-01,2282,732,United Kingdom,Software,1
2027-12-01,1896,478,Japan,Training,4
2027-12-01,5619,1239,Germany,Hardware,6
2027-12-01,4410,1712,Germany,Software,5
2027-12-01,3660,1256,Germany,Software,5
2027-12-01,5556,1211,Japan,Hardware,6
2027-12-01,1924,508,Spain,Training,1
2027-12-01,3712,697,Germany,Hardware,7
2027-12-01,5101,993,Japan,Hardware,10
2027-12-01,5235,2553,France,Software,2
2027-12-01,8649,2325,Germany,Software,7
2027-12-01,1473,410,Spain,Training,1
2027-12-01,7071,2162,Spain,Software,3
2027-12-01,2285,626,United Kingdom,Software,1
2027-12-01,2601,1058,Japan,Training,1
2027-12-01,2974,690,Japan,Software,2
2027-12-01,944,309,Germany,Training,2
2027-12-01,2135,788,France,Training,1
2027-12-01,4946,1029,Germany,Hardware,1
2027-12-01,4765,1759,United Kingdom,Hardware,10
2027-12-01,1558,432,Japan,Services,1
2027-12-01,3809,727,France,Training,5
2027-12-01,4730,398,Japan,Hardware,1
2027-12-01,8982,2613,Spain,Services,12
2027-12-01,836,205,Germany,Training,1
2027-12-01,813,184,Japan,Training,2
2027-12-01,626,178,United States,Services,5
2027-12-01,2325,822,France,Training,1
2027-12-01,1901,464,France,Hardware,5
2027-12-01,5940,2604,Japan,Software,8
2027-12-01,6827,1384,Germany,Hardware,4
2027-12-01,1241,394,Japan,Services,1
2027-12-01,2271,693,United States,Services,3
2027-12-01,2379,597,Spain,Services,5
2027-12-01,3349,1233,United Kingdom,Services,1
2027-12-01,6169,1888,Spain,Services,6
2027-12-01,1413,306,Spain,Training,1
2027-12-01,6975,1541,Germany,Training,9
2027-12-01,3967,1017,Germany,Training,7
2027-12-01,2686,567,United Kingdom,Services,5
2027-12-01,7851,3221,Germany,Services,7
2027-12-01,3294,806,United States,Services,6
2027-12-01,3224,1480,United States,Software,5
2027-12-01,5977,1882,France,Services,3
2027-12-01,4370,975,France,Services,4
2027-12-01,7171,2536,United Kingdom,Services,10
2027-12-01,1985,852,Germany,Software,5
2027-12-01,2865,496,Spain,Training,2
2028-01-01,9683,2178,United States,Hardware,8
2028-01-01,4140,1454,United States,Software,3
2028-01-01,2257,873,France,Software,1
2028-01-01,10793,4578,Japan,Software,9
2028-01-01,8107,2243,United States,Hardware,8
2028-01-01,1583,399,Japan,Training,3
2028-01-01,6245,3147,United Kingdom,Software,6
2028-01-01,7636,2026,United States,Hardware,1
2028-01-01,1170,373,Spain,Training,1
2028-01-01,2103,571,Germany,Training,2
2028-01-01,7157,3313,France,Software,7
2028-01-01,5776,1717,Japan,Training,6
2028-01-01,3631,830,United States,Hardware,8
2028-01-01,2983,675,Germany,Software,7
2028-01-01,1019,407,Germany,Services,4
2028-01-01,9055,2125,Germany,Hardware,5
2028-01-01,5063,691,Germany,Hardware,6
2028-01-01,3547,828,United States,Hardware,2
2028-01-01,4736,1365,United States,Services,5
2028-01-01,2115,705,France,Training,2
2028-01-01,2789,888,United States,Hardware,1
2028-01-01,7843,2991,United Kingdom,Software,13
2028-01-01,2537,1316,Spain,Software,3
2028-01-01,4058,1260,Japan,Services,4
2028-01-01,1356,414,France,Training,1
2028-01-01,7489,2017,Germany,Services,14
2028-01-01,4766,1232,United States,Hardware,1
2028-01-01,8196,3467,United States,Software,10
2028-01-01,7395,1875,Germany,Training,8
2028-01-01,2689,744,France,Training,6
2028-01-01,6668,2264,Spain,Services,11
2028-01-01,8677,3495,France,Software,6
2028-01-01,5848,1613,United Kingdom,Hardware,2
2028-01-01,5454,1416,France,Hardware,8
2028-01-01,5196,1647,Spain,Training,3
2028-01-01,1906,573,Spain,Training,3
2028-01-01,7444,1068,Japan,Hardware,7
2028-01-01,7461,1845,Germany,Training,9
2028-01-01,8589,1840,France,Hardware,11
2028-01-01,4980,1612,United States,Software,6
2028-01-01,2192,618,Japan,Hardware,6
2028-01-01,6393,1749,United States,Hardware,8
2028-01-01,1891,157,Germany,Training,4
2028-01-01,3623,651,France,Training,3
2028-01-01,9009,3448,Japan,Training,10
2028-01-01,733,186,United States,Training,5
2028-01-01,7808,2897,Germany,Training,9
2028-01-01,2516,483,Japan,Training,1
2028-01-01,4682,989,United States,Hardware,2
2028-01-01,3368,992,Germany,Services,3
2028-01-01,6499,1726,United States,Training,6
2028-01-01,4263,1329,Japan,Hardware,1
2028-01-01,12566,2761,United States,Hardware,10
2028-01-01,6877,1437,Germany,Hardware,10
2028-01-01,29537,6194,United Kingdom,Hardware,31
2028-01-01,12850,2623,France,Services,10
2028-01-01,3790,877,Germany,Hardware,7
2028-01-01,3629,1236,United States,Software,3
2028-01-01,4591,1836,Germany,Software,4
2028-01-01,8396,1696,Germany,Hardware,12
2028-01-01,2951,1303,France,Services,1
2028-01-01,2416,354,Spain,Hardware,1
2028-01-01,3960,1321,United States,Training,1
2028-01-01,1843,624,United States,Services,3
2028-01-01,4749,1544,Japan,Software,10
2028-01-01,2682,1108,United States,Software,8
2028-01-01,5845,1718,United States,Hardware,9
2028-01-01,6160,2380,United States,Software,7
2028-01-01,10874,2133,United States,Hardware,9
2028-01-01,2420,262,Germany,Hardware,1
2028-01-01,7949,3281,France,Software,1
2028-01-01,7787,3247,United States,Software,8
2028-01-01,3666,1093,United States,Training,5
2028-01-01,2408,519,France,Training,1
2028-01-01,1785,805,Germany,Services,2
2028-01-01,4272,931,Spain,Training,5
2028-01-01,3242,1110,United Kingdom,Hardware,10
2028-01-01,327,52,Japan,Training,2
2028-01-01,3595,1630,Germany,Software,11
2028-01-01,4409,1426,Germany,Training,7
2028-01-01,2107,353,United States,Training,1
2028-01-01,1551,555,United States,Software,4
2028-01-01,15978,6419,United Kingdom,Software,19
2028-01-01,13009,4420,Spain,Hardware,20
2028-01-01,2933,792,Japan,Training,1
2028-01-01,2919,1300,Germany,Software,3
2028-01-01,12380,3994,United States,Services,14
2028-01-01,8259,1760,Japan,Hardware,12
2028-01-01,5341,2784,France,Software,8
2028-01-01,1540,544,France,Software,5
2028-01-01,18037,4306,United States,Hardware,21
2028-01-01,4794,1821,Germany,Software,7
2028-01-01,2964,1175,Japan,Software,1
2028-01-01,4145,591,Germany,Hardware,5
2028-01-01,3392,1544,Spain,Software,4
2028-01-01,7415,1661,Spain,Hardware,13
2028-01-01,6454,1932,United States,Services,6
2028-01-01,2067,362,United States,Training,4
2028-01-01,1792,389,Spain,Training,1
2028-01-01,1198,358,United States,Training,3
2028-01-01,3996,1565,United States,Software,10
2028-01-01,5670,2613,United States,Software,8
2028-01-01,7248,1704,Spain,Training,7
2028-01-01,7866,2764,United Kingdom,Services,14
2028-01-01,9985,3160,United States,Software,13
2028-01-01,10992,4221,Spain,Services,10
2028-01-01,22142,12171,United States,Software,27
2028-01-01,4482,891,United Kingdom,Services,9
2028-01-01,3450,1104,United States,Software,7
2028-01-01,4238,743,Spain,Hardware,9
2028-01-01,4059,1255,France,Services,7
2028-01-01,2018,428,United States,Services,4
2028-01-01,2162,668,United States,Services,5
2028-01-01,2292,695,France,Training,8
2028-01-01,2498,586,France,Software,4
2028-01-01,4663,2062,France,Software,1
2028-01-01,4721,1403,France,Training,2
2028-01-01,5929,2405,United States,Software,9
2028-01-01,7755,2510,United States,Training,8
2028-01-01,3470,331,Japan,Hardware,4
2028-01-01,1542,433,France,Training,1
2028-01-01,7257,2839,Germany,Software,13
2028-01-01,16295,1302,Germany,Hardware,18
2028-01-01,3664,985,United States,Services,4
2028-01-01,7067,2464,Germany,Services,6
2028-01-01,1595,318,France,Training,3
2028-01-01,1779,577,Japan,Training,1
2028-01-01,12085,3781,Japan,Hardware,11
2028-01-01,2962,662,Japan,Services,6
2028-01-01,6066,2152,United Kingdom,Software,1
2028-01-01,5541,2196,United States,Software,6
2028-01-01,2601,692,United States,Training,8
2028-01-01,9761,2368,Japan,Hardware,14
2028-01-01,35066,8715,United States,Hardware,40
2028-01-01,1845,426,France,Training,1
2028-01-01,1642,759,Germany,Software,6
2028-01-01,3101,753,Japan,Hardware,2
2028-01-01,4056,1203,Japan,Services,1
2028-01-01,1794,542,United States,Training,8
2028-01-01,9726,1855,United States,Hardware,13
2028-01-01,4623,1420,United States,Software,10
2028-01-01,4800,1847,Germany,Software,1
2028-01-01,5587,2189,Japan,Services,10
2028-01-01,1698,540,Spain,Services,2
2028-01-01,3167,978,Germany,Services,3
2028-01-01,2967,575,France,Training,6
2028-01-01,1648,760,Germany,Software,1
2028-01-01,11385,2615,United States,Hardware,12
2028-01-01,5101,1842,Japan,Services,6
2028-01-01,11006,1575,United Kingdom,Hardware,9
2028-01-01,1570,387,Japan,Services,2
2028-01-01,4530,1625,France,Services,11
2028-01-01,4299,1670,United States,Software,9
2028-01-01,6046,1382,United States,Training,9
2028-01-01,7626,1440,Spain,Hardware,5
2028-01-01,1162,211,United Kingdom,Training,1
2028-01-01,3863,654,Japan,Hardware,7
2028-01-01,3241,865,Japan,Services,1
2028-01-01,4384,1845,United States,Software,1
2028-01-01,14980,7083,Spain,Services,16
2028-01-01,14736,3478,Spain,Hardware,14
2028-01-01,3144,908,United Kingdom,Software,8
2028-01-01,3603,671,United Kingdom,Hardware,2
2028-01-01,7873,3786,France,Software,12
2028-01-01,3924,1375,Germany,Services,3
2028-01-01,1439,482,France,Training,4
2028-01-01,3383,83,Japan,Hardware,5
2028-01-01,2956,514,Germany,Training,2
2028-01-01,6459,1762,United States,Training,10
2028-01-01,6792,1876,Spain,Hardware,11
2028-01-01,8788,3130,United States,Services,9
2028-01-01,5892,1460,Japan,Software,1
2028-01-01,2384,482,Japan,Training,6
2028-01-01,3432,928,Japan,Training,2
2028-01-01,8376,1653,United States,Hardware,7
2028-01-01,7058,1680,Germany,Hardware,5
2028-01-01,2415,298,United States,Training,1
2028-01-01,4785,1022,Japan,Training,1
2028-01-01,1763,497,France,Training,9
2028-01-01,7521,1842,United States,Hardware,4
2028-01-01,10872,4100,Germany,Training,9
2028-01-01,3006,1180,Japan,Software,10
2028-01-01,5835,1710,United States,Hardware,6
2028-01-01,2296,769,United States,Services,1
2028-01-01,8539,3327,Germany,Software,8
2028-01-01,6618,1289,Spain,Software,7
2028-01-01,6801,2954,United Kingdom,Software,9
2028-01-01,1916,505,United Kingdom,Training,1
2028-01-01,7317,2614,United States,Services,8
2028-01-01,13131,2715,Germany,Hardware,17
2028-01-01,5943,2603,Spain,Software,8
2028-01-01,4966,1385,Japan,Training,2
2028-01-01,3671,1072,United States,Services,9
2028-01-01,3462,1516,Japan,Software,8
2028-01-01,6383,2584,Japan,Software,8
2028-01-01,4764,1516,Japan,Hardware,11
2028-01-01,4950,467,France,Hardware,6
2028-01-01,1347,715,United States,Software,1
2028-01-01,4318,908,United States,Services,4
2028-01-01,5208,907,United Kingdom,Hardware,9
2028-01-01,2701,522,France,Training,1
2028-01-01,5479,1410,United States,Hardware,2
2028-01-01,3948,1261,France,Software,4
2028-01-01,3328,983,United Kingdom,Training,6
2028-01-01,4753,1151,France,Hardware,4
2028-01-01,18531,5075,Spain,Hardware,27
2028-01-01,13519,4766,Germany,Software,16
2028-01-01,3497,588,United States,Training,1
2028-01-01,1537,403,United Kingdom,Training,1
2028-01-01,5679,1338,Spain,Services,12
2028-01-01,2492,555,Japan,Training,5
2028-01-01,2211,568,United States,Training,1
2028-01-01,10376,4055,United States,Software,13
2028-01-01,2805,1311,United States,Software,1
2028-01-01,4254,1282,Japan,Hardware,7
2028-01-01,2671,759,United Kingdom,Hardware,7
2028-01-01,4629,1175,France,Hardware,10
2028-01-01,3377,1248,Japan,Services,4
2028-01-01,2226,797,Spain,Software,3
2028-01-01,2026,433,United States,Training,2
2028-01-01,3754,1441,Germany,Training,3
2028-01-01,13045,2791,Japan,Services,13
2028-01-01,4515,1205,United States,Services,8
2028-01-01,2215,773,Spain,Services,5
2028-01-01,5746,2272,Germany,Software,5
2028-01-01,4031,900,Japan,Hardware,9
2028-01-01,8004,-106,France,Hardware,11
2028-01-01,2033,550,Japan,Services,6
2028-01-01,6651,1335,France,Software,15
2028-01-01,2874,892,Spain,Training,7
2028-01-01,7916,3380,Japan,Software,10
2028-01-01,5623,952,Germany,Hardware,6
2028-01-01,8575,1830,Germany,Hardware,14
2028-01-01,4357,889,United States,Hardware,6
2028-01-01,3852,1146,United States,Training,7
2028-01-01,12073,5958,United States,Software,10
2028-01-01,7216,2768,United States,Software,6
2028-01-01,15826,2116,Germany,Training,20
2028-01-01,4599,1918,Germany,Software,4
2028-01-01,1534,497,Germany,Services,1
2028-01-01,5147,2159,Germany,Software,7
2028-01-01,4580,1303,Spain,Services,6
2028-01-01,5733,1332,Japan,Hardware,5
2028-01-01,8836,1156,Germany,Hardware,9
2028-01-01,6556,1686,France,Services,10
2028-01-01,3831,810,France,Hardware,10
2028-01-01,4233,1498,United States,Software,4
2028-01-01,11093,2603,United States,Hardware,16
2028-01-01,14449,5567,United Kingdom,Hardware,15
2028-01-01,17352,4210,France,Hardware,16
2028-01-01,10061,1247,Spain,Hardware,9
2028-01-01,1754,405,United States,Training,5
2028-01-01,8885,1613,United States,Hardware,13
2028-01-01,4774,882,France,Services,5
2028-01-01,5800,1450,United Kingdom,Hardware,6
2028-01-01,9711,2727,United Kingdom,Hardware,11
2028-01-01,2587,720,Spain,Training,1
2028-01-01,1613,384,United States,Training,3
2028-01-01,1281,366,United Kingdom,Training,2
2028-01-01,5847,1285,United States,Hardware,6
2028-01-01,4299,622,United States,Training,2
2028-01-01,14816,3531,United Kingdom,Hardware,19
2028-01-01,1339,374,Germany,Training,5
2028-01-01,3394,1929,United States,Software,3
2028-01-01,7009,1760,Germany,Services,7
2028-01-01,5805,1848,United Kingdom,Services,10
2028-01-01,5882,1773,United States,Services,
2028-01-01,14038,5506,France,Services,17
2028-01-01,5709,1153,Spain,Hardware,2
2028-01-01,6969,1166,United States,Services,5
2028-01-01,3877,740,United Kingdom,Hardware,10
2028-01-01,1546,313,France,Training,3
2028-01-01,7007,1475,France,Training,7
2028-01-01,16007,382,Japan,Hardware,22
2028-01-01,3590,843,United Kingdom,Training,4
2028-01-01,3289,1286,France,Software,6
2028-01-01,3812,876,Japan,Training,1
2028-01-01,7391,2180,United States,Software,13
2028-01-01,1479,439,Japan,Training,5
2028-01-01,2444,446,Japan,Training,7
2028-01-01,27621,4192,United States,Hardware,35
2028-01-01,4452,865,Japan,Hardware,6
2028-01-01,1464,444,United States,Training,3
2028-01-01,578,158,France,Training,3
2028-01-01,1046,410,France,Training,2
2028-01-01,3002,760,Japan,Software,3
2028-01-01,8092,2264,Japan,Services,6
2028-01-01,1754,627,Japan,Software,1
2028-01-01,11436,5615,France,Software,11
2028-01-01,3913,1261,United States,Software,5
2028-01-01,9160,2276,Germany,Hardware,7
2028-01-01,2058,970,United States,Services,1
2028-01-01,3284,1050,France,Services,3
2028-01-01,2269,823,United States,Hardware,1
2028-01-01,16552,5779,Japan,Software,23
2028-01-01,7736,1792,Spain,Services,8
2028-01-01,1185,386,United States,Training,1
2028-01-01,19984,2539,Germany,Hardware,26
2028-01-01,3447,810,United States,Services,5
2028-01-01,1059,260,Japan,Training,2
2028-01-01,34039,7574,Germany,Hardware,40
2028-01-01,5686,1409,Spain,Services,5
2028-01-01,6314,1200,Japan,Hardware,7
2028-01-01,3589,578,United States,Hardware,7
2028-01-01,7848,2131,United Kingdom,Software,9
2028-01-01,4496,716,United States,Hardware,6
2028-01-01,3555,654,United Kingdom,Hardware,3
2028-01-01,6246,1404,United States,Hardware,10
2028-01-01,2727,285,Spain,Hardware,5
2028-01-01,14470,3151,Germany,Hardware,22
2028-01-01,5904,2185,United States,Software,3
2028-01-01,5045,1369,Japan,Hardware,11
2028-01-01,2350,1019,United States,Services,2
2028-01-01,3603,1477,United States,Software,4
2028-01-01,2289,617,Spain,Services,1
2028-01-01,9483,2373,United Kingdom,Services,12
2028-01-01,6200,1934,France,Services,8
2028-01-01,11556,3443,France,Hardware,11
2028-01-01,5538,2726,Spain,Services,12
2028-01-01,10960,3085,Japan,Hardware,10
2028-01-01,3729,984,France,Training,3
2028-01-01,11640,2884,United States,Hardware,10
2028-01-01,8649,920,United States,Services,9
2028-01-01,10873,3549,United States,Services,15
2028-01-01,610,189,France,Training,7
2028-01-01,5522,1703,United States,Services,9
2028-01-01,5366,1208,Germany,Services,10
2028-01-01,3253,1139,France,Software,2
2028-01-01,4132,1026,Germany,Services,6
2028-01-01,8527,2935,Spain,Services,12
2028-01-01,1902,420,United States,Training,4
2028-01-01,3255,848,United Kingdom,Services,3
2028-01-01,3617,1101,United States,Services,6
2028-01-01,4491,1243,United States,Services,8
2028-01-01,2258,692,United States,Training,8
2028-01-01,1263,393,United States,Training,2
2028-01-01,2535,542,Germany,Services,2
2028-01-01,8346,1433,United States,Hardware,7
2028-01-01,3028,752,Germany,Training,2
2028-01-01,3116,862,Germany,Hardware,1
2028-01-01,7160,2712,United States,Software,6
2028-01-01,10851,3129,Germany,Services,14
2028-01-01,1998,609,United States,Training,6
2028-01-01,15431,6843,United States,Services,19
2028-01-01,13573,2470,United States,Hardware,16
2028-01-01,11498,2330,Japan,Hardware,15
2028-01-01,3241,849,France,Training,6
2028-01-01,17528,2264,Japan,Hardware,22
2028-01-01,2968,1062,United States,Software,1
2028-01-01,12965,5253,United States,Software,15
2028-01-01,4376,828,United States,Hardware,1
2028-01-01,7130,3201,France,Software,4
2028-01-01,12473,7504,France,Software,17
2028-01-01,1597,433,France,Training,4
2028-01-01,1961,472,Japan,Training,1
2028-01-01,6498,1964,United States,Hardware,4
2028-01-01,10767,3501,United States,Services,9
2028-01-01,18720,5451,France,Software,24
2028-01-01,14897,3290,Spain,Services,12
2028-01-01,20732,6372,France,Software,28
2028-01-01,4317,1327,France,Training,6
2028-01-01,16232,7804,United States,Software,19
2028-01-01,7472,2266,Japan,Software,5
2028-01-01,1268,488,United States,Software,1
2028-01-01,3053,781,France,Services,1
2028-01-01,4472,1976,Japan,Software,8
2028-01-01,2944,1078,Germany,Services,4
2028-01-01,3541,1117,United States,Services,4
2028-01-01,2261,490,Japan,Services,3
2028-01-01,6519,1231,United Kingdom,Services,9
2028-01-01,5320,1593,United States,Services,12
2028-01-01,1379,313,Germany,Training,7
2028-01-01,836,381,United States,Software,1
2028-01-01,4189,1199,Japan,Services,9
2028-01-01,4575,564,Spain,Training,9
2028-01-01,1481,693,United States,Services,4
2028-01-01,8826,3209,Spain,Software,12
2028-01-01,5024,1940,Germany,Software,2
2028-01-01,3572,913,France,Training,7
2028-01-01,11838,2844,United States,Services,11
2028-01-01,13338,3917,Spain,Hardware,15
2028-01-01,3029,968,United States,Services,4
2028-01-01,5135,1442,Japan,Hardware,7
2028-01-01,1385,455,Japan,Training,1
2028-01-01,2480,471,United States,Training,4
2028-01-01,4449,1964,Spain,Software,6
2028-01-01,3928,1138,France,Hardware,4
2028-01-01,8992,2563,United Kingdom,Hardware,12
2028-01-01,7351,2087,Germany,Services,3
2028-01-01,4990,105,United States,Hardware,4
2028-01-01,29498,6972,Germany,Hardware,31
2028-01-01,7146,1696,United States,Hardware,4
2028-01-01,2340,694,United States,Training,1
2028-01-01,6893,2747,France,Services,11
2028-01-01,6981,993,Japan,Hardware,4
2028-01-01,1504,324,United Kingdom,Training,1
2028-01-01,5497,1584,Spain,Software,12
2028-01-01,2086,972,Germany,Services,1
2028-01-01,7642,2058,United Kingdom,Hardware,4
2028-01-01,2234,478,Japan,Services,2
2028-02-01,10674,3695,United States,Hardware,18
2028-02-01,5262,1563,Germany,Training,4
2028-02-01,2252,464,United States,Training,7
2028-02-01,5202,1209,United States,Hardware,10
2028-02-01,6044,2113,Spain,Software,4
2028-02-01,3442,874,United States,Hardware,9
2028-02-01,10665,3693,United States,Software,15
2028-02-01,4689,826,Germany,Training,6
2028-02-01,2253,545,United Kingdom,Training,6
2028-02-01,9866,2379,France,Hardware,9
2028-02-01,7932,1902,United States,Hardware,10
2028-02-01,3792,1345,Japan,Software,2
2028-02-01,4963,2041,United States,Software,5
2028-02-01,5882,981,Spain,Hardware,8
2028-02-01,13345,3677,United States,Services,13
2028-02-01,25068,4377,Japan,Hardware,26
2028-02-01,3411,1082,Germany,Training,1
2028-02-01,4179,2172,Germany,Software,5
2028-02-01,2684,631,Germany,Services,1
2028-02-01,1621,332,France,Training,6
2028-02-01,1921,464,France,Services,1
2028-02-01,7154,3893,Japan,Software,9
2028-02-01,5046,356,Germany,Hardware,1
2028-02-01,5505,1296,United Kingdom,Services,6
2028-02-01,20886,10004,United States,Software,24
2028-02-01,5281,1780,Germany,Hardware,3
2028-02-01,12149,2930,France,Hardware,14
2028-02-01,1535,379,United States,Training,1
2028-02-01,5214,1917,Japan,Services,4
2028-02-01,14230,3578,Germany,Hardware,17
2028-02-01,3225,671,Germany,Services,1
2028-02-01,13691,3275,United Kingdom,Hardware,13
2028-02-01,1090,400,Japan,Services,1
2028-02-01,7476,2363,Germany,Training,9
2028-02-01,2755,1007,United States,Services,4
2028-02-01,14091,2660,United Kingdom,Hardware,21
2028-02-01,19792,3727,Germany,Hardware,22
2028-02-01,11711,5420,United States,Software,13
2028-02-01,10902,3291,Japan,Hardware,12
2028-02-01,4196,1497,Germany,Training,6
2028-02-01,2502,991,Japan,Training,4
2028-02-01,1067,297,United Kingdom,Training,1
2028-02-01,2933,959,Germany,Training,1
2028-02-01,8189,3879,Spain,Software,7
2028-02-01,1900,500,Germany,Training,5
2028-02-01,1960,716,France,Training,1
2028-02-01,3058,894,Spain,Training,9
2028-02-01,5725,1876,United States,Services,1
2028-02-01,2557,715,United States,Training,1
2028-02-01,1614,322,France,Training,1
2028-02-01,3935,805,Germany,Software,1
2028-02-01,7633,2586,Spain,Services,4
2028-02-01,2729,1064,Germany,Services,1
2028-02-01,1396,205,Japan,Training,1
2028-02-01,4569,1529,United States,Services,7
2028-02-01,3617,1408,United States,Software,1
2028-02-01,5106,1715,Japan,Services,5
2028-02-01,3630,1341,Spain,Services,1
2028-02-01,19263,4379,Germany,Hardware,18
2028-02-01,4093,1039,United States,Training,2
2028-02-01,19441,6512,Germany,Hardware,21
2028-02-01,2167,673,United Kingdom,Services,1
2028-02-01,4186,1181,United States,Services,5
2028-02-01,5271,2294,Japan,Software,6
2028-02-01,2837,856,United Kingdom,Training,4
2028-02-01,7951,2858,Germany,Software,7
2028-02-01,3437,1262,United Kingdom,Software,1
2028-02-01,1953,663,France,Services,4
2028-02-01,8217,4069,United States,Services,3
2028-02-01,2748,388,France,Services,4
2028-02-01,6704,1268,Spain,Training,10
2028-02-01,2820,456,United States,Software,6
2028-02-01,903,220,France,Training,3
2028-02-01,1709,360,United States,Training,2
2028-02-01,7187,991,Germany,Hardware,6
2028-02-01,4281,1381,France,Training,1
2028-02-01,4973,1583,United States,Hardware,6
2028-02-01,4647,962,France,Services,3
2028-02-01,9590,3396,United States,Software,8
2028-02-01,2107,406,Germany,Training,3
2028-02-01,2677,709,United States,Hardware,4
2028-02-01,4447,1561,France,Software,2
2028-02-01,16712,7058,Germany,Hardware,18
2028-02-01,1243,436,Japan,Services,3
2028-02-01,5154,1038,Spain,Services,7
2028-02-01,1145,372,Japan,Training,1
2028-02-01,5021,1330,United States,Hardware,5
2028-02-01,1456,492,United States,Services,7
2028-02-01,7538,2247,Germany,Services,10
2028-02-01,7683,2798,United States,Software,9
2028-02-01,3308,862,Germany,Training,4
2028-02-01,5778,2267,United States,Software,8
2028-02-01,5336,1503,United States,Software,5
2028-02-01,3561,1191,France,Training,6
2028-02-01,12993,3214,United States,Hardware,20
2028-02-01,2255,751,United States,Services,1
2028-02-01,6753,2616,France,Training,6
2028-02-01,8291,653,Japan,Hardware,4
2028-02-01,7512,2102,France,Hardware,7
2028-02-01,11454,2095,United States,Hardware,14
2028-02-01,7454,3715,Germany,Software,9
2028-02-01,3026,1095,United Kingdom,Services,1
2028-02-01,6039,1915,France,Services,7
2028-02-01,6052,2007,Spain,Services,8
2028-02-01,998,456,United States,Training,1
2028-02-01,2055,341,United Kingdom,Training,2
2028-02-01,5688,1752,Japan,Services,10
2028-02-01,3379,1171,France,Services,4
2028-02-01,5052,1955,Spain,Software,2
2028-02-01,8244,2405,United Kingdom,Hardware,12
2028-02-01,2518,759,Germany,Training,1
2028-02-01,4721,1388,France,Software,
2028-02-01,2465,987,Spain,Services,3
2028-02-01,3465,1662,United States,Software,3
2028-02-01,3256,604,Japan,Hardware,2
2028-02-01,7156,2845,Japan,Software,8
2028-02-01,6629,1495,United States,Software,13
2028-02-01,14398,3407,Japan,Services,20
2028-02-01,3642,1053,Japan,Training,4
2028-02-01,6961,2641,United States,Software,6
2028-02-01,3168,1030,Germany,Software,6
2028-02-01,2791,738,Spain,Training,6
2028-02-01,3036,1058,France,Software,6
2028-02-01,2646,1156,United States,Software,3
2028-02-01,4208,1103,Japan,Training,8
2028-02-01,3046,966,France,Software,1
2028-02-01,2917,742,United States,Hardware,7
2028-02-01,3450,929,United Kingdom,Software,11
2028-02-01,3660,1097,United States,Training,1
2028-02-01,8295,3232,Germany,Software,11
2028-02-01,3526,714,United Kingdom,Services,1
2028-02-01,2254,769,Japan,Services,6
2028-02-01,4011,962,United States,Software,5
2028-02-01,13342,4450,United States,Services,12
2028-02-01,3862,717,Germany,Services,4
2028-02-01,3993,884,Germany,Hardware,10
2028-02-01,1335,325,Japan,Training,3
2028-02-01,2549,256,Japan,Hardware,1
2028-02-01,3018,1118,United States,Services,1
2028-02-01,1484,474,United States,Training,1
2028-02-01,6036,1596,United Kingdom,Services,8
2028-02-01,7106,2385,United Kingdom,Services,9
2028-02-01,2518,979,Spain,Training,9
2028-02-01,6907,2067,Spain,Services,4
2028-02-01,5261,2267,Germany,Software,5
2028-02-01,7530,1211,United States,Services,4
2028-02-01,2580,670,Spain,Training,1
2028-02-01,9877,4024,France,Software,10
2028-02-01,6190,1706,United States,Hardware,1
2028-02-01,2271,660,Japan,Training,1
2028-02-01,13361,2816,United States,Hardware,17
2028-02-01,14728,3396,Japan,Hardware,19
2028-02-01,7098,2242,Japan,Services,5
2028-02-01,3796,1227,United States,Hardware,2
2028-02-01,1547,586,United States,Training,1
2028-02-01,19894,5597,United States,Software,19
2028-02-01,3662,1543,Spain,Software,1
2028-02-01,6169,1573,Japan,Software,11
2028-02-01,2693,453,Japan,Training,5
2028-02-01,2403,952,United States,Training,4
2028-02-01,1199,370,Spain,Training,1
2028-02-01,5112,1782,Germany,Hardware,3
2028-02-01,5378,2358,United States,Software,3
2028-02-01,10656,2299,Japan,Hardware,12
2028-02-01,15357,2961,Spain,Hardware,18
2028-02-01,5579,1806,France,Services,5
2028-02-01,3772,448,Germany,Hardware,5
2028-02-01,10472,3336,Spain,Hardware,4
2028-02-01,3626,712,United States,Services,3
2028-02-01,4625,2124,France,Software,10
2028-02-01,9883,2815,United States,Hardware,10
2028-02-01,2516,406,Japan,Hardware,3
2028-02-01,4432,1787,United Kingdom,Services,7
2028-02-01,1719,491,Japan,Training,1
2028-02-01,4131,985,Germany,Training,5
2028-02-01,1792,241,United States,Training,5
2028-02-01,10834,1516,United States,Hardware,10
2028-02-01,9679,3019,France,Services,10
2028-02-01,5549,1374,United States,Services,3
2028-02-01,2942,623,Japan,Services,4
2028-02-01,5947,1612,Germany,Services,6
2028-02-01,1237,219,United States,Training,8
2028-02-01,4395,1624,United States,Software,14
2028-02-01,5323,1624,Spain,Training,7
2028-02-01,8292,2844,United Kingdom,Software,13
2028-02-01,7393,2649,Spain,Software,12
2028-02-01,1445,177,United Kingdom,Hardware,2
2028-02-01,1226,378,United States,Training,1
2028-02-01,5211,1549,Spain,Hardware,9
2028-02-01,1061,436,France,Software,1
2028-02-01,1550,530,Germany,Services,4
2028-02-01,5746,1261,France,Services,10
2028-02-01,2732,970,Spain,Services,2
2028-02-01,1594,599,Spain,Training,1
2028-02-01,1834,657,France,Training,5
2028-02-01,7904,2720,United States,Software,9
2028-02-01,6276,1079,United States,Hardware,12
2028-02-01,6200,1779,Germany,Services,4
2028-02-01,6613,2121,Germany,Software,5
2028-02-01,7746,2694,Japan,Hardware,8
2028-02-01,6705,2008,United States,Services,6
2028-02-01,3183,678,Japan,Training,6
2028-02-01,4320,963,Germany,Services,6
2028-02-01,10981,2540,Germany,Hardware,12
2028-02-01,5802,1513,Spain,Training,8
2028-02-01,6341,2334,United States,Software,6
2028-02-01,8710,1140,United States,Hardware,8
2028-02-01,3625,1176,United States,Services,3
2028-02-01,3582,1290,United States,Training,2
2028-02-01,15068,4912,Spain,Hardware,16
2028-02-01,12424,4458,United States,Software,6
2028-02-01,3101,752,Germany,Training,8
2028-02-01,6154,1402,United States,Training,9
2028-02-01,1926,670,Germany,Software,2
2028-02-01,3723,1510,Germany,Software,4
2028-02-01,2292,634,Germany,Training,5
2028-02-01,3899,676,Japan,Training,4
2028-02-01,11554,2522,United States,Training,13
2028-02-01,15301,7747,Spain,Software,16
2028-02-01,4121,1314,France,Software,1
2028-02-01,2653,82,United States,Training,4
2028-02-01,5538,1408,Japan,Software,4
2028-02-01,4020,965,United States,Training,1
2028-02-01,1342,325,United States,Services,4
2028-02-01,1413,551,Germany,Training,2
2028-02-01,6384,1983,Japan,Hardware,8
2028-02-01,8898,3088,Germany,Training,12
2028-02-01,10494,4264,Spain,Services,8
2028-02-01,6260,1684,Japan,Services,5
2028-02-01,1952,792,United States,Software,2
2028-02-01,7071,2532,Japan,Services,7
2028-02-01,5119,1472,France,Services,8
2028-02-01,10755,3182,United States,Services,9
2028-02-01,4217,1610,United States,Training,8
2028-02-01,8502,2929,Spain,Software,10
2028-02-01,5020,1495,Spain,Hardware,15
2028-02-01,7456,2167,Germany,Training,6
2028-02-01,5999,1144,Japan,Hardware,5
2028-02-01,2164,596,Spain,Services,
2028-02-01,6488,292,United Kingdom,Hardware,2
2028-02-01,5180,2235,France,Software,5
2028-02-01,2222,446,Germany,Services,3
2028-02-01,1994,687,Japan,Software,3
2028-02-01,5499,1429,Germany,Services,6
2028-02-01,2437,447,Spain,Training,6
2028-02-01,2445,684,United States,Training,1
2028-02-01,6172,1674,Japan,Services,2
2028-02-01,1517,477,Spain,Training,5
2028-02-01,6122,2457,United Kingdom,Services,13
2028-02-01,10995,1854,France,Training,14
2028-02-01,9428,3400,Germany,Hardware,14
2028-02-01,21513,6513,United States,Hardware,20
2028-02-01,4275,1152,United States,Hardware,5
2028-02-01,17413,3776,United States,Services,18
2028-02-01,7029,1870,Germany,Hardware,7
2028-02-01,8099,1935,Germany,Hardware,8
2028-02-01,4121,824,France,Hardware,7
2028-02-01,4300,664,United Kingdom,Hardware,2
2028-02-01,1623,447,Germany,Training,5
2028-02-01,4605,1158,France,Hardware,4
2028-02-01,1530,512,France,Training,2
2028-02-01,5570,1264,Spain,Training,6
2028-02-01,3181,1074,United States,Services,11
2028-02-01,1969,424,United States,Training,1
2028-02-01,15057,4226,Spain,Software,14
2028-02-01,2027,613,France,Training,1
2028-02-01,10376,2850,United States,Services,11
2028-02-01,10312,1893,Germany,Services,10
2028-02-01,3628,1275,France,Software,3
2028-02-01,3502,1115,United States,Software,1
2028-02-01,1913,629,United Kingdom,Services,1
2028-02-01,6493,2102,Japan,Hardware,7
2028-02-01,3236,651,France,Services,9
2028-02-01,6838,2191,United States,Hardware,7
2028-02-01,9502,2871,Japan,Services,12
2028-02-01,3619,944,Spain,Services,1
2028-02-01,3717,810,France,Services,1
2028-02-01,5939,2669,United Kingdom,Software,6
2028-02-01,1643,551,Japan,Software,1
2028-02-01,8132,2051,Spain,Services,13
2028-02-01,10844,3051,Spain,Hardware,10
2028-02-01,2174,466,France,Services,3
2028-02-01,4143,1170,United Kingdom,Services,11
2028-02-01,4745,1293,France,Hardware,3
2028-02-01,4676,942,United States,Hardware,5
2028-02-01,5862,963,France,Hardware,9
2028-02-01,3028,1197,Germany,Software,1
2028-02-01,4710,881,Japan,Hardware,9
2028-02-01,794,223,France,Services,1
2028-02-01,9682,1581,United Kingdom,Hardware,12
2028-02-01,6200,1393,France,Services,7
2028-02-01,7569,1571,United States,Software,11
2028-02-01,12946,2628,Germany,Hardware,15
2028-02-01,3007,705,United States,Training,1
2028-02-01,8902,2652,France,Hardware,12
2028-02-01,2510,668,Spain,Training,3
2028-02-01,10130,2009,France,Services,12
2028-02-01,1664,237,Japan,Training,2
2028-02-01,7468,2027,United States,Services,12
2028-02-01,5348,1936,Spain,Services,10
2028-02-01,1330,218,France,Services,6
2028-02-01,1244,232,Spain,Training,1
2028-02-01,5591,1283,Japan,Hardware,8
2028-02-01,2228,917,United Kingdom,Services,6
2028-02-01,16240,4188,Spain,Hardware,23
2028-02-01,4975,1492,United States,Training,1
2028-02-01,2178,360,Spain,Training,6
2028-02-01,2837,576,Germany,Services,3
2028-02-01,3782,1108,Spain,Services,4
2028-02-01,1532,375,United Kingdom,Training,1
2028-02-01,2737,777,Spain,Hardware,2
2028-02-01,7226,2325,United States,Hardware,9
2028-02-01,8361,2210,Japan,Training,11
2028-02-01,2940,942,France,Training,6
2028-02-01,3322,1093,United Kingdom,Software,1
2028-02-01,3651,1123,United Kingdom,Training,6
2028-02-01,3496,1439,United States,Services,8
2028-02-01,6910,690,United Kingdom,Hardware,3
2028-02-01,3138,839,Germany,Training,9
2028-02-01,1039,304,United States,Training,3
2028-02-01,4859,1434,United Kingdom,Services,10
2028-02-01,4539,1834,Japan,Software,1
2028-02-01,3263,861,United States,Training,3
2028-02-01,4784,1331,Germany,Software,3
2028-02-01,7111,1923,Spain,Services,9
2028-02-01,4258,595,Germany,Hardware,3
2028-02-01,9268,2110,United States,Hardware,11
2028-02-01,393,128,United States,Training,3
2028-02-01,4252,1253,France,Services,3
2028-02-01,5720,2470,Germany,Training,5
2028-02-01,5357,1296,Japan,Hardware,2
2028-02-01,4358,1263,Japan,Software,7
2028-02-01,1860,432,United Kingdom,Training,2
2028-02-01,928,380,Germany,Services,1
2028-02-01,6188,1933,Spain,Software,14
2028-02-01,8260,2279,United States,Software,11
2028-02-01,2419,267,France,Hardware,1
2028-02-01,3786,791,Germany,Training,5
2028-02-01,8239,2941,France,Software,6
2028-02-01,6864,2628,Germany,Hardware,14
2028-02-01,3896,613,France,Training,1
2028-02-01,2214,569,Germany,Training,1
2028-02-01,4156,1006,Germany,Training,6
2028-02-01,7604,1508,Spain,Hardware,7
2028-02-01,3625,927,United States,Training,6
2028-02-01,3326,530,Germany,Training,6
2028-02-01,15395,1937,Germany,Hardware,20
2028-02-01,4909,990,Germany,Hardware,8
2028-02-01,4183,1187,Germany,Services,1
2028-02-01,12238,5225,Japan,Software,17
2028-02-01,1684,730,Japan,Software,2
2028-02-01,2037,566,United Kingdom,Training,3
2028-02-01,9727,2620,United States,Software,17
2028-02-01,9253,1895,Japan,Hardware,9
2028-02-01,3965,774,France,Hardware,3
2028-02-01,2341,1101,France,Services,2
2028-02-01,1123,83,France,Services,1
2028-02-01,6283,2311,Germany,Software,6
2028-02-01,4027,1670,United States,Software,4
2028-02-01,3280,954,Japan,Services,1
2028-02-01,7362,3325,France,Software,10
2028-02-01,16248,4043,France,Hardware,16
2028-02-01,8151,2587,Japan,Services,10
2028-02-01,3919,1455,Germany,Services,8
2028-02-01,9317,3520,Spain,Software,9
2028-02-01,7035,1754,Japan,Hardware,6
2028-02-01,2950,534,Spain,Hardware,2
2028-02-01,4243,1377,Spain,Services,5
2028-02-01,6147,1761,Japan,Services,9
2028-02-01,6772,888,United States,Hardware,6
2028-02-01,8614,984,Spain,Hardware,12
2028-02-01,2300,1055,United States,Software,1
2028-02-01,16643,3127,Japan,Hardware,19
2028-02-01,6849,1519,Japan,Hardware,7
2028-02-01,16493,2690,Japan,Services,21
2028-02-01,8795,3154,Japan,Software,7
2028-02-01,2278,700,United States,Services,3
2028-02-01,5699,1820,Germany,Services,8
2028-02-01,9381,2090,Japan,Hardware,11
2028-02-01,9075,3446,United Kingdom,Software,11
2028-02-01,5707,1483,United States,Training,3
2028-02-01,5392,1829,United States,Hardware,
2028-02-01,966,236,United States,Training,6
2028-02-01,10428,4525,United States,Services,12
2028-02-01,4549,1266,United States,Hardware,7
2028-02-01,9244,1842,Spain,Hardware,8
2028-02-01,9979,1817,United Kingdom,Hardware,13
2028-02-01,2609,870,Germany,Services,9
2028-02-01,11449,3089,United States,Software,15
2028-02-01,1354,480,France,Software,2
2028-02-01,14531,2718,Germany,Hardware,18
2028-02-01,4152,1204,Germany,Training,3
2028-02-01,13526,4155,Japan,Services,9
2028-02-01,9605,3492,Germany,Software,11
2028-02-01,2445,336,Japan,Training,2
2028-02-01,6652,2236,Japan,Services,7
2028-02-01,13113,2507,Spain,Hardware,16
2028-02-01,3719,1329,Germany,Training,6
2028-02-01,2854,1268,United States,Software,6
2028-02-01,1142,188,United States,Training,1
2028-03-01,2530,369,Japan,Training,5
2028-03-01,6088,3012,United States,Software,5
2028-03-01,9873,2667,United Kingdom,Hardware,11
2028-03-01,8567,2616,Japan,Services,7
2028-03-01,2966,924,France,Software,5
2028-03-01,14030,2994,France,Hardware,15
2028-03-01,25763,5735,United States,Hardware,28
2028-03-01,2350,372,Spain,Training,1
2028-03-01,3995,595,United States,Training,10
2028-03-01,2378,876,Germany,Services,6
2028-03-01,3042,834,United States,Hardware,4
2028-03-01,6662,2767,United States,Software,7
2028-03-01,7971,1850,Japan,Hardware,9
2028-03-01,7673,1570,United States,Hardware,8
2028-03-01,6547,1377,Japan,Services,5
2028-03-01,1588,549,United States,Software,7
2028-03-01,6062,1926,Spain,Training,4
2028-03-01,8337,1969,United States,Hardware,11
2028-03-01,6433,2476,United States,Software,6
2028-03-01,2525,583,Spain,Hardware,1
2028-03-01,10755,2809,Japan,Hardware,12
2028-03-01,4773,932,France,Services,3
2028-03-01,8707,1673,United Kingdom,Hardware,16
2028-03-01,5679,1483,United States,Software,7
2028-03-01,6596,2391,Japan,Hardware,9
2028-03-01,5532,1719,United Kingdom,Hardware,7
2028-03-01,4952,1330,United Kingdom,Software,1
2028-03-01,8867,885,France,Hardware,14
2028-03-01,4898,1147,Spain,Hardware,14
2028-03-01,11520,1812,Spain,Hardware,13
2028-03-01,5214,1100,United Kingdom,Services,5
2028-03-01,5653,1994,United Kingdom,Training,5
2028-03-01,6234,1832,France,Hardware,6
2028-03-01,3156,799,France,Hardware,4
2028-03-01,6465,1779,Spain,Training,9
2028-03-01,27157,3174,United States,Hardware,31
2028-03-01,8232,2006,Spain,Hardware,9
2028-03-01,10023,2620,Japan,Services,12
2028-03-01,15205,4829,France,Hardware,
2028-03-01,4254,1775,United States,Software,7
2028-03-01,10343,1939,United Kingdom,Hardware,13
2028-03-01,7589,1319,France,Hardware,10
2028-03-01,3013,958,United States,Training,6
2028-03-01,2601,1142,Germany,Software,1
2028-03-01,12092,2518,Japan,Hardware,11
2028-03-01,5629,909,United States,Training,7
2028-03-01,10973,2062,United States,Hardware,15
2028-03-01,7353,1859,Japan,Services,7
2028-03-01,8027,2027,Germany,Hardware,7
2028-03-01,1990,567,United States,Training,3
2028-03-01,7927,2516,Germany,Training,6
2028-03-01,7209,3193,Spain,Software,9
2028-03-01,6926,2561,Germany,Training,10
2028-03-01,2589,1091,United States,Software,5
2028-03-01,1583,705,Spain,Software,1
2028-03-01,3908,829,United States,Training,1
2028-03-01,3877,940,United States,Services,5
2028-03-01,3892,1049,United States,Services,5
2028-03-01,3046,1145,Spain,Software,1
2028-03-01,4566,2549,Germany,Software,7
2028-03-01,1949,509,Spain,Training,1
2028-03-01,5343,1378,Germany,Services,5
2028-03-01,1026,296,United States,Training,7
2028-03-01,4922,1625,United States,Hardware,1
2028-03-01,6511,1754,United States,Services,11
2028-03-01,2465,1108,United Kingdom,Software,3
2028-03-01,8838,1305,United Kingdom,Hardware,7
2028-03-01,4504,1190,United States,Services,7
2028-03-01,1421,333,France,Services,2
2028-03-01,7909,2339,Germany,Training,5
2028-03-01,34615,5432,Spain,Services,43
2028-03-01,2540,744,France,Training,4
2028-03-01,4654,1424,United States,Training,5
2028-03-01,615,277,France,Software,4
2028-03-01,5358,1490,United Kingdom,Services,1
2028-03-01,9437,2339,Spain,Hardware,11
2028-03-01,9203,1681,Germany,Services,18
2028-03-01,3046,898,United States,Services,1
2028-03-01,3087,1326,Japan,Software,1
2028-03-01,6119,2320,France,Services,9
2028-03-01,2596,789,United States,Software,4
2028-03-01,7303,2313,Spain,Software,3
2028-03-01,1666,492,Germany,Services,5
2028-03-01,8027,2870,Spain,Software,11
2028-03-01,3065,1000,United States,Services,1
2028-03-01,6491,2231,France,Software,5
2028-03-01,6529,2457,United Kingdom,Software,10
2028-03-01,2832,784,France,Training,1
2028-03-01,19033,7467,Spain,Software,23
2028-03-01,3633,881,Germany,Training,6
2028-03-01,2715,937,Japan,Software,4
2028-03-01,4890,1409,Japan,Services,7
2028-03-01,13141,3239,France,Hardware,21
2028-03-01,8340,1485,United States,Hardware,2
2028-03-01,4128,1962,France,Software,5
2028-03-01,12618,3734,France,Hardware,
2028-03-01,1052,274,France,Training,1
2028-03-01,11836,2500,Germany,Hardware,13
2028-03-01,5273,2412,France,Software,4
2028-03-01,20413,8995,Japan,Software,19
2028-03-01,3255,872,Germany,Training,4
2028-03-01,8161,2725,Japan,Software,3
2028-03-01,4053,1008,France,Services,1
2028-03-01,6876,2548,United States,Training,7
2028-03-01,2131,587,France,Training,5
2028-03-01,742,120,France,Hardware,1
2028-03-01,14400,3484,France,Software,14
2028-03-01,3542,882,Japan,Training,6
2028-03-01,8641,2964,France,Services,8
2028-03-01,3300,1202,United Kingdom,Training,8
2028-03-01,3403,1926,Spain,Software,3
2028-03-01,4391,1217,France,Hardware,7
2028-03-01,7900,900,United Kingdom,Hardware,2
2028-03-01,5495,1119,Spain,Hardware,6
2028-03-01,5075,2496,Japan,Software,3
2028-03-01,6482,2388,Germany,Services,5
2028-03-01,3952,1591,Spain,Software,3
2028-03-01,5538,1776,France,Software,8
2028-03-01,3433,708,United Kingdom,Training,4
2028-03-01,7796,3146,United States,Services,14
2028-03-01,5302,1141,Spain,Hardware,2
2028-03-01,4243,1153,France,Hardware,1
2028-03-01,2558,605,United States,Training,1
2028-03-01,12630,6561,United States,Software,16
2028-03-01,6137,1456,United States,Services,13
2028-03-01,4010,1502,Japan,Software,3
2028-03-01,6361,2171,Spain,Services,6
2028-03-01,16064,2945,Japan,Hardware,18
2028-03-01,3220,998,Japan,Training,3
2028-03-01,6244,2302,Japan,Services,2
2028-03-01,1102,294,Germany,Training,1
2028-03-01,9733,2859,United States,Hardware,12
2028-03-01,7130,3219,Japan,Software,8
2028-03-01,1575,551,United States,Software,4
2028-03-01,6714,2484,France,Services,5
2028-03-01,2410,557,United States,Services,2
2028-03-01,1261,499,United States,Training,1
2028-03-01,2126,671,United States,Training,3
2028-03-01,3017,715,France,Training,5
2028-03-01,3775,1049,United States,Training,
2028-03-01,5577,597,Spain,Training,5
2028-03-01,13648,1880,Spain,Hardware,14
2028-03-01,2442,769,United Kingdom,Software,4
2028-03-01,6995,1189,France,Services,3
2028-03-01,18855,6428,Japan,Software,22
2028-03-01,11020,2066,United States,Hardware,16
2028-03-01,3471,1103,United States,Services,1
2028-03-01,5371,2187,United States,Software,6
2028-03-01,6582,1369,Spain,Hardware,12
2028-03-01,2620,601,Germany,Services,1
2028-03-01,2589,1093,United Kingdom,Software,3
2028-03-01,1388,284,United States,Training,1
2028-03-01,6301,1305,Japan,Hardware,2
2028-03-01,6360,1525,Japan,Services,10
2028-03-01,1864,445,Spain,Training,1
2028-03-01,13945,4168,Japan,Services,12
2028-03-01,18303,2936,Japan,Services,20
2028-03-01,3823,923,United Kingdom,Training,3
2028-03-01,1561,461,United Kingdom,Hardware,4
2028-03-01,3449,803,Germany,Training,7
2028-03-01,2891,478,United States,Training,7
2028-03-01,5108,1945,Spain,Software,5
2028-03-01,4182,886,Japan,Hardware,3
2028-03-01,7826,1753,United States,Services,9
2028-03-01,9915,3304,France,Software,13
2028-03-01,4029,1310,Germany,Training,9
2028-03-01,10854,4905,France,Software,15
2028-03-01,3563,761,Spain,Hardware,4
2028-03-01,3604,1327,Spain,Software,5
2028-03-01,3531,1063,France,Training,1
2028-03-01,2389,497,United States,Hardware,1
2028-03-01,2671,627,France,Training,3
2028-03-01,6592,822,United States,Hardware,11
2028-03-01,3806,1373,Japan,Services,2
2028-03-01,6971,1802,United States,Hardware,8
2028-03-01,4128,904,United States,Hardware,6
2028-03-01,6360,1484,Japan,Hardware,5
2028-03-01,6147,1208,United States,Hardware,7
2028-03-01,11325,3556,Spain,Software,14
2028-03-01,2265,531,France,Training,3
2028-03-01,13713,3193,France,Hardware,9
2028-03-01,3371,1055,United States,Hardware,6
2028-03-01,2908,710,Japan,Hardware,1
2028-03-01,2778,523,Spain,Training,5
2028-03-01,14903,5159,United States,Software,18
2028-03-01,3193,910,United Kingdom,Training,5
2028-03-01,3674,578,United Kingdom,Training,1
2028-03-01,5152,1547,Germany,Hardware,5
2028-03-01,23879,4199,Spain,Hardware,26
2028-03-01,2836,962,United States,Services,6
2028-03-01,6649,2627,United Kingdom,Software,7
2028-03-01,3191,486,Japan,Training,10
2028-03-01,7842,1615,United States,Hardware,10
2028-03-01,4754,1766,France,Services,8
2028-03-01,1952,711,United States,Training,2
2028-03-01,14080,6862,France,Software,20
2028-03-01,8966,2995,Japan,Services,11
2028-03-01,18008,4693,Germany,Hardware,21
2028-03-01,3863,1047,Japan,Software,6
2028-03-01,5604,785,Germany,Hardware,8
2028-03-01,1285,426,Spain,Services,2
2028-03-01,21734,522,France,Hardware,28
2028-03-01,6451,669,Spain,Hardware,9
2028-03-01,3363,1063,Germany,Software,3
2028-03-01,9490,2741,United States,Services,9
2028-03-01,8048,3340,Spain,Services,11
2028-03-01,8913,2403,France,Hardware,10
2028-03-01,11341,3667,Germany,Hardware,21
2028-03-01,3158,1494,Spain,Services,1
2028-03-01,3046,1051,Germany,Services,7
2028-03-01,7079,2857,United States,Software,9
2028-03-01,4490,1256,Spain,Hardware,2
2028-03-01,5202,1607,United Kingdom,Services,6
2028-03-01,9182,2603,United Kingdom,Software,6
2028-03-01,12905,6262,Germany,Software,17
2028-03-01,1443,78,France,Training,2
2028-03-01,4353,1009,United States,Services,2
2028-03-01,5038,1649,Germany,Software,6
2028-03-01,7202,1906,United Kingdom,Services,5
2028-03-01,5831,2213,United States,Software,13
2028-03-01,4717,2032,United States,Software,1
2028-03-01,6160,1467,Japan,Hardware,12
2028-03-01,2551,798,United Kingdom,Training,1
2028-03-01,4773,933,United States,Hardware,3
2028-03-01,2797,731,Germany,Training,6
2028-03-01,2480,1128,Germany,Services,2
2028-03-01,5501,1187,Spain,Hardware,1
2028-03-01,8106,3329,Japan,Software,13
2028-03-01,4211,1689,Germany,Software,1
2028-03-01,6093,1690,United States,Software,5
2028-03-01,2895,919,United States,Services,1
2028-03-01,4334,1689,Germany,Software,10
2028-03-01,5759,2415,France,Software,1
2028-03-01,1273,368,United States,Services,3
2028-03-01,13248,4449,France,Services,16
2028-03-01,7278,2531,France,Services,6
2028-03-01,2415,796,United States,Services,1
2028-03-01,11850,2023,Japan,Hardware,8
2028-03-01,5439,1624,Germany,Services,4
2028-03-01,7264,3555,Spain,Software,9
2028-03-01,4660,400,Japan,Hardware,7
2028-03-01,2382,889,Japan,Software,1
2028-03-01,8062,3815,France,Software,9
2028-03-01,6877,1899,Japan,Software,12
2028-03-01,3544,565,United States,Hardware,2
2028-03-01,2496,775,Spain,Services,6
2028-03-01,2684,914,Japan,Software,1
2028-03-01,4330,1399,United States,Hardware,9
2028-03-01,2365,484,Spain,Software,1
2028-03-01,5394,1603,Japan,Hardware,6
2028-03-01,7216,2774,Germany,Software,7
2028-03-01,2473,1001,Japan,Software,2
2028-03-01,3142,1102,Spain,Training,7
2028-03-01,15009,2812,France,Hardware,18
2028-03-01,5126,830,Japan,Hardware,10
2028-03-01,3122,276,Spain,Hardware,8
2028-03-01,5109,2121,Spain,Software,11
2028-03-01,8651,2895,Germany,Software,2
2028-03-01,6678,3096,Japan,Services,11
2028-03-01,11272,3468,United Kingdom,Hardware,12
2028-03-01,6468,1152,United States,Training,2
2028-03-01,5210,2228,Japan,Software,3
2028-03-01,2568,955,France,Services,4
2028-03-01,4315,786,Germany,Training,4
2028-03-01,6525,380,France,Hardware,6
2028-03-01,1153,281,Japan,Training,2
2028-03-01,5900,959,Japan,Hardware,7
2028-03-01,3418,536,Japan,Training,1
2028-03-01,4895,2434,Japan,Software,6
2028-03-01,2033,870,United Kingdom,Services,5
2028-03-01,1697,735,United States,Software,3
2028-03-01,5291,1187,France,Training,2
2028-03-01,3362,1187,France,Services,7
2028-03-01,6550,1763,United Kingdom,Hardware,6
2028-03-01,11671,2564,France,Hardware,13
2028-03-01,2294,856,United Kingdom,Services,7
2028-03-01,6645,2243,Germany,Software,5
2028-03-01,9743,3218,France,Services,12
2028-03-01,3556,1016,Spain,Services,3
2028-03-01,3783,1395,Japan,Training,5
2028-03-01,11396,4293,Germany,Software,14
2028-03-01,4293,1195,United Kingdom,Training,6
2028-03-01,10398,2141,Japan,Training,12
2028-03-01,15243,4577,Japan,Software,16
2028-03-01,3263,1327,United States,Software,3
2028-03-01,6039,2405,Germany,Software,4
2028-03-01,3100,856,Spain,Training,7
2028-03-01,9844,2479,United States,Software,8
2028-03-01,3616,560,Japan,Hardware,6
2028-03-01,2298,446,Germany,Training,2
2028-03-01,2691,908,Germany,Software,1
2028-03-01,6406,1515,United Kingdom,Hardware,7
2028-03-01,5423,2064,United States,Software,4
2028-03-01,2841,966,France,Services,1
2028-03-01,5011,1726,Germany,Software,5
2028-03-01,12923,3241,Spain,Hardware,15
2028-03-01,6876,1402,Germany,Hardware,5
2028-03-01,16639,2384,Japan,Hardware,14
2028-03-01,1812,541,France,Services,1
2028-03-01,4109,1193,United States,Training,1
2028-03-01,14811,3913,Germany,Software,16
2028-03-01,5036,1533,United Kingdom,Services,6
2028-03-01,7358,1840,Germany,Hardware,7
2028-03-01,993,441,Germany,Training,4
2028-03-01,5760,1915,France,Services,
2028-03-01,3670,1046,Spain,Services,1
2028-03-01,16238,5286,Japan,Hardware,16
2028-03-01,773,243,United States,Services,1
2028-03-01,6162,2092,Spain,Services,5
2028-03-01,13798,4653,United Kingdom,Training,20
2028-03-01,8970,3431,France,Software,10
2028-03-01,3919,967,United States,Hardware,5
2028-03-01,4610,1590,Spain,Training,10
2028-03-01,2644,837,France,Software,7
2028-03-01,2475,596,Spain,Training,1
2028-03-01,6857,1145,France,Training,7
2028-03-01,3039,1067,Japan,Software,5
2028-03-01,7368,2183,United Kingdom,Services,8
2028-03-01,5010,2209,United States,Software,6
2028-03-01,10392,3387,United States,Software,12
2028-03-01,2575,468,United Kingdom,Training,5
2028-03-01,14237,4391,Spain,Hardware,13
2028-03-01,1429,361,United States,Training,1
2028-03-01,1710,393,United States,Training,1
2028-03-01,4847,690,Germany,Hardware,4
2028-03-01,6502,1800,Spain,Training,6
2028-03-01,6799,1481,Germany,Hardware,12
2028-03-01,4270,1291,France,Training,10
2028-03-01,8691,2401,United Kingdom,Training,9
2028-03-01,4968,1621,Germany,Services,9
2028-03-01,5787,962,Germany,Services,8
2028-03-01,5562,1870,Japan,Services,2
2028-03-01,14912,3699,France,Hardware,18
2028-03-01,11229,4526,United Kingdom,Software,14
2028-03-01,4251,1284,Germany,Services,9
2028-03-01,4790,1633,Japan,Services,1
2028-03-01,5153,1063,Spain,Hardware,8
2028-03-01,4242,1429,United Kingdom,Services,1
2028-03-01,1677,675,France,Software,4
2028-03-01,5278,790,United Kingdom,Hardware,3
2028-03-01,2705,1185,Japan,Services,1
2028-03-01,11669,4876,France,Software,9
2028-03-01,7410,2981,Japan,Services,5
2028-03-01,1771,889,Spain,Software,2
2028-03-01,1377,489,France,Services,3
2028-03-01,3301,954,Germany,Hardware,3
2028-03-01,4813,938,Japan,Hardware,7
2028-03-01,2948,850,France,Training,5
2028-03-01,4717,1208,United Kingdom,Services,1
2028-03-01,3493,1266,United States,Training,12
2028-03-01,3121,995,France,Services,2
2028-03-01,4098,1172,United States,Training,2
2028-03-01,7618,2757,Spain,Software,14
2028-03-01,4855,999,Japan,Hardware,7
2028-03-01,5667,1116,United States,Hardware,5
2028-03-01,9728,1598,United States,Services,10
2028-03-01,5738,1234,France,Services,8
2028-03-01,1880,387,Japan,Training,1
2028-03-01,2819,1216,France,Software,4
2028-03-01,2503,1004,United States,Software,7
2028-03-01,2594,762,Germany,Training,1
2028-03-01,5276,877,France,Hardware,5
2028-03-01,5119,1358,United States,Services,6
2028-03-01,6570,2035,United States,Services,16
2028-03-01,4700,1736,France,Software,2
2028-03-01,2227,824,Japan,Software,1
2028-03-01,4737,957,France,Hardware,5
2028-03-01,8900,2560,Japan,Training,13
2028-03-01,3457,493,United States,Training,3
2028-03-01,12042,3086,United States,Software,16
2028-03-01,4343,1207,France,Services,11
2028-03-01,6033,1998,Germany,Services,9
2028-03-01,3422,1435,France,Software,6
2028-03-01,6201,1908,United States,Software,7
2028-03-01,17888,3609,Germany,Hardware,14
2028-03-01,17019,5940,Germany,Software,22
2028-03-01,4327,1851,Spain,Software,10
2028-03-01,3372,511,United Kingdom,Training,11
2028-03-01,12710,2081,Japan,Hardware,14
2028-03-01,7455,1425,Spain,Hardware,9
2028-03-01,2662,545,Japan,Services,3
2028-03-01,6781,1371,Germany,Training,11
2028-03-01,6168,1421,United States,Hardware,5
2028-03-01,14589,4805,Germany,Services,15
2028-03-01,3569,1659,United States,Software,1
2028-03-01,6400,2856,Germany,Software,8
2028-03-01,5690,2021,Spain,Hardware,4
2028-03-01,3036,700,Germany,Training,2
2028-03-01,7373,2447,United States,Services,11
2028-03-01,3640,1125,United States,Hardware,1
2028-03-01,7164,2568,Spain,Software,6
2028-03-01,2300,806,United Kingdom,Services,3
2028-03-01,2287,500,France,Training,4
2028-03-01,4734,1190,United Kingdom,Services,1
2028-03-01,3240,391,Spain,Hardware,1
2028-03-01,3186,950,Germany,Services,2
2028-03-01,1962,499,United States,Services,1
2028-03-01,6697,2709,Spain,Software,9
2028-03-01,680,220,Germany,Training,1
2028-03-01,3428,1126,Germany,Services,6
2028-04-01,4810,1547,Germany,Training,3
2028-04-01,3491,823,Germany,Training,3
2028-04-01,3981,1677,Japan,Software,2
2028-04-01,6307,1185,Spain,Hardware,6
2028-04-01,4327,1506,Germany,Software,3
2028-04-01,1582,454,Spain,Training,8
2028-04-01,24736,7319,Japan,Services,31
2028-04-01,16185,1586,United States,Hardware,20
2028-04-01,8855,2284,France,Services,12
2028-04-01,5563,1955,United Kingdom,Software,6
2028-04-01,9743,1649,United States,Hardware,
2028-04-01,2255,893,United States,Software,1
2028-04-01,4707,726,Germany,Hardware,3
2028-04-01,6012,1723,Japan,Services,8
2028-04-01,2530,1087,Japan,Services,5
2028-04-01,4805,2680,United States,Software,3
2028-04-01,7954,969,Spain,Hardware,2
2028-04-01,14287,3959,Spain,Hardware,16
2028-04-01,15375,4315,Germany,Software,24
2028-04-01,5029,1396,Spain,Services,6
2028-04-01,3183,667,Germany,Services,7
2028-04-01,9132,1912,Japan,Services,13
2028-04-01,8533,2038,United States,Hardware,11
2028-04-01,19672,5204,United States,Hardware,22
2028-04-01,4406,1736,Spain,Training,4
2028-04-01,13455,2752,France,Hardware,12
2028-04-01,8034,2715,United States,Software,12
2028-04-01,6089,1652,United States,Services,4
2028-04-01,5981,643,Germany,Hardware,14
2028-04-01,2540,334,Spain,Hardware,4
2028-04-01,3830,938,United States,Services,6
2028-04-01,2923,1024,United Kingdom,Software,1
2028-04-01,5048,1352,Germany,Training,5
2028-04-01,2303,286,Germany,Training,2
2028-04-01,8059,2751,Germany,Software,9
2028-04-01,5012,1661,United States,Services,8
2028-04-01,19605,4770,France,Software,23
2028-04-01,2633,551,Japan,Services,
2028-04-01,2113,498,Japan,Training,1
2028-04-01,5031,1218,Japan,Hardware,6
2028-04-01,3463,996,Spain,Training,3
2028-04-01,2360,306,United Kingdom,Training,1
2028-04-01,2914,750,United States,Training,2
2028-04-01,3351,474,United States,Training,4
2028-04-01,1337,261,France,Training,1
2028-04-01,15075,5574,Spain,Software,19
2028-04-01,2829,1132,France,Software,1
2028-04-01,2609,1145,France,Services,1
2028-04-01,13188,2517,United States,Hardware,19
2028-04-01,15696,8666,France,Software,13
2028-04-01,23020,8517,Japan,Software,21
2028-04-01,2788,928,Germany,Services,8
2028-04-01,27397,6879,Japan,Hardware,35
2028-04-01,10308,3103,Japan,Services,8
2028-04-01,8655,3723,United States,Software,6
2028-04-01,18365,3749,United Kingdom,Hardware,20
2028-04-01,5867,1332,United States,Services,7
2028-04-01,11415,3067,Japan,Hardware,13
2028-04-01,3633,967,United States,Training,1
2028-04-01,2792,548,France,Services,5
2028-04-01,6550,2032,Spain,Services,4
2028-04-01,3468,745,Japan,Services,7
2028-04-01,13862,1973,Germany,Hardware,15
2028-04-01,2292,617,Japan,Training,
2028-04-01,7554,2482,Germany,Services,9
2028-04-01,333,105,United States,Training,3
2028-04-01,5663,2004,United States,Services,6
2028-04-01,5361,1288,Germany,Hardware,11
2028-04-01,6142,1863,United States,Services,8
2028-04-01,6087,783,Germany,Hardware,1
2028-04-01,15041,7108,United States,Software,13
2028-04-01,6590,1888,Spain,Training,5
2028-04-01,3949,857,United States,Training,13
2028-04-01,4692,1379,Spain,Services,7
2028-04-01,7245,1598,United States,Hardware,10
2028-04-01,6852,1433,Japan,Hardware,8
2028-04-01,5073,1580,Japan,Hardware,8
2028-04-01,7132,1808,United States,Hardware,9
2028-04-01,11915,2797,United States,Services,13
2028-04-01,5620,1959,Spain,Software,8
2028-04-01,1752,548,France,Training,1
2028-04-01,3161,881,United States,Training,5
2028-04-01,3350,1267,Spain,Services,4
2028-04-01,8349,3419,United Kingdom,Software,8
2028-04-01,7799,2221,United States,Hardware,6
2028-04-01,2588,609,United States,Training,2
2028-04-01,10739,2987,Spain,Hardware,4
2028-04-01,3059,331,United Kingdom,Training,1
2028-04-01,5309,1525,France,Software,5
2028-04-01,7431,2859,United States,Software,16
2028-04-01,5156,1314,Germany,Training,6
2028-04-01,3035,897,United States,Training,1
2028-04-01,7348,2742,Spain,Software,9
2028-04-01,3432,1425,Japan,Software,6
2028-04-01,7104,3087,Spain,Software,6
2028-04-01,5924,1320,United States,Hardware,9
2028-04-01,6717,2400,Spain,Software,6
2028-04-01,19717,4460,Spain,Services,24
2028-04-01,4082,1336,France,Hardware,6
2028-04-01,2950,543,Spain,Services,1
2028-04-01,8607,1756,Germany,Hardware,
2028-04-01,4391,946,United States,Services,7
2028-04-01,4192,1175,United States,Hardware,5
2028-04-01,4226,1548,United States,Software,5
2028-04-01,3631,1251,United States,Training,1
2028-04-01,5697,2399,Spain,Software,5
2028-04-01,12131,4189,Spain,Software,17
2028-04-01,11263,3008,France,Hardware,15
2028-04-01,1110,311,Spain,Training,1
2028-04-01,11267,4119,France,Software,8
2028-04-01,3524,1045,United Kingdom,Software,9
2028-04-01,7755,3969,Japan,Software,11
2028-04-01,6411,1810,France,Software,12
2028-04-01,9512,2335,Spain,Services,11
2028-04-01,4806,1859,Japan,Software,5
2028-04-01,8244,1532,Japan,Software,6
2028-04-01,2403,705,United States,Training,3
2028-04-01,5212,535,United States,Hardware,5
2028-04-01,3660,809,Japan,Training,6
2028-04-01,1064,377,Spain,Software,1
2028-04-01,7715,2408,France,Software,17
2028-04-01,8446,3050,Germany,Hardware,4
2028-04-01,6582,1855,United States,Software,8
2028-04-01,11723,2400,Japan,Hardware,16
2028-04-01,2303,762,United States,Services,1
2028-04-01,2980,901,Japan,Software,6
2028-04-01,5242,2464,United Kingdom,Software,13
2028-04-01,5643,1636,Germany,Services,10
2028-04-01,8341,3157,Germany,Software,7
2028-04-01,7400,2091,United Kingdom,Hardware,11
2028-04-01,11854,4275,France,Software,13
2028-04-01,23753,6855,Germany,Hardware,24
2028-04-01,4138,1036,Spain,Training,
2028-04-01,4381,944,Germany,Training,7
2028-04-01,8469,3890,United Kingdom,Software,11
2028-04-01,4441,1471,United States,Services,11
2028-04-01,2934,915,United States,Training,5
2028-04-01,7985,2566,United States,Software,8
2028-04-01,15722,2474,Spain,Hardware,18
2028-04-01,3713,927,United States,Hardware,9
2028-04-01,11422,3011,United Kingdom,Hardware,15
2028-04-01,23662,5019,United States,Hardware,23
2028-04-01,2924,1009,United Kingdom,Services,2
2028-04-01,6171,2649,United Kingdom,Software,10
2028-04-01,12826,3566,United States,Hardware,13
2028-04-01,6317,2333,United States,Training,3
2028-04-01,1242,200,Japan,Training,
2028-04-01,3904,1495,France,Services,7
2028-04-01,2097,517,France,Services,3
2028-04-01,8469,1468,Japan,Services,7
2028-04-01,5349,2250,United States,Services,8
2028-04-01,18758,3558,United States,Hardware,18
2028-04-01,2559,516,United States,Services,4
2028-04-01,3841,862,United States,Training,7
2028-04-01,6515,2633,United States,Software,10
2028-04-01,6576,2333,Japan,Software,7
2028-04-01,2778,465,Germany,Training,4
2028-04-01,3523,1054,Spain,Training,7
2028-04-01,8077,3216,United States,Software,10
2028-04-01,4209,1389,France,Training,6
2028-04-01,6631,2029,United States,Software,6
2028-04-01,6215,2561,Spain,Software,6
2028-04-01,3100,843,Spain,Training,1
2028-04-01,5046,1804,United States,Services,3
2028-04-01,3604,1339,Japan,Software,2
2028-04-01,4499,1597,United States,Software,2
2028-04-01,8040,3285,Spain,Software,7
2028-04-01,5920,1902,Germany,Software,7
2028-04-01,14141,6827,Germany,Software,13
2028-04-01,3850,747,Germany,Hardware,11
2028-04-01,3747,1191,United States,Services,6
2028-04-01,1795,418,United States,Training,1
2028-04-01,7959,1931,Germany,Services,12
2028-04-01,4662,1236,Germany,Training,1
2028-04-01,4561,2030,Japan,Software,3
2028-04-01,10163,2582,United States,Hardware,16
2028-04-01,12172,4961,France,Software,11
2028-04-01,9956,3801,Japan,Services,3
2028-04-01,18867,4271,Japan,Hardware,20
2028-04-01,6484,2693,Germany,Software,11
2028-04-01,4937,1521,United Kingdom,Software,3
2028-04-01,3713,621,United Kingdom,Hardware,8
2028-04-01,7514,2383,United States,Hardware,8
2028-04-01,6519,2513,France,Services,6
2028-04-01,5024,866,Spain,Hardware,8
2028-04-01,19920,5619,United States,Hardware,20
2028-04-01,18314,3754,United Kingdom,Hardware,22
2028-04-01,9705,4282,France,Software,10
2028-04-01,4149,1332,Spain,Training,2
2028-04-01,6673,3037,Germany,Software,8
2028-04-01,11063,2385,Japan,Hardware,12
2028-04-01,9735,2475,Japan,Hardware,11
2028-04-01,6028,1470,Japan,Software,7
2028-04-01,9069,3264,Japan,Software,11
2028-04-01,3064,1044,United States,Training,1
2028-04-01,4214,1279,United Kingdom,Services,2
2028-04-01,4679,1747,United States,Software,8
2028-04-01,7491,1876,Germany,Hardware,11
2028-04-01,10093,2547,Spain,Hardware,12
2028-04-01,9874,2734,Japan,Hardware,8
2028-04-01,7938,3055,United Kingdom,Software,10
2028-04-01,3680,1033,Spain,Services,5
2028-04-01,14291,4023,United States,Services,20
2028-04-01,5976,2353,Spain,Software,11
2028-04-01,2637,795,United States,Services,4
2028-04-01,6384,1775,Germany,Services,6
2028-04-01,12002,3812,Spain,Services,9
2028-04-01,4038,1545,United States,Software,10
2028-04-01,2386,344,Germany,Training,1
2028-04-01,3163,1274,France,Services,5
2028-04-01,2932,642,Japan,Services,4
2028-04-01,4540,1362,United Kingdom,Software,7
2028-04-01,2226,319,France,Training,4
2028-04-01,10235,3010,United States,Software,13
2028-04-01,13409,4591,United States,Hardware,14
2028-04-01,4774,1346,Spain,Services,8
2028-04-01,1152,236,Germany,Training,1
2028-04-01,13107,3984,United States,Services,21
2028-04-01,1668,597,France,Services,1
2028-04-01,4113,1286,Spain,Software,4
2028-04-01,4009,1967,France,Software,4
2028-04-01,3020,617,United States,Hardware,2
2028-04-01,10163,3592,United Kingdom,Software,14
2028-04-01,4876,1552,United States,Services,2
2028-04-01,9562,3388,Japan,Services,10
2028-04-01,16581,3277,United Kingdom,Hardware,17
2028-04-01,3968,1104,United States,Training,5
2028-04-01,4006,1638,United Kingdom,Services,7
2028-04-01,4403,1684,Spain,Software,1
2028-04-01,2997,817,Germany,Services,1
2028-04-01,4204,1563,United States,Software,7
2028-04-01,3951,1027,France,Services,2
2028-04-01,8392,2774,Germany,Training,12
2028-04-01,9372,2510,Germany,Hardware,10
2028-04-01,4630,1380,Germany,Services,4
2028-04-01,1372,415,France,Training,4
2028-04-01,9074,1735,Spain,Hardware,6
2028-04-01,5718,2012,United Kingdom,Training,4
2028-04-01,940,188,Japan,Services,6
2028-04-01,5221,1356,Japan,Services,5
2028-04-01,7687,1698,United States,Training,10
2028-04-01,2263,684,United States,Services,5
2028-04-01,4824,1222,Spain,Training,2
2028-04-01,3221,1215,Japan,Services,1
2028-04-01,3228,690,Germany,Training,2
2028-04-01,15207,7474,Japan,Software,16
2028-04-01,3668,749,Japan,Training,4
2028-04-01,16635,3988,Germany,Hardware,21
2028-04-01,23291,11072,Germany,Software,22
2028-04-01,5281,1215,United States,Services,7
2028-04-01,7264,2105,Japan,Services,8
2028-04-01,3170,912,Spain,Services,2
2028-04-01,3259,1487,Germany,Software,8
2028-04-01,59950,22663,United States,Software,69
2028-04-01,2506,1003,Spain,Services,1
2028-04-01,15979,8679,Japan,Software,15
2028-04-01,3702,876,United Kingdom,Training,3
2028-04-01,16367,2865,Spain,Hardware,11
2028-04-01,8878,1951,United States,Hardware,9
2028-04-01,11923,4888,Germany,Software,15
2028-04-01,8504,2220,France,Hardware,11
2028-04-01,4851,1372,France,Services,6
2028-04-01,3323,1419,Germany,Software,2
2028-04-01,17869,2684,Germany,Hardware,16
2028-04-01,2850,766,Japan,Training,5
2028-04-01,7105,1327,Japan,Services,12
2028-04-01,5446,2072,Germany,Services,8
2028-04-01,2565,1249,United States,Software,3
2028-04-01,18938,4881,Spain,Hardware,21
2028-04-01,4201,1359,United Kingdom,Training,9
2028-04-01,6208,2196,Japan,Services,4
2028-04-01,8991,2179,Spain,Services,17
2028-04-01,6781,2971,Japan,Software,8
2028-04-01,3035,1170,Spain,Services,8
2028-04-01,3720,994,United Kingdom,Training,5
2028-04-01,3272,629,Spain,Training,5
2028-04-01,6376,2605,United Kingdom,Services,9
2028-04-01,17086,4003,United States,Hardware,18
2028-04-01,17890,3450,Germany,Hardware,18
2028-04-01,12119,5456,Spain,Software,13
2028-04-01,10073,2474,United Kingdom,Services,13
2028-04-01,2351,392,Japan,Training,9
2028-04-01,3022,944,Japan,Training,1
2028-04-01,13513,5069,United States,Services,13
2028-04-01,4021,1558,Spain,Services,8
2028-04-01,3083,1193,United States,Training,5
2028-04-01,9451,3283,Spain,Services,10
2028-04-01,4293,1729,United States,Hardware,5
2028-04-01,4703,808,United States,Hardware,1
2028-04-01,2442,869,United States,Hardware,5
2028-04-01,7106,1173,United Kingdom,Hardware,10
2028-04-01,13877,6801,United States,Software,19
2028-04-01,11711,1970,United States,Hardware,16
2028-04-01,12417,4115,Germany,Hardware,17
2028-04-01,3140,965,France,Services,1
2028-04-01,6189,3067,Japan,Software,7
2028-04-01,6537,1748,Spain,Software,7
2028-04-01,4851,1624,United Kingdom,Services,7
2028-04-01,2747,592,France,Training,3
2028-04-01,12566,3748,United States,Hardware,13
2028-04-01,8511,2254,Germany,Services,10
2028-04-01,4524,509,France,Hardware,9
2028-04-01,2138,666,Spain,Services,6
2028-04-01,1903,191,United States,Training,1
2028-04-01,3908,680,United States,Training,3
2028-04-01,4577,1059,United Kingdom,Training,7
2028-04-01,4584,903,United States,Services,1
2028-04-01,5417,2656,Spain,Software,1
2028-04-01,1993,705,Spain,Services,1
2028-04-01,9602,1621,United States,Services,12
2028-04-01,5988,2052,United States,Hardware,6
2028-04-01,3358,942,Japan,Services,1
2028-04-01,1942,580,Japan,Training,1
2028-04-01,2360,651,Germany,Services,1
2028-04-01,8260,2916,France,Software,11
2028-04-01,8396,1784,Germany,Services,16
2028-04-01,5930,2025,United States,Training,2
2028-04-01,5021,1250,United States,Services,7
2028-04-01,14142,3869,France,Hardware,15
2028-04-01,18434,4147,Spain,Hardware,24
2028-04-01,18499,5581,United States,Services,24
2028-04-01,8093,2084,Spain,Software,13
2028-04-01,2904,893,United States,Training,3
2028-04-01,6765,2618,Germany,Services,5
2028-04-01,14057,2443,Japan,Hardware,20
2028-04-01,10034,2789,France,Hardware,8
2028-04-01,7327,2345,Japan,Hardware,8
2028-04-01,9059,2781,Spain,Services,9
2028-04-01,2220,874,France,Services,1
2028-04-01,3935,1314,Spain,Services,6
2028-04-01,7305,580,Germany,Hardware,11
2028-04-01,8299,1912,France,Software,11
2028-04-01,2365,612,Spain,Software,7
2028-04-01,3165,797,United States,Hardware,4
2028-04-01,3317,893,United States,Software,5
2028-04-01,6350,3027,Japan,Software,4
2028-04-01,1741,455,Germany,Software,
2028-04-01,12142,2965,France,Hardware,16
2028-04-01,4202,1226,United States,Hardware,6
2028-04-01,7863,1936,Germany,Training,3
2028-04-01,2479,678,United States,Services,3
2028-04-01,7635,1427,Japan,Hardware,2
2028-04-01,2469,437,France,Training,1
2028-04-01,8842,2584,Japan,Hardware,8
2028-04-01,13955,5073,Germany,Services,19
2028-04-01,11433,2071,United States,Software,9
2028-04-01,4084,870,United States,Training,4
2028-04-01,3524,1443,Germany,Software,4
2028-04-01,3116,821,Germany,Training,6
2028-04-01,6436,2214,United Kingdom,Training,4
2028-04-01,16217,6716,United States,Software,15
2028-04-01,3831,1633,United States,Training,7
2028-04-01,3747,685,United Kingdom,Services,
2028-04-01,7170,2419,United Kingdom,Software,10
2028-04-01,8641,3767,Germany,Software,
2028-04-01,9867,1370,United States,Training,15
2028-04-01,4932,1544,Spain,Software,6
2028-04-01,2155,383,Spain,Training,7
2028-04-01,3184,439,United Kingdom,Training,1
2028-04-01,1816,203,United States,Training,4
2028-04-01,9230,3110,Spain,Hardware,12
2028-04-01,4781,1375,Germany,Services,2
2028-04-01,10342,3331,Japan,Software,16
2028-04-01,5306,1317,United States,Services,9
2028-04-01,6351,1703,Germany,Software,5
2028-04-01,3002,1484,Japan,Software,10
2028-04-01,5186,620,Japan,Services,6
2028-04-01,2147,618,Japan,Training,1
2028-04-01,3848,778,United States,Services,2
2028-04-01,7664,2772,Germany,Software,9
2028-04-01,7197,2110,France,Services,5
2028-04-01,4003,1250,Germany,Software,6
2028-04-01,2081,495,United States,Training,1
2028-04-01,6189,1629,Germany,Services,3
2028-04-01,7036,1579,Japan,Hardware,10
2028-04-01,2968,1126,United States,Services,2
2028-04-01,3479,709,United Kingdom,Training,6
2028-04-01,2192,463,United States,Training,1
2028-04-01,883,258,Japan,Training,1
2028-04-01,20400,6080,Japan,Hardware,23
2028-04-01,3684,565,Germany,Hardware,6
2028-04-01,6467,885,Spain,Hardware,9
2028-04-01,8243,2911,United Kingdom,Software,6
2028-04-01,2881,916,Japan,Services,6
2028-04-01,15192,4223,Japan,Services,19
2028-04-01,1769,300,Germany,Training,8
2028-04-01,6776,1302,United States,Hardware,9
2028-04-01,5435,1687,United States,Software,9
2028-04-01,8876,2551,Spain,Hardware,4
2028-04-01,5482,1212,Japan,Services,9
2028-04-01,7134,1562,Japan,Hardware,13
2028-04-01,5768,1578,United Kingdom,Training,10
2028-04-01,2867,1241,United Kingdom,Services,1
2028-04-01,7616,3716,Germany,Software,9
2028-04-01,3665,1412,Japan,Software,8
2028-04-01,3068,1055,Germany,Training,9
2028-04-01,1973,508,France,Training,1
2028-04-01,10611,2988,Spain,Software,10
2028-04-01,5387,2348,Spain,Software,6
2028-04-01,3330,737,United States,Training,1
2028-05-01,4240,1284,Spain,Software,2
2028-05-01,5764,2043,Japan,Training,4
2028-05-01,5591,2372,United States,Software,3
2028-05-01,5005,1538,Germany,Services,4
2028-05-01,22977,8281,Spain,Hardware,22
2028-05-01,16359,4080,Germany,Hardware,19
2028-05-01,7379,1263,United Kingdom,Hardware,8
2028-05-01,8457,3065,Germany,Software,10
2028-05-01,3630,1191,United States,Services,8
2028-05-01,5676,2573,Germany,Software,8
2028-05-01,2882,716,United States,Hardware,3
2028-05-01,3970,1089,Germany,Services,2
2028-05-01,2026,498,United States,Training,3
2028-05-01,13507,3840,Spain,Software,18
2028-05-01,5755,1059,Germany,Hardware,7
2028-05-01,4525,1125,Japan,Services,1
2028-05-01,8930,2981,United Kingdom,Services,8
2028-05-01,2810,1005,Germany,Training,1
2028-05-01,3307,1127,Germany,Services,3
2028-05-01,18349,1423,United States,Hardware,20
2028-05-01,3463,1049,Japan,Training,7
2028-05-01,2097,872,United Kingdom,Services,1
2028-05-01,1483,505,United Kingdom,Training,9
2028-05-01,19547,8248,United States,Software,26
2028-05-01,5822,1235,United States,Services,7
2028-05-01,8984,2301,Germany,Hardware,6
2028-05-01,6358,1202,Spain,Hardware,8
2028-05-01,8430,1022,Germany,Hardware,14
2028-05-01,7961,3170,Germany,Software,4
2028-05-01,6131,1595,Germany,Hardware,4
2028-05-01,3148,554,Japan,Training,1
2028-05-01,11662,2302,Germany,Hardware,14
2028-05-01,5817,1252,Spain,Hardware,4
2028-05-01,7674,1409,Germany,Hardware,7
2028-05-01,12975,5616,United States,Software,12
2028-05-01,837,170,United States,Training,1
2028-05-01,2301,493,Japan,Training,1
2028-05-01,19700,8565,United Kingdom,Services,22
2028-05-01,3341,840,Japan,Training,5
2028-05-01,6689,2206,Japan,Services,8
2028-05-01,4750,1381,Japan,Services,1
2028-05-01,20809,5500,United States,Hardware,21
2028-05-01,7740,2398,Spain,Software,5
2028-05-01,4190,1867,Japan,Software,4
2028-05-01,1349,417,United States,Training,1
2028-05-01,2501,650,United States,Training,4
2028-05-01,2642,908,United Kingdom,Training,3
2028-05-01,6161,2179,United States,Software,7
2028-05-01,2475,538,Germany,Training,1
2028-05-01,1934,394,United States,Training,8
2028-05-01,11060,2808,Spain,Hardware,13
2028-05-01,5724,1655,France,Software,10
2028-05-01,6309,827,Germany,Services,5
2028-05-01,5285,1135,United Kingdom,Training,4
2028-05-01,2975,1260,Germany,Software,5
2028-05-01,6243,2278,Germany,Software,5
2028-05-01,1560,795,United Kingdom,Software,1
2028-05-01,3908,1625,Japan,Services,5
2028-05-01,33203,9689,United Kingdom,Hardware,32
2028-05-01,7523,3321,Spain,Software,11
2028-05-01,6832,1034,Germany,Hardware,7
2028-05-01,5135,1370,Spain,Hardware,4
2028-05-01,4572,1574,France,Services,8
2028-05-01,8401,2928,United Kingdom,Hardware,8
2028-05-01,3920,1495,United States,Services,11
2028-05-01,4296,1015,Spain,Hardware,5
2028-05-01,3024,1085,Spain,Training,1
2028-05-01,1364,263,Japan,Hardware,5
2028-05-01,15705,1235,France,Hardware,14
2028-05-01,17398,7321,United States,Software,18
2028-05-01,4164,1484,United States,Software,12
2028-05-01,3166,1186,United Kingdom,Training,3
2028-05-01,6471,1084,United States,Hardware,4
2028-05-01,10894,3455,United States,Services,16
2028-05-01,2753,775,France,Training,5
2028-05-01,9024,1307,Germany,Hardware,11
2028-05-01,23989,10369,United States,Software,28
2028-05-01,6863,2328,Spain,Services,5
2028-05-01,2629,625,United States,Training,3
2028-05-01,2301,418,Germany,Training,5
2028-05-01,8745,4349,Germany,Software,11
2028-05-01,8621,2419,United Kingdom,Services,15
2028-05-01,2951,840,Germany,Training,4
2028-05-01,3579,1353,Japan,Training,1
2028-05-01,5716,1102,France,Hardware,5
2028-05-01,4898,1399,Germany,Software,4
2028-05-01,4970,1334,Germany,Services,6
2028-05-01,6563,2272,United States,Software,7
2028-05-01,5980,2466,Japan,Software,7
2028-05-01,13403,2632,Japan,Hardware,14
2028-05-01,1418,377,Spain,Training,1
2028-05-01,4393,1116,France,Software,2
2028-05-01,8758,3311,France,Software,9
2028-05-01,9444,2616,Germany,Hardware,13
2028-05-01,9644,3216,United Kingdom,Software,11
2028-05-01,6232,2356,France,Software,4
2028-05-01,4645,1132,Japan,Hardware,4
2028-05-01,7945,2148,United States,Services,9
2028-05-01,3649,903,France,Training,2
2028-05-01,1758,480,Germany,Training,1
2028-05-01,8998,2738,United States,Services,14
2028-05-01,12131,4954,Japan,Software,11
2028-05-01,5846,2051,Japan,Training,4
2028-05-01,4560,1481,Japan,Services,2
2028-05-01,7681,3271,United States,Software,8
2028-05-01,5018,857,Japan,Training,15
2028-05-01,12496,4183,Japan,Services,8
2028-05-01,6481,2319,Spain,Software,13
2028-05-01,4222,1889,France,Software,4
2028-05-01,2807,740,Spain,Services,2
2028-05-01,967,226,Germany,Training,1
2028-05-01,1908,634,Japan,Services,1
2028-05-01,1824,245,United Kingdom,Training,2
2028-05-01,4528,1001,Japan,Services,2
2028-05-01,5892,1790,Germany,Training,9
2028-05-01,13446,4838,Germany,Training,15
2028-05-01,10393,4486,Spain,Software,9
2028-05-01,3065,1069,Germany,Services,4
2028-05-01,7921,2195,Germany,Hardware,4
2028-05-01,21307,8596,Spain,Software,23
2028-05-01,12596,4467,Spain,Services,12
2028-05-01,3886,1256,Spain,Software,2
2028-05-01,8027,2522,France,Training,13
2028-05-01,11846,4074,Spain,Hardware,9
2028-05-01,2601,561,Germany,Training,2
2028-05-01,1967,455,United Kingdom,Training,1
2028-05-01,7636,1970,Japan,Hardware,7
2028-05-01,2087,507,United Kingdom,Training,9
2028-05-01,5729,1288,Spain,Training,3
2028-05-01,5283,2279,France,Hardware,3
2028-05-01,7047,2578,United States,Services,6
2028-05-01,9237,2664,United States,Services,9
2028-05-01,2501,694,United Kingdom,Hardware,2
2028-05-01,1795,460,France,Training,3
2028-05-01,15654,6496,United Kingdom,Software,16
2028-05-01,8299,1320,Spain,Hardware,8
2028-05-01,34115,10268,Japan,Services,37
2028-05-01,6198,1274,United Kingdom,Services,7
2028-05-01,4996,941,Japan,Training,5
2028-05-01,5563,1531,Spain,Training,6
2028-05-01,3321,1278,United Kingdom,Training,4
2028-05-01,4380,1574,United States,Software,5
2028-05-01,6499,1721,United States,Services,
2028-05-01,12710,2999,United States,Software,16
2028-05-01,17595,6346,France,Software,19
2028-05-01,2600,557,Germany,Training,1
2028-05-01,3073,975,Japan,Services,9
2028-05-01,9928,1694,France,Hardware,9
2028-05-01,5430,1708,United Kingdom,Software,1
2028-05-01,4493,1172,United States,Training,8
2028-05-01,7195,2335,United States,Software,7
2028-05-01,4880,1977,United States,Software,7
2028-05-01,5134,1164,Spain,Training,3
2028-05-01,7239,1882,Spain,Services,10
2028-05-01,8788,3073,United States,Software,13
2028-05-01,7020,2050,France,Hardware,7
2028-05-01,6433,2070,United States,Services,3
2028-05-01,5181,1336,United States,Services,10
2028-05-01,9128,4019,United Kingdom,Software,10
2028-05-01,4964,1261,Japan,Hardware,1
2028-05-01,4494,454,Japan,Services,
2028-05-01,3750,879,United States,Services,4
2028-05-01,22808,7867,Germany,Hardware,27
2028-05-01,13222,2824,Japan,Services,18
2028-05-01,8069,2749,France,Software,6
2028-05-01,5350,1979,United States,Services,5
2028-05-01,9202,2973,United States,Software,12
2028-05-01,22563,4137,Japan,Hardware,21
2028-05-01,3126,626,United States,Training,2
2028-05-01,5612,1352,France,Hardware,2
2028-05-01,3200,1020,United Kingdom,Services,6
2028-05-01,12740,4895,United States,Software,16
2028-05-01,2901,819,Japan,Training,1
2028-05-01,4331,876,France,Training,10
2028-05-01,2421,1011,Spain,Services,2
2028-05-01,9309,2165,Japan,Software,13
2028-05-01,4925,1596,Germany,Software,4
2028-05-01,5715,1889,Spain,Services,6
2028-05-01,7798,2784,Spain,Services,6
2028-05-01,13518,5639,Germany,Software,23
2028-05-01,1656,324,Germany,Training,6
2028-05-01,5309,903,Spain,Services,2
2028-05-01,2337,965,Japan,Software,1
2028-05-01,6980,2099,United Kingdom,Services,10
2028-05-01,2255,466,Japan,Training,5
2028-05-01,2239,560,United States,Training,3
2028-05-01,18960,6832,France,Software,21
2028-05-01,11287,2845,United States,Hardware,19
2028-05-01,2490,292,United Kingdom,Training,3
2028-05-01,3326,1713,France,Services,5
2028-05-01,494,166,Germany,Training,
2028-05-01,2159,628,United States,Services,3
2028-05-01,2617,727,Germany,Training,1
2028-05-01,5828,2023,United States,Software,8
2028-05-01,13158,3526,Japan,Hardware,13
2028-05-01,3875,765,Spain,Services,4
2028-05-01,5553,1285,Spain,Services,8
2028-05-01,6755,1078,United Kingdom,Services,9
2028-05-01,7087,3424,Japan,Services,8
2028-05-01,3181,462,United States,Hardware,1
2028-05-01,8577,1603,Germany,Hardware,6
2028-05-01,12840,2506,Japan,Hardware,13
2028-05-01,4919,1786,Spain,Training,6
2028-05-01,16155,5586,Spain,Software,20
2028-05-01,11446,2329,United States,Services,16
2028-05-01,6123,1380,Japan,Training,6
2028-05-01,19563,2251,United States,Hardware,20
2028-05-01,11831,4536,United States,Software,15
2028-05-01,7972,2313,United States,Training,5
2028-05-01,5708,2343,United States,Services,11
2028-05-01,5873,1224,France,Hardware,4
2028-05-01,2531,491,Germany,Training,2
2028-05-01,59554,22892,Japan,Hardware,62
2028-05-01,7985,3780,United States,Software,6
2028-05-01,7145,3147,Spain,Software,8
2028-05-01,4478,1427,United States,Software,4
2028-05-01,10573,4471,United Kingdom,Software,14
2028-05-01,6290,1206,France,Hardware,8
2028-05-01,3145,1072,United States,Training,2
2028-05-01,8286,3132,United States,Services,7
2028-05-01,3999,1648,United States,Services,7
2028-05-01,2153,771,United States,Software,7
2028-05-01,5667,1300,United States,Services,5
2028-05-01,3000,848,Spain,Training,1
2028-05-01,8454,2726,France,Hardware,13
2028-05-01,5348,936,Germany,Hardware,5
2028-05-01,3805,1009,Germany,Services,
2028-05-01,3875,1262,Germany,Services,4
2028-05-01,4322,1366,United States,Services,7
2028-05-01,17403,4534,Spain,Hardware,13
2028-05-01,1784,497,Japan,Training,1
2028-05-01,4882,656,United Kingdom,Training,7
2028-05-01,11175,2776,Japan,Training,12
2028-05-01,3584,1295,Germany,Services,5
2028-05-01,17311,4650,United States,Hardware,20
2028-05-01,17142,7142,Germany,Software,18
2028-05-01,8245,1894,United States,Hardware,12
2028-05-01,2198,285,Spain,Training,2
2028-05-01,7930,2104,United States,Services,14
2028-05-01,19621,9739,United Kingdom,Software,26
2028-05-01,6203,2434,France,Software,6
2028-05-01,1928,446,United Kingdom,Training,1
2028-05-01,6138,1767,Spain,Hardware,7
2028-05-01,13878,3589,United Kingdom,Software,11
2028-05-01,7814,4261,France,Software,8
2028-05-01,20230,3994,United States,Hardware,20
2028-05-01,12915,2937,France,Training,18
2028-05-01,4893,2130,United States,Software,5
2028-05-01,1433,445,United States,Training,1
2028-05-01,8221,2566,Spain,Services,13
2028-05-01,6194,1384,United States,Hardware,5
2028-05-01,2511,721,Japan,Services,1
2028-05-01,5537,1283,Spain,Training,9
2028-05-01,19229,3541,Japan,Hardware,20
2028-05-01,5837,2290,Germany,Services,9
2028-05-01,2977,1086,United States,Software,2
2028-05-01,6894,2100,Spain,Services,4
2028-05-01,5164,1732,United States,Services,8
2028-05-01,4325,694,France,Hardware,7
2028-05-01,5099,1191,France,Services,7
2028-05-01,29391,5897,Spain,Hardware,30
2028-05-01,10036,3161,United Kingdom,Services,8
2028-05-01,5155,1089,Spain,Training,7
2028-05-01,4420,1349,United States,Software,5
2028-05-01,7106,1538,Japan,Services,11
2028-05-01,8190,1446,United States,Hardware,10
2028-05-01,4206,435,Spain,Hardware,3
2028-05-01,8265,1990,United Kingdom,Services,13
2028-05-01,4250,1469,United States,Services,11
2028-05-01,3289,944,Germany,Training,4
2028-05-01,2217,715,Germany,Services,1
2028-05-01,2487,933,United States,Services,1
2028-05-01,6639,1820,Germany,Services,13
2028-05-01,1372,456,United States,Training,3
2028-05-01,3677,1005,United Kingdom,Services,5
2028-05-01,10959,2170,United States,Hardware,12
2028-05-01,8683,3475,United Kingdom,Training,14
2028-05-01,5224,1909,Germany,Services,9
2028-05-01,6892,3179,Germany,Software,7
2028-05-01,2224,402,United Kingdom,Training,1
2028-05-01,4120,1573,Spain,Software,5
2028-05-01,4134,1688,France,Software,1
2028-05-01,12814,6752,United States,Software,16
2028-05-01,17074,7239,United States,Software,20
2028-05-01,7904,1792,United States,Hardware,7
2028-05-01,3107,1078,Germany,Software,6
2028-05-01,2602,1013,United States,Training,3
2028-05-01,12620,638,Japan,Hardware,13
2028-05-01,6042,2149,United States,Services,11
2028-05-01,3327,1361,Japan,Software,1
2028-05-01,2233,424,Japan,Hardware,4
2028-05-01,3411,1370,Spain,Software,4
2028-05-01,3124,921,United States,Services,10
2028-05-01,9119,2289,Germany,Training,7
2028-05-01,10169,1977,Spain,Hardware,16
2028-05-01,4737,1592,Spain,Software,5
2028-05-01,3747,1534,Japan,Services,1
2028-05-01,2149,381,United States,Training,1
2028-05-01,6305,823,United States,Hardware,5
2028-05-01,6561,2442,United States,Training,7
2028-05-01,19554,4273,Japan,Services,21
2028-05-01,4278,1363,United Kingdom,Services,9
2028-05-01,23049,3502,United States,Hardware,25
2028-05-01,8932,2998,France,Software,3
2028-05-01,2291,354,Germany,Training,3
2028-05-01,6759,2128,Spain,Training,4
2028-05-01,2016,655,Germany,Services,6
2028-05-01,4433,898,United States,Training,2
2028-05-01,12521,4042,United States,Software,13
2028-05-01,4123,1444,Japan,Services,4
2028-05-01,7821,1335,Germany,Hardware,6
2028-05-01,1553,274,Spain,Training,1
2028-05-01,6047,1978,France,Software,10
2028-05-01,21982,9533,Japan,Software,26
2028-05-01,5418,1114,United States,Services,6
2028-05-01,8776,1215,United States,Hardware,7
2028-05-01,5105,1676,Spain,Software,3
2028-05-01,10345,2130,Japan,Hardware,12
2028-05-01,5303,1014,United States,Training,9
2028-05-01,11662,4662,United Kingdom,Software,15
2028-05-01,2798,782,United States,Services,3
2028-05-01,5995,818,United States,Training,13
2028-05-01,2636,697,United Kingdom,Training,1
2028-05-01,10310,4635,Japan,Software,13
2028-05-01,5302,1147,United Kingdom,Hardware,13
2028-05-01,5139,1466,Spain,Services,4
2028-05-01,9194,2787,United States,Software,12
2028-05-01,18367,3442,United States,Hardware,22
2028-05-01,5542,1019,Spain,Services,8
2028-05-01,3567,1296,Germany,Training,7
2028-05-01,5277,1935,France,Services,10
2028-05-01,8244,2535,France,Training,5
2028-05-01,7700,1262,Japan,Hardware,8
2028-05-01,2945,788,United States,Services,9
2028-05-01,2743,937,United States,Training,4
2028-05-01,15290,2447,Japan,Training,12
2028-05-01,8753,4073,Germany,Software,12
2028-05-01,7913,3869,United States,Software,10
2028-05-01,5577,2079,United States,Software,8
2028-05-01,3127,892,Japan,Training,5
2028-05-01,12086,3114,United Kingdom,Hardware,17
2028-05-01,5593,1657,United Kingdom,Services,2
2028-05-01,14497,6606,United States,Software,19
2028-05-01,4635,1488,United Kingdom,Services,3
2028-05-01,2741,781,United States,Training,1
2028-05-01,12247,2799,United Kingdom,Training,9
2028-05-01,7534,3344,France,Services,6
2028-05-01,2668,454,Germany,Services,4
2028-05-01,21799,5851,France,Hardware,26
2028-05-01,1322,298,United Kingdom,Training,4
2028-05-01,6441,1997,Spain,Services,4
2028-05-01,16784,4934,United States,Services,25
2028-05-01,1705,570,Japan,Training,3
2028-05-01,5441,709,France,Hardware,9
2028-05-01,3683,736,France,Training,8
2028-05-01,7178,1635,Spain,Training,8
2028-05-01,9531,3381,France,Software,13
2028-05-01,8336,2764,Spain,Software,9
2028-05-01,6542,1888,France,Services,10
2028-05-01,5495,599,United States,Training,6
2028-05-01,7712,3085,United States,Services,9
2028-05-01,3253,1026,France,Software,7
2028-05-01,2956,542,Japan,Training,5
2028-05-01,2810,753,United Kingdom,Training,1
2028-05-01,6312,2411,Japan,Software,1
2028-05-01,5657,2016,Japan,Software,2
2028-05-01,6500,1174,Germany,Hardware,4
2028-05-01,2668,566,Japan,Training,5
2028-05-01,7466,1381,United States,Training,4
2028-05-01,8337,2275,United States,Hardware,8
2028-05-01,3163,1064,United States,Software,6
2028-05-01,4643,1244,United States,Services,4
2028-05-01,12398,1348,Germany,Hardware,16
2028-05-01,10341,4854,United States,Software,11
2028-05-01,3937,1277,Japan,Software,12
2028-05-01,3133,486,Germany,Training,4
2028-05-01,3194,350,Spain,Hardware,7
2028-05-01,7886,1742,United States,Training,11
2028-05-01,5683,1368,Germany,Training,4
2028-05-01,17191,3883,United States,Hardware,15
2028-05-01,4240,988,Germany,Services,4
2028-05-01,2752,130,United Kingdom,Training,4
2028-05-01,7171,2673,Japan,Services,6
2028-05-01,2175,482,Japan,Training,7
2028-05-01,2726,764,United Kingdom,Services,8
2028-05-01,4509,2001,Spain,Software,3
2028-05-01,3807,1135,Germany,Training,6
2028-05-01,6520,1589,United Kingdom,Hardware,12
2028-05-01,2314,550,Spain,Hardware,5
2028-05-01,6155,711,Japan,Hardware,11
2028-05-01,22570,6848,Japan,Hardware,25
2028-05-01,3102,439,France,Training,7
2028-05-01,3716,646,France,Training,5
2028-05-01,18830,3803,United States,Hardware,24
2028-05-01,1722,536,Japan,Software,7
2028-05-01,4657,1812,Japan,Services,6
2028-05-01,3843,1321,France,Software,9
2028-05-01,3470,918,Spain,Training,7
2028-05-01,2961,979,Spain,Services,4
2028-05-01,11873,4660,United States,Software,12
2028-06-01,5211,2108,United States,Software,5
2028-06-01,13707,4582,Japan,Software,14
2028-06-01,7399,1352,United States,Hardware,5
2028-06-01,2774,691,Spain,Services,1
2028-06-01,2759,519,United States,Training,2
2028-06-01,3246,1200,United States,Training,5
2028-06-01,12742,2041,Spain,Hardware,10
2028-06-01,21212,8278,United Kingdom,Software,21
2028-06-01,5293,1074,France,Services,5
2028-06-01,8003,2589,Germany,Training,15
2028-06-01,5310,1605,Germany,Training,5
2028-06-01,3226,970,United States,Training,4
2028-06-01,2600,894,United States,Services,4
2028-06-01,9263,2163,Japan,Training,11
2028-06-01,15709,7122,France,Software,14
2028-06-01,19058,3906,Germany,Hardware,20
2028-06-01,2334,651,United Kingdom,Training,7
2028-06-01,1663,509,Germany,Training,4
2028-06-01,2439,616,United States,Services,9
2028-06-01,2279,566,Germany,Services,3
2028-06-01,4516,1022,United Kingdom,Training,5
2028-06-01,2646,1147,Spain,Software,6
2028-06-01,4126,1493,United States,Services,3
2028-06-01,2651,1103,Spain,Services,2
2028-06-01,16492,3119,France,Hardware,16
2028-06-01,9603,3280,Japan,Software,9
2028-06-01,10150,2257,Spain,Services,14
2028-06-01,10432,3464,Spain,Hardware,14
2028-06-01,6389,3118,Spain,Software,6
2028-06-01,2190,480,United States,Training,1
2028-06-01,20654,9521,United Kingdom,Software,22
2028-06-01,16933,4417,United States,Services,20
2028-06-01,6298,2121,Germany,Services,12
2028-06-01,4774,882,United States,Training,2
2028-06-01,3377,820,Germany,Services,7
2028-06-01,14201,3824,United Kingdom,Services,17
2028-06-01,10815,4091,France,Software,12
2028-06-01,3044,1246,United States,Software,4
2028-06-01,2499,1160,United States,Software,3
2028-06-01,10391,2297,France,Hardware,15
2028-06-01,3679,1008,United States,Training,8
2028-06-01,4305,1044,United States,Hardware,8
2028-06-01,12961,3331,Japan,Hardware,16
2028-06-01,13603,6081,Germany,Software,17
2028-06-01,1950,466,Spain,Training,4
2028-06-01,12077,6659,United States,Software,21
2028-06-01,6532,1167,United Kingdom,Training,6
2028-06-01,1644,275,Spain,Training,1
2028-06-01,3682,883,Japan,Training,4
2028-06-01,8230,3853,Spain,Software,11
2028-06-01,14447,4197,Japan,Hardware,12
2028-06-01,5105,1310,France,Training,5
2028-06-01,3151,1314,United States,Hardware,8
2028-06-01,22084,4363,Germany,Hardware,27
2028-06-01,7653,1856,United States,Hardware,10
2028-06-01,22919,7769,Japan,Hardware,25
2028-06-01,8313,2660,United States,Services,6
2028-06-01,6838,2286,Germany,Software,6
2028-06-01,9773,1237,United States,Hardware,15
2028-06-01,2436,264,France,Training,1
2028-06-01,4695,1953,Spain,Services,5
2028-06-01,1491,424,France,Training,4
2028-06-01,15718,6577,Japan,Software,18
2028-06-01,3644,1199,Spain,Training,6
2028-06-01,6794,1529,United Kingdom,Services,5
2028-06-01,11866,3223,Japan,Software,
2028-06-01,3112,1086,Spain,Training,2
2028-06-01,2611,719,United States,Training,6
2028-06-01,7939,2538,United States,Software,7
2028-06-01,2033,546,Germany,Training,4
2028-06-01,6058,2528,Spain,Software,9
2028-06-01,11491,4666,Japan,Software,18
2028-06-01,7424,1465,Spain,Services,8
2028-06-01,5602,2435,Spain,Software,5
2028-06-01,20206,7063,Germany,Services,21
2028-06-01,4700,1449,Spain,Services,3
2028-06-01,15231,2400,Japan,Hardware,17
2028-06-01,5377,1725,United Kingdom,Services,4
2028-06-01,3207,605,Spain,Training,4
2028-06-01,2397,1169,France,Software,1
2028-06-01,21057,7958,Germany,Services,17
2028-06-01,12672,4637,Germany,Services,11
2028-06-01,3592,1256,Spain,Services,1
2028-06-01,2183,1204,United States,Software,1
2028-06-01,2034,474,United States,Hardware,5
2028-06-01,10836,2371,France,Hardware,17
2028-06-01,895,159,France,Training,1
2028-06-01,6981,2522,Japan,Services,10
2028-06-01,6084,2193,France,Services,5
2028-06-01,14388,2569,Japan,Hardware,20
2028-06-01,2712,965,United States,Services,1
2028-06-01,4050,930,France,Hardware,1
2028-06-01,4579,1068,Germany,Training,1
2028-06-01,10660,3221,United States,Hardware,17
2028-06-01,7925,2675,Japan,Software,14
2028-06-01,5764,622,Spain,Hardware,1
2028-06-01,17503,6336,Spain,Software,18
2028-06-01,7982,2828,Germany,Services,5
2028-06-01,5816,1503,Japan,Training,8
2028-06-01,6317,1768,Germany,Training,8
2028-06-01,3821,1566,France,Software,2
2028-06-01,6184,1680,France,Services,8
2028-06-01,13549,4603,Germany,Hardware,15
2028-06-01,9272,3195,France,Software,9
2028-06-01,4183,1214,United Kingdom,Training,5
2028-06-01,3996,1758,France,Software,1
2028-06-01,9700,2571,Spain,Hardware,11
2028-06-01,14361,2567,United States,Hardware,19
2028-06-01,2268,600,France,Training,1
2028-06-01,2878,1068,Germany,Services,7
2028-06-01,7789,2024,United Kingdom,Services,3
2028-06-01,4750,1205,Germany,Training,3
2028-06-01,12372,4479,Japan,Services,10
2028-06-01,3063,547,United Kingdom,Training,4
2028-06-01,5074,1810,Germany,Software,8
2028-06-01,2394,637,Japan,Training,5
2028-06-01,2924,910,United States,Software,4
2028-06-01,2010,446,United States,Training,1
2028-06-01,27203,13824,Spain,Software,26
2028-06-01,3391,552,Japan,Training,11
2028-06-01,6807,2791,United States,Software,10
2028-06-01,8847,3272,United Kingdom,Training,11
2028-06-01,2468,883,United States,Software,2
2028-06-01,10245,4126,United States,Training,8
2028-06-01,11231,4070,United States,Services,6
2028-06-01,16953,3041,Japan,Hardware,22
2028-06-01,5993,1473,Germany,Hardware,7
2028-06-01,11162,3241,Spain,Hardware,13
2028-06-01,5907,1660,Japan,Training,8
2028-06-01,8630,3279,United States,Services,12
2028-06-01,3814,654,Germany,Hardware,6
2028-06-01,5656,1064,Germany,Training,8
2028-06-01,8093,2116,Germany,Services,9
2028-06-01,4271,809,United States,Hardware,2
2028-06-01,7928,2351,France,Training,12
2028-06-01,3079,864,United States,Services,1
2028-06-01,12381,3887,United States,Services,15
2028-06-01,7024,1608,United States,Services,10
2028-06-01,4269,1598,United States,Software,4
2028-06-01,4922,925,United States,Services,6
2028-06-01,23276,8883,Germany,Hardware,27
2028-06-01,9923,2975,Germany,Training,13
2028-06-01,4379,1374,Spain,Training,5
2028-06-01,3408,920,Japan,Training,7
2028-06-01,5872,1403,France,Training,8
2028-06-01,24434,2529,Germany,Hardware,27
2028-06-01,4406,1983,France,Services,8
2028-06-01,8152,2897,Germany,Software,11
2028-06-01,5894,2984,Japan,Software,4
2028-06-01,6579,2071,United States,Services,13
2028-06-01,13042,3840,Germany,Software,8
2028-06-01,10328,2108,United States,Hardware,10
2028-06-01,3405,1031,United Kingdom,Training,2
2028-06-01,1939,540,France,Services,3
2028-06-01,6142,2524,Germany,Software,6
2028-06-01,25497,7959,United States,Hardware,27
2028-06-01,5258,1233,France,Training,5
2028-06-01,8981,3379,Japan,Services,10
2028-06-01,9061,2390,Japan,Services,8
2028-06-01,14946,8243,United Kingdom,Software,17
2028-06-01,2812,395,Japan,Training,7
2028-06-01,1748,658,United States,Training,4
2028-06-01,5830,1772,France,Services,6
2028-06-01,15580,6472,Spain,Software,13
2028-06-01,5280,1315,United States,Hardware,11
2028-06-01,5734,1464,France,Hardware,11
2028-06-01,2764,684,Japan,Training,3
2028-06-01,12104,3159,United States,Hardware,18
2028-06-01,5511,887,Japan,Hardware,1
2028-06-01,7786,1486,Spain,Hardware,7
2028-06-01,8857,2271,United States,Software,12
2028-06-01,28691,9714,United States,Hardware,36
2028-06-01,14406,3242,United States,Hardware,13
2028-06-01,2579,676,Spain,Services,6
2028-06-01,4728,1164,France,Training,3
2028-06-01,1949,730,Japan,Training,1
2028-06-01,6418,2107,United States,Software,8
2028-06-01,5295,2192,Germany,Software,5
2028-06-01,4616,1216,Japan,Services,3
2028-06-01,13078,2914,United States,Hardware,18
2028-06-01,6974,1573,Germany,Services,9
2028-06-01,21058,2712,United States,Hardware,22
2028-06-01,5391,857,United Kingdom,Services,5
2028-06-01,4220,964,Spain,Hardware,5
2028-06-01,3641,996,United States,Training,1
2028-06-01,3790,1560,Germany,Software,4
2028-06-01,4630,1009,Spain,Training,1
2028-06-01,28581,10919,Spain,Software,30
2028-06-01,6346,2612,Spain,Training,5
2028-06-01,8753,2998,Germany,Software,4
2028-06-01,1712,364,France,Training,2
2028-06-01,2384,858,Spain,Software,1
2028-06-01,9965,2500,France,Software,12
2028-06-01,42577,6010,United States,Hardware,49
2028-06-01,3725,1607,France,Software,1
2028-06-01,8263,3815,France,Software,13
2028-06-01,8472,2801,Spain,Training,11
2028-06-01,2018,570,Spain,Training,3
2028-06-01,2867,715,United Kingdom,Training,3
2028-06-01,4074,1283,United States,Services,9
2028-06-01,5227,1277,United Kingdom,Training,7
2028-06-01,1850,479,Japan,Services,4
2028-06-01,3273,769,France,Services,10
2028-06-01,5871,1402,Spain,Hardware,2
2028-06-01,5255,1545,United States,Software,6
2028-06-01,6988,833,United States,Hardware,9
2028-06-01,12163,4594,Germany,Software,14
2028-06-01,3684,785,Spain,Training,5
2028-06-01,2600,571,Spain,Training,1
2028-06-01,7743,2215,France,Training,4
2028-06-01,26106,8020,United Kingdom,Software,24
2028-06-01,7950,1278,United States,Training,3
2028-06-01,15762,6253,Spain,Software,13
2028-06-01,2107,510,United Kingdom,Training,4
2028-06-01,11458,2901,United Kingdom,Hardware,8
2028-06-01,3173,1101,Japan,Services,1
2028-06-01,8644,1918,United States,Software,12
2028-06-01,5306,960,Germany,Services,5
2028-06-01,11144,3230,United States,Hardware,17
2028-06-01,9890,2846,Germany,Software,16
2028-06-01,1297,367,Spain,Services,8
2028-06-01,6172,1637,United States,Hardware,2
2028-06-01,3386,1042,Germany,Training,1
2028-06-01,5016,1690,United States,Training,11
2028-06-01,7898,1655,United States,Hardware,10
2028-06-01,4967,1480,Spain,Training,7
2028-06-01,3535,589,Japan,Services,3
2028-06-01,11062,981,France,Hardware,8
2028-06-01,3533,1161,Germany,Services,3
2028-06-01,5825,1707,United States,Software,10
2028-06-01,8186,2230,France,Hardware,9
2028-06-01,12096,3303,Spain,Hardware,12
2028-06-01,8222,3525,United States,Software,13
2028-06-01,2253,837,United States,Training,1
2028-06-01,4355,1307,Germany,Software,4
2028-06-01,5705,1815,United Kingdom,Services,13
2028-06-01,5352,2199,Germany,Software,5
2028-06-01,1734,414,Spain,Training,3
2028-06-01,867,293,Japan,Training,3
2028-06-01,3966,671,Germany,Training,1
2028-06-01,37946,15420,Japan,Software,41
2028-06-01,14291,3705,Germany,Hardware,
2028-06-01,4869,881,Germany,Training,2
2028-06-01,4781,1200,Germany,Software,8
2028-06-01,5567,1857,Spain,Services,8
2028-06-01,3323,779,France,Training,4
2028-06-01,6355,2298,United States,Software,2
2028-06-01,3764,1258,Japan,Services,7
2028-06-01,10974,2531,Japan,Hardware,15
2028-06-01,25543,5610,United Kingdom,Hardware,29
2028-06-01,2552,453,Germany,Training,1
2028-06-01,9852,2949,France,Software,14
2028-06-01,3980,513,United States,Training,5
2028-06-01,4347,1099,France,Training,5
2028-06-01,2990,888,United Kingdom,Training,1
2028-06-01,4080,1073,France,Services,2
2028-06-01,5575,2629,United States,Software,7
2028-06-01,2447,949,Spain,Training,4
2028-06-01,3624,1648,Japan,Software,7
2028-06-01,9992,2673,France,Services,9
2028-06-01,5492,1642,United States,Hardware,11
2028-06-01,16625,3800,United States,Hardware,17
2028-06-01,2995,663,United Kingdom,Services,8
2028-06-01,11353,3861,Spain,Software,11
2028-06-01,9894,2827,United States,Services,9
2028-06-01,5491,1502,Germany,Training,6
2028-06-01,2206,485,Spain,Training,1
2028-06-01,2814,584,United States,Services,5
2028-06-01,5237,1700,France,Software,3
2028-06-01,2989,1134,France,Training,4
2028-06-01,14981,2402,United States,Hardware,15
2028-06-01,15233,4490,Germany,Software,14
2028-06-01,28405,12239,United States,Software,30
2028-06-01,3121,1316,France,Software,1
2028-06-01,3692,725,Japan,Hardware,5
2028-06-01,4284,881,Spain,Training,8
2028-06-01,1982,302,United Kingdom,Training,2
2028-06-01,6750,2359,United Kingdom,Services,7
2028-06-01,12263,4708,United States,Software,11
2028-06-01,8450,2063,Japan,Services,5
2028-06-01,4146,796,United States,Services,3
2028-06-01,14116,5362,France,Software,16
2028-06-01,4942,2289,United Kingdom,Software,4
2028-06-01,3157,1045,United States,Services,2
2028-06-01,5198,1659,Spain,Training,3
2028-06-01,6087,2197,Japan,Services,4
2028-06-01,23443,7808,United States,Services,24
2028-06-01,4843,816,United Kingdom,Hardware,3
2028-06-01,2374,374,Japan,Training,1
2028-06-01,10086,4074,Japan,Software,12
2028-06-01,2572,812,Germany,Training,1
2028-06-01,4638,2092,United Kingdom,Software,3
2028-06-01,1385,491,Spain,Services,8
2028-06-01,3500,828,United States,Training,7
2028-06-01,6598,1880,Germany,Training,10
2028-06-01,1156,335,Japan,Training,1
2028-06-01,3998,1408,Germany,Training,5
2028-06-01,27801,8450,United States,Hardware,32
2028-06-01,4434,981,United States,Training,4
2028-06-01,9957,3262,Germany,Hardware,13
2028-06-01,6326,1089,Germany,Software,11
2028-06-01,2028,653,France,Training,9
2028-06-01,17602,2542,Germany,Hardware,19
2028-06-01,1885,686,United States,Training,3
2028-06-01,2802,776,Spain,Services,4
2028-06-01,6765,2027,Japan,Services,5
2028-06-01,2429,798,United States,Software,3
2028-06-01,908,178,Germany,Training,1
2028-06-01,7015,2136,United States,Software,7
2028-06-01,10924,2858,Spain,Services,15
2028-06-01,10001,2044,Germany,Hardware,9
2028-06-01,4439,1562,France,Services,7
2028-06-01,39006,9785,France,Hardware,41
2028-06-01,2973,1400,United States,Software,3
2028-06-01,7382,2010,Spain,Services,12
2028-06-01,7542,2379,Spain,Services,8
2028-06-01,1442,440,Japan,Services,6
2028-06-01,3393,1487,Japan,Services,1
2028-06-01,7065,2911,Spain,Software,6
2028-06-01,5106,973,United States,Services,8
2028-06-01,2548,904,United States,Training,1
2028-06-01,2695,1114,France,Training,1
2028-06-01,3497,968,Germany,Training,7
2028-06-01,3368,793,United States,Training,1
2028-06-01,10625,2964,United States,Services,12
2028-06-01,11868,3721,Japan,Software,12
2028-06-01,4798,1703,Japan,Software,3
2028-06-01,3152,944,France,Training,9
2028-06-01,3404,619,United States,Training,1
2028-06-01,5354,1713,France,Services,7
2028-06-01,2295,949,France,Software,5
2028-06-01,4959,1832,Germany,Services,8
2028-06-01,5230,2410,Germany,Software,4
2028-06-01,20115,5266,United Kingdom,Hardware,25
2028-06-01,3863,1189,France,Hardware,6
2028-06-01,4596,1790,United States,Services,7
2028-06-01,4261,1820,Japan,Services,8
2028-06-01,3762,806,France,Training,1
2028-06-01,5632,1115,United States,Services,9
2028-06-01,17314,5541,United States,Services,20
2028-06-01,8149,3094,Germany,Software,8
2028-06-01,1964,707,Spain,Software,1
2028-06-01,10981,3345,Japan,Hardware,10
2028-06-01,9233,2103,United States,Hardware,10
2028-06-01,4333,1005,France,Training,11
2028-06-01,11675,3705,France,Hardware,14
2028-06-01,1519,548,United States,Software,1
2028-06-01,8821,1913,Spain,Services,12
2028-06-01,2146,412,Japan,Training,2
2028-06-01,4600,1537,France,Services,4
2028-06-01,5742,2255,United States,Software,8
2028-06-01,21725,3331,United States,Hardware,28
2028-06-01,13087,2788,United Kingdom,Hardware,11
2028-06-01,2848,1258,United States,Software,6
2028-06-01,22047,8454,Germany,Software,22
2028-06-01,19226,4623,United States,Hardware,21
2028-06-01,5532,1459,Germany,Services,1
2028-06-01,4652,1509,United States,Services,1
2028-06-01,20802,7315,Japan,Software,24
2028-06-01,4277,1696,United States,Services,5
2028-06-01,8305,2084,United Kingdom,Software,6
2028-06-01,16914,3190,United States,Services,19
2028-06-01,11269,3697,Japan,Software,16
2028-06-01,3892,1618,France,Software,5
2028-06-01,5435,1302,United Kingdom,Training,1
2028-06-01,15073,4549,France,Services,15
2028-06-01,1933,497,Germany,Training,1
2028-06-01,16113,3714,United States,Hardware,19
2028-06-01,5244,1181,United States,Training,5
2028-06-01,9108,2307,Spain,Hardware,8
2028-06-01,9717,1403,United Kingdom,Hardware,14
2028-06-01,16948,3878,United States,Hardware,19
2028-06-01,6593,2305,Germany,Software,9
2028-06-01,24234,7728,France,Hardware,32
2028-06-01,6303,2080,United States,Hardware,8
2028-06-01,6244,1498,France,Training,8
2028-06-01,8776,3321,Japan,Services,7
2028-06-01,3421,1121,France,Training,1
2028-06-01,9740,2674,Germany,Hardware,16
2028-06-01,8120,3403,Japan,Software,9
2028-06-01,4545,1030,United States,Training,6
2028-06-01,10113,3850,United States,Services,11
2028-06-01,5223,1778,Germany,Hardware,3
2028-06-01,10852,2511,Japan,Training,15
2028-06-01,4253,1598,United States,Software,5
2028-06-01,4421,616,United States,Training,5
2028-06-01,2378,543,Germany,Training,2
2028-06-01,6473,1700,Japan,Training,8
2028-06-01,17334,4929,Germany,Hardware,21
2028-06-01,6365,1518,France,Hardware,7
2028-06-01,22222,2500,Germany,Hardware,25
2028-06-01,2770,1045,Japan,Software,3
2028-06-01,3345,1158,United States,Training,4
2028-06-01,5189,1485,Spain,Services,7
2028-06-01,11484,2191,Japan,Hardware,16
2028-06-01,4113,1128,France,Hardware,1
2028-06-01,7745,3090,France,Services,8
2028-06-01,2615,415,Germany,Training,2
2028-06-01,9447,3425,France,Services,6
2028-06-01,7040,2697,United States,Software,5
2028-07-01,11334,2092,Spain,Hardware,16
2028-07-01,3213,607,Spain,Training,1
2028-07-01,2862,962,Germany,Software,1
2028-07-01,2105,1053,United Kingdom,Software,4
2028-07-01,25157,6777,Germany,Hardware,28
2028-07-01,7005,2698,Japan,Software,8
2028-07-01,5090,1289,France,Hardware,7
2028-07-01,1487,397,France,Services,1
2028-07-01,11245,4970,Spain,Software,14
2028-07-01,6506,2486,Spain,Hardware,4
2028-07-01,13455,1719,United Kingdom,Hardware,15
2028-07-01,5710,2076,United States,Software,6
2028-07-01,6046,2415,United Kingdom,Software,8
2028-07-01,6344,1563,France,Services,5
2028-07-01,6623,1784,France,Hardware,3
2028-07-01,6738,781,United States,Hardware,4
2028-07-01,6256,1539,Spain,Services,6
2028-07-01,13189,5970,United Kingdom,Software,16
2028-07-01,7736,2879,Germany,Software,5
2028-07-01,17449,4290,United States,Hardware,18
2028-07-01,16642,4723,Spain,Software,21
2028-07-01,17233,6040,United States,Services,17
2028-07-01,35942,6806,Germany,Hardware,40
2028-07-01,7168,3022,United States,Services,5
2028-07-01,4177,1131,United States,Training,7
2028-07-01,7776,2235,Japan,Training,10
2028-07-01,6270,1968,Spain,Training,8
2028-07-01,4089,1107,United States,Training,4
2028-07-01,9689,2208,United Kingdom,Hardware,13
2028-07-01,5252,1460,France,Training,2
2028-07-01,3574,1218,France,Services,2
2028-07-01,4526,1167,United Kingdom,Training,2
2028-07-01,12803,1821,France,Hardware,16
2028-07-01,6796,2610,France,Software,5
2028-07-01,3754,1270,United States,Software,5
2028-07-01,2398,748,United States,Services,1
2028-07-01,3971,1444,France,Software,4
2028-07-01,7397,1651,Germany,Services,10
2028-07-01,4771,1884,United States,Software,3
2028-07-01,9416,1940,United States,Hardware,6
2028-07-01,7124,1743,Germany,Hardware,6
2028-07-01,7956,2942,France,Services,8
2028-07-01,13247,3397,France,Software,13
2028-07-01,6921,2799,Japan,Software,6
2028-07-01,3029,586,France,Services,4
2028-07-01,3362,614,Germany,Services,1
2028-07-01,26110,7813,France,Services,29
2028-07-01,10164,1620,Germany,Hardware,15
2028-07-01,6785,2861,Germany,Services,7
2028-07-01,6375,1708,France,Software,7
2028-07-01,1176,313,United States,Training,1
2028-07-01,8632,2222,Germany,Services,11
2028-07-01,5739,2036,United States,Software,2
2028-07-01,4759,1513,Japan,Services,6
2028-07-01,13890,4239,United Kingdom,Services,11
2028-07-01,3108,607,Spain,Training,1
2028-07-01,6091,2052,France,Training,9
2028-07-01,6113,892,Germany,Hardware,9
2028-07-01,6330,2115,Spain,Services,12
2028-07-01,8226,3454,Spain,Software,14
2028-07-01,11303,2209,United States,Hardware,17
2028-07-01,12631,3472,Spain,Services,15
2028-07-01,21161,6063,United States,Hardware,22
2028-07-01,15705,5066,United States,Hardware,19
2028-07-01,13241,2868,United States,Hardware,19
2028-07-01,14356,3625,Germany,Services,18
2028-07-01,6526,1485,United Kingdom,Hardware,2
2028-07-01,1637,359,France,Training,1
2028-07-01,16415,4960,Spain,Hardware,20
2028-07-01,20139,7829,United States,Software,22
2028-07-01,3172,983,Spain,Training,1
2028-07-01,2766,906,Germany,Software,5
2028-07-01,2744,1202,United States,Services,6
2028-07-01,9775,2775,Spain,Software,10
2028-07-01,5648,1878,Japan,Software,2
2028-07-01,14107,4975,Germany,Software,16
2028-07-01,3140,1072,United States,Services,1
2028-07-01,23256,10487,Germany,Software,27
2028-07-01,6787,2900,Japan,Training,8
2028-07-01,24498,8057,United States,Hardware,24
2028-07-01,3577,1603,United Kingdom,Software,12
2028-07-01,2259,332,United States,Training,3
2028-07-01,2835,784,United States,Training,5
2028-07-01,1956,649,Spain,Training,
2028-07-01,6841,2818,United States,Software,8
2028-07-01,2214,684,Germany,Training,1
2028-07-01,3575,904,United States,Services,2
2028-07-01,3858,1432,Spain,Training,2
2028-07-01,7227,2236,Germany,Software,8
2028-07-01,16979,5324,Spain,Services,16
2028-07-01,6729,941,Germany,Services,5
2028-07-01,10476,2416,Germany,Services,16
2028-07-01,3679,1378,United States,Software,6
2028-07-01,15648,2469,United States,Hardware,17
2028-07-01,14898,2619,Spain,Hardware,15
2028-07-01,5169,1498,Spain,Services,11
2028-07-01,9007,2898,Spain,Software,13
2028-07-01,14702,4467,Japan,Services,20
2028-07-01,5031,2356,France,Software,1
2028-07-01,9966,2380,United States,Training,8
2028-07-01,4219,847,United Kingdom,Software,4
2028-07-01,1255,471,Germany,Training,5
2028-07-01,8339,2030,United States,Software,5
2028-07-01,3421,1265,United States,Software,1
2028-07-01,8567,3245,United States,Software,16
2028-07-01,11502,3203,France,Hardware,10
2028-07-01,9823,3971,Spain,Services,11
2028-07-01,15758,3931,United States,Hardware,15
2028-07-01,2168,440,Japan,Training,3
2028-07-01,2168,286,United States,Training,1
2028-07-01,1410,368,United Kingdom,Training,1
2028-07-01,2677,619,France,Hardware,10
2028-07-01,2753,832,United States,Training,6
2028-07-01,7252,2860,Spain,Software,4
2028-07-01,13121,3899,Germany,Software,14
2028-07-01,3316,1483,Germany,Services,1
2028-07-01,2788,613,Germany,Training,4
2028-07-01,3806,1317,Germany,Training,2
2028-07-01,3423,1396,United States,Software,4
2028-07-01,4153,1213,Japan,Services,3
2028-07-01,3731,749,Germany,Training,7
2028-07-01,6002,1074,Japan,Training,5
2028-07-01,9117,2754,Germany,Services,11
2028-07-01,8764,2601,United States,Hardware,4
2028-07-01,3786,1509,United Kingdom,Services,14
2028-07-01,35648,8026,Japan,Hardware,47
2028-07-01,3995,1377,Spain,Services,4
2028-07-01,5958,1191,Germany,Training,15
2028-07-01,9917,2505,Spain,Hardware,10
2028-07-01,1586,238,Japan,Training,1
2028-07-01,5546,1551,Japan,Software,10
2028-07-01,1574,311,Germany,Training,1
2028-07-01,4617,2347,United States,Software,4
2028-07-01,20912,4867,Spain,Hardware,24
2028-07-01,3587,1289,Germany,Services,9
2028-07-01,10797,4050,United Kingdom,Software,12
2028-07-01,1071,312,United States,Training,1
2028-07-01,5431,1457,Spain,Training,3
2028-07-01,957,240,Japan,Training,1
2028-07-01,1556,474,United States,Training,1
2028-07-01,14234,6632,Japan,Software,14
2028-07-01,7192,1984,United Kingdom,Services,15
2028-07-01,7004,1393,Japan,Hardware,10
2028-07-01,12232,1924,Germany,Training,16
2028-07-01,44440,11694,Germany,Hardware,46
2028-07-01,9987,2785,Spain,Services,13
2028-07-01,2579,769,Japan,Training,1
2028-07-01,19459,6087,France,Hardware,17
2028-07-01,8681,2644,United States,Software,8
2028-07-01,5001,1333,Germany,Software,4
2028-07-01,8465,2658,United States,Training,8
2028-07-01,30069,7324,Germany,Hardware,29
2028-07-01,5282,2830,Spain,Software,7
2028-07-01,4786,2242,France,Software,8
2028-07-01,6322,1072,Spain,Hardware,1
2028-07-01,8929,2712,United States,Services,11
2028-07-01,6431,2476,United States,Software,7
2028-07-01,3264,695,United States,Services,7
2028-07-01,8442,2859,Spain,Software,7
2028-07-01,19546,6348,Japan,Services,21
2028-07-01,14242,2804,United States,Hardware,18
2028-07-01,3033,589,Germany,Training,5
2028-07-01,6867,3083,United States,Software,9
2028-07-01,7251,1871,Spain,Services,5
2028-07-01,4245,786,Spain,Training,2
2028-07-01,3103,340,France,Hardware,4
2028-07-01,5383,513,France,Hardware,8
2028-07-01,12367,4739,United States,Software,16
2028-07-01,5177,2023,Germany,Training,7
2028-07-01,6845,2509,United Kingdom,Hardware,9
2028-07-01,5421,1209,Spain,Hardware,7
2028-07-01,13944,4214,Spain,Software,9
2028-07-01,6473,2736,Japan,Software,10
2028-07-01,3372,817,United States,Training,1
2028-07-01,2195,882,Japan,Software,1
2028-07-01,5195,1514,United States,Training,11
2028-07-01,28757,7714,United Kingdom,Hardware,36
2028-07-01,2896,798,United States,Services,6
2028-07-01,1790,486,Germany,Training,1
2028-07-01,7450,3191,Germany,Software,4
2028-07-01,9245,4823,United States,Software,12
2028-07-01,3920,1470,Germany,Software,3
2028-07-01,12926,4777,Germany,Training,12
2028-07-01,18211,6107,United Kingdom,Hardware,19
2028-07-01,6368,1446,Germany,Training,5
2028-07-01,5224,1541,United States,Training,5
2028-07-01,3410,1000,Spain,Training,5
2028-07-01,5448,2863,Germany,Software,4
2028-07-01,4664,1789,United States,Services,8
2028-07-01,9312,2267,France,Services,9
2028-07-01,15070,6177,United States,Software,14
2028-07-01,6036,2289,United States,Services,7
2028-07-01,5176,1682,Japan,Software,8
2028-07-01,4481,1498,United States,Services,8
2028-07-01,6629,1816,United States,Hardware,8
2028-07-01,4292,606,United Kingdom,Training,6
2028-07-01,4643,1094,France,Services,1
2028-07-01,12790,4404,Germany,Services,18
2028-07-01,5408,2329,Germany,Services,11
2028-07-01,10903,2815,France,Hardware,15
2028-07-01,3012,722,Japan,Training,1
2028-07-01,2289,332,Spain,Training,1
2028-07-01,3543,1482,France,Services,5
2028-07-01,10880,2863,Japan,Services,9
2028-07-01,7960,2989,United States,Software,5
2028-07-01,6777,1373,United Kingdom,Hardware,15
2028-07-01,15724,7720,Spain,Software,18
2028-07-01,8747,2615,France,Services,15
2028-07-01,8642,2399,Germany,Services,8
2028-07-01,1704,586,Spain,Services,1
2028-07-01,39215,14829,Japan,Software,49
2028-07-01,22298,1754,Germany,Hardware,20
2028-07-01,12161,3637,Spain,Hardware,10
2028-07-01,5359,1790,United Kingdom,Software,4
2028-07-01,1897,266,Japan,Training,1
2028-07-01,4889,2136,United States,Software,7
2028-07-01,5073,1247,United States,Services,6
2028-07-01,17129,6416,France,Software,16
2028-07-01,8191,3884,France,Software,10
2028-07-01,4574,1357,Japan,Training,7
2028-07-01,4164,1006,Germany,Training,2
2028-07-01,3612,603,France,Services,1
2028-07-01,17432,5474,Spain,Hardware,24
2028-07-01,6086,2786,United States,Software,12
2028-07-01,13425,3484,Japan,Hardware,17
2028-07-01,2415,410,Spain,Training,1
2028-07-01,4144,1324,France,Training,4
2028-07-01,6341,964,France,Hardware,7
2028-07-01,3255,462,Germany,Hardware,2
2028-07-01,13659,3530,Spain,Hardware,16
2028-07-01,9719,2105,Japan,Hardware,11
2028-07-01,9017,2464,France,Hardware,12
2028-07-01,2946,1104,France,Training,4
2028-07-01,5633,859,United States,Hardware,7
2028-07-01,4143,1267,Germany,Services,4
2028-07-01,18599,4517,Germany,Hardware,20
2028-07-01,1838,409,United States,Training,6
2028-07-01,7530,2047,Japan,Training,8
2028-07-01,14724,7632,United States,Software,22
2028-07-01,4265,835,Spain,Training,2
2028-07-01,13277,4880,United States,Services,17
2028-07-01,9672,3012,Spain,Software,8
2028-07-01,1817,499,Germany,Services,3
2028-07-01,12988,2294,France,Software,15
2028-07-01,8121,1908,United States,Services,10
2028-07-01,17090,3797,Spain,Hardware,21
2028-07-01,1926,571,United States,Training,5
2028-07-01,2794,830,Japan,Training,7
2028-07-01,4669,1850,France,Software,8
2028-07-01,3788,844,Spain,Training,7
2028-07-01,29567,10992,United States,Software,35
2028-07-01,5200,2076,Japan,Software,5
2028-07-01,11450,3641,France,Hardware,12
2028-07-01,2504,671,Germany,Training,3
2028-07-01,12869,2739,Japan,Hardware,15
2028-07-01,4342,849,United States,Services,5
2028-07-01,9731,2369,Japan,Training,12
2028-07-01,2923,1191,United States,Services,5
2028-07-01,11438,1449,Japan,Hardware,11
2028-07-01,3437,643,United Kingdom,Training,5
2028-07-01,6953,1969,Spain,Training,6
2028-07-01,4874,717,United Kingdom,Hardware,8
2028-07-01,5855,2008,Spain,Hardware,7
2028-07-01,6604,1796,United States,Training,11
2028-07-01,13205,3661,Germany,Training,15
2028-07-01,7996,2063,Germany,Hardware,10
2028-07-01,3728,1318,United States,Services,7
2028-07-01,21374,4564,United States,Services,19
2028-07-01,4494,1259,United States,Services,6
2028-07-01,12602,2561,Spain,Hardware,16
2028-07-01,8602,2449,United Kingdom,Hardware,7
2028-07-01,5405,1292,Japan,Services,3
2028-07-01,7211,2343,United States,Software,8
2028-07-01,1751,401,United States,Training,2
2028-07-01,10109,3888,Germany,Services,12
2028-07-01,3408,850,Germany,Training,4
2028-07-01,14974,3498,United States,Hardware,18
2028-07-01,12986,4341,Japan,Services,10
2028-07-01,11109,2990,Spain,Software,10
2028-07-01,5131,1453,United States,Software,5
2028-07-01,5227,1183,Spain,Hardware,2
2028-07-01,4482,1622,United States,Training,2
2028-07-01,5578,1423,United Kingdom,Services,6
2028-07-01,11529,4319,France,Software,11
2028-07-01,8225,4021,Japan,Software,10
2028-07-01,1426,490,France,Training,2
2028-07-01,7975,2566,United States,Services,5
2028-07-01,1340,384,United States,Training,6
2028-07-01,2327,667,United Kingdom,Hardware,2
2028-07-01,2016,624,Spain,Services,1
2028-07-01,6542,1906,United Kingdom,Hardware,11
2028-07-01,11419,2473,Germany,Services,15
2028-07-01,4498,1125,Germany,Training,1
2028-07-01,2062,536,United States,Training,9
2028-07-01,9190,2310,United States,Services,8
2028-07-01,5035,1204,Spain,Software,3
2028-07-01,7126,1757,United States,Hardware,7
2028-07-01,8627,2279,Japan,Hardware,10
2028-07-01,4088,1295,Spain,Training,8
2028-07-01,14921,5964,United Kingdom,Software,16
2028-07-01,4929,2071,Spain,Software,2
2028-07-01,12926,4764,France,Software,12
2028-07-01,1799,567,United States,Services,2
2028-07-01,2816,886,France,Training,5
2028-07-01,5409,1806,United States,Training,7
2028-07-01,3034,799,Spain,Training,3
2028-07-01,1303,312,United Kingdom,Training,1
2028-07-01,14931,4860,Germany,Hardware,17
2028-07-01,7555,3173,United States,Services,6
2028-07-01,2917,744,Spain,Services,7
2028-07-01,7250,599,Germany,Hardware,3
2028-07-01,5141,1226,Germany,Hardware,5
2028-07-01,8433,3126,United States,Services,14
2028-07-01,2297,728,United States,Software,2
2028-07-01,8085,2832,United States,Services,9
2028-07-01,4095,821,France,Training,12
2028-07-01,5427,713,Spain,Hardware,10
2028-07-01,12996,4482,France,Services,18
2028-07-01,5476,1900,Japan,Hardware,
2028-07-01,4571,1325,United States,Software,10
2028-07-01,3989,983,United States,Services,7
2028-07-01,5502,1561,United States,Services,7
2028-07-01,7570,3285,United States,Software,4
2028-07-01,3073,1275,Germany,Software,6
2028-07-01,9385,3199,Germany,Services,16
2028-07-01,7646,1563,United Kingdom,Hardware,10
2028-07-01,14092,2720,Germany,Hardware,14
2028-07-01,6375,2438,Germany,Services,13
2028-07-01,13939,3166,United Kingdom,Hardware,17
2028-07-01,4023,1446,United States,Services,1
2028-07-01,9577,1797,Japan,Hardware,8
2028-07-01,2957,880,France,Training,6
2028-07-01,7738,2380,Japan,Training,1
2028-07-01,2720,813,United States,Services,1
2028-07-01,2811,833,Spain,Training,4
2028-07-01,20293,4553,France,Hardware,27
2028-07-01,7948,1408,Japan,Services,10
2028-07-01,5143,999,France,Training,6
2028-07-01,12112,4044,France,Hardware,14
2028-07-01,7278,1745,United States,Services,9
2028-07-01,9308,3855,Germany,Training,13
2028-07-01,4937,1202,Spain,Services,2
2028-07-01,9443,2802,Japan,Training,13
2028-07-01,3200,1188,Spain,Services,3
2028-07-01,3497,1648,Germany,Training,3
2028-07-01,4009,-136,United States,Training,3
2028-07-01,2768,794,United States,Training,3
2028-07-01,6345,2158,Japan,Services,7
2028-07-01,25713,10515,Germany,Software,32
2028-07-01,7874,2463,Spain,Services,9
2028-07-01,4304,736,Japan,Services,8
2028-07-01,3443,549,Germany,Training,4
2028-07-01,2164,480,Spain,Training,5
2028-07-01,4106,2020,Germany,Software,8
2028-07-01,4674,1519,Spain,Services,5
2028-07-01,5140,1325,Germany,Services,11
2028-07-01,8171,1327,United States,Training,10
2028-07-01,5484,2472,Japan,Software,9
2028-07-01,4210,1149,Spain,Training,5
2028-07-01,6084,1742,Japan,Training,5
2028-07-01,2442,667,Japan,Training,1
2028-07-01,5440,2069,Japan,Services,8
2028-07-01,1076,464,Japan,Training,1
2028-07-01,16608,4781,United States,Training,21
2028-07-01,13131,2241,United States,Hardware,14
2028-07-01,10455,2631,Spain,Hardware,9
2028-07-01,5542,1808,United States,Training,3
2028-07-01,14064,2560,Japan,Hardware,16
2028-07-01,4979,1645,United Kingdom,Training,9
2028-07-01,15384,3786,Japan,Services,18
2028-07-01,9665,3473,France,Software,10
2028-07-01,13390,5162,Spain,Services,13
2028-07-01,12879,3400,Spain,Hardware,16
2028-07-01,9399,2295,United States,Training,12
2028-07-01,2608,868,Spain,Services,2
2028-07-01,4991,1701,United Kingdom,Services,4
2028-07-01,16139,3556,United Kingdom,Hardware,14
2028-07-01,2435,791,Germany,Training,2
2028-07-01,3209,978,United States,Training,2
2028-07-01,16911,4047,Germany,Hardware,16
2028-07-01,2930,791,Germany,Training,4
2028-07-01,10270,1904,United States,Hardware,15
2028-07-01,9788,3748,United Kingdom,Software,10
2028-07-01,2478,811,Germany,Services,1
2028-07-01,11504,3650,United States,Services,13
2028-07-01,29733,6451,Germany,Hardware,
2028-07-01,9020,2550,Germany,Software,12
2028-07-01,3217,1143,Spain,Training,
2028-07-01,4017,982,Japan,Services,4
2028-07-01,4585,1593,Spain,Services,3
2028-07-01,4644,1111,France,Software,5
2028-07-01,11278,1964,United States,Hardware,11
2028-07-01,3684,1253,Germany,Training,1
2028-07-01,3035,899,Germany,Services,8
2028-07-01,2433,737,France,Services,3
2028-07-01,9012,3221,Spain,Software,12
2028-07-01,6130,2003,United States,Services,9
2028-07-01,6018,2669,France,Software,9
2028-07-01,3277,910,France,Training,2
2028-07-01,4196,1034,Spain,Training,1
2028-08-01,7663,2807,United Kingdom,Services,9
2028-08-01,6548,3250,Germany,Software,6
2028-08-01,2968,919,United States,Services,1
2028-08-01,17595,2961,Spain,Hardware,21
2028-08-01,6651,2514,Germany,Software,5
2028-08-01,5453,1709,Germany,Services,7
2028-08-01,4471,1204,Germany,Services,5
2028-08-01,5664,2221,United States,Software,6
2028-08-01,3409,1789,Spain,Software,9
2028-08-01,10376,3269,United Kingdom,Services,9
2028-08-01,1754,634,United Kingdom,Training,2
2028-08-01,4097,935,Spain,Training,5
2028-08-01,15471,5248,Spain,Software,15
2028-08-01,8158,2472,United States,Software,8
2028-08-01,7342,1807,United States,Services,6
2028-08-01,7733,1614,Germany,Hardware,7
2028-08-01,6055,2071,Japan,Software,2
2028-08-01,8063,2321,Spain,Services,9
2028-08-01,2244,614,United States,Training,3
2028-08-01,8479,1219,United States,Hardware,9
2028-08-01,4861,1559,France,Software,3
2028-08-01,4941,1199,United States,Hardware,
2028-08-01,6994,2630,United States,Services,4
2028-08-01,6364,762,France,Services,6
2028-08-01,21669,5622,United States,Hardware,25
2028-08-01,8856,3144,United Kingdom,Software,13
2028-08-01,14205,2318,United States,Hardware,23
2028-08-01,7127,1016,United Kingdom,Hardware,7
2028-08-01,8669,2847,Spain,Services,4
2028-08-01,3140,1003,France,Training,3
2028-08-01,20013,2199,Japan,Hardware,23
2028-08-01,2480,731,United Kingdom,Training,4
2028-08-01,3415,924,Japan,Training,5
2028-08-01,1398,239,Japan,Training,1
2028-08-01,7974,1979,Spain,Services,9
2028-08-01,2499,529,Japan,Training,2
2028-08-01,5608,1819,United Kingdom,Training,7
2028-08-01,2157,560,United States,Training,2
2028-08-01,3114,-66,Japan,Hardware,2
2028-08-01,11476,1884,United Kingdom,Hardware,10
2028-08-01,2972,848,France,Training,6
2028-08-01,2931,621,Spain,Training,5
2028-08-01,3721,922,Japan,Services,2
2028-08-01,7439,1909,Spain,Hardware,3
2028-08-01,2804,556,United States,Training,3
2028-08-01,6572,2190,United States,Services,6
2028-08-01,15389,5655,Spain,Services,15
2028-08-01,6154,2412,Japan,Software,5
2028-08-01,6054,1685,Spain,Training,6
2028-08-01,7199,2104,United States,Software,5
2028-08-01,8458,2103,United States,Services,12
2028-08-01,3756,973,Spain,Training,8
2028-08-01,8381,3429,Spain,Software,10
2028-08-01,5206,1754,United States,Software,7
2028-08-01,2507,1200,France,Software,1
2028-08-01,2934,882,Japan,Training,3
2028-08-01,7020,2935,Japan,Software,10
2028-08-01,5889,1749,Germany,Services,7
2028-08-01,6457,1684,Japan,Services,5
2028-08-01,7894,2994,United Kingdom,Software,4
2028-08-01,1010,357,Germany,Training,2
2028-08-01,3055,1169,United States,Software,1
2028-08-01,5731,2240,Spain,Software,1
2028-08-01,8058,1444,United States,Software,7
2028-08-01,1355,365,Spain,Training,2
2028-08-01,3121,1028,Japan,Software,3
2028-08-01,3351,1034,United States,Services,6
2028-08-01,2687,966,Japan,Services,1
2028-08-01,1529,447,United States,Training,2
2028-08-01,2303,888,United Kingdom,Training,2
2028-08-01,4609,1283,United States,Services,1
2028-08-01,11467,4150,France,Hardware,11
2028-08-01,3977,600,United States,Hardware,4
2028-08-01,5467,1970,Germany,Services,10
2028-08-01,6974,2859,Spain,Software,13
2028-08-01,1933,945,Japan,Software,1
2028-08-01,2895,906,Germany,Software,5
2028-08-01,10056,1811,Germany,Hardware,10
2028-08-01,12832,3577,Japan,Hardware,16
2028-08-01,6103,2487,Japan,Services,12
2028-08-01,3518,1018,France,Training,2
2028-08-01,2821,901,United States,Services,8
2028-08-01,2988,898,Germany,Software,5
2028-08-01,7744,383,Germany,Hardware,10
2028-08-01,3014,972,Germany,Services,1
2028-08-01,18944,3473,Spain,Hardware,25
2028-08-01,4767,1253,United States,Services,4
2028-08-01,2215,781,United States,Services,4
2028-08-01,5421,1986,United States,Services,1
2028-08-01,2346,820,Japan,Services,4
2028-08-01,1431,306,Japan,Training,1
2028-08-01,20801,5287,Japan,Hardware,22
2028-08-01,8678,3457,United States,Software,12
2028-08-01,9987,2664,United States,Software,10
2028-08-01,11925,4762,United States,Software,15
2028-08-01,10455,2837,Japan,Services,13
2028-08-01,2962,1168,United Kingdom,Hardware,4
2028-08-01,1529,340,Japan,Training,1
2028-08-01,9590,2331,United Kingdom,Services,13
2028-08-01,33813,5524,Germany,Hardware,34
2028-08-01,8676,1036,Germany,Hardware,3
2028-08-01,11653,3894,United States,Software,11
2028-08-01,10042,4677,United States,Software,9
2028-08-01,23690,4041,Spain,Hardware,23
2028-08-01,5431,1598,Japan,Services,6
2028-08-01,6485,3061,France,Software,1
2028-08-01,15088,7977,Germany,Software,12
2028-08-01,1940,446,Japan,Software,7
2028-08-01,8036,1789,Germany,Services,10
2028-08-01,3815,806,United States,Training,11
2028-08-01,2893,597,Germany,Training,
2028-08-01,4118,963,Germany,Hardware,2
2028-08-01,9150,1731,France,Hardware,10
2028-08-01,5785,2150,Germany,Services,1
2028-08-01,2641,671,United States,Training,4
2028-08-01,15601,5869,United States,Hardware,15
2028-08-01,1974,498,Spain,Services,1
2028-08-01,3206,982,United States,Training,1
2028-08-01,6907,1183,France,Training,9
2028-08-01,3680,1037,Germany,Services,3
2028-08-01,9947,2601,Japan,Hardware,12
2028-08-01,1404,380,Japan,Training,1
2028-08-01,6754,1570,Spain,Services,8
2028-08-01,1368,375,Germany,Services,4
2028-08-01,3608,928,Germany,Services,1
2028-08-01,8136,2249,United Kingdom,Hardware,9
2028-08-01,9299,3172,Spain,Software,6
2028-08-01,6329,1931,Spain,Services,10
2028-08-01,4388,1575,United Kingdom,Training,6
2028-08-01,5959,2835,United States,Software,7
2028-08-01,7812,2867,United States,Software,5
2028-08-01,10222,2708,United States,Services,10
2028-08-01,7195,2164,Germany,Software,11
2028-08-01,4528,1025,United States,Hardware,4
2028-08-01,1864,572,United Kingdom,Training,1
2028-08-01,2077,855,Japan,Software,1
2028-08-01,4303,908,United Kingdom,Services,7
2028-08-01,3249,1071,Germany,Training,4
2028-08-01,5904,1284,United States,Hardware,7
2028-08-01,4281,1670,United States,Services,6
2028-08-01,9772,4368,Spain,Software,11
2028-08-01,22124,4425,United Kingdom,Hardware,23
2028-08-01,5383,2068,Germany,Services,12
2028-08-01,12400,2694,United States,Hardware,16
2028-08-01,2186,622,Germany,Hardware,6
2028-08-01,12972,3323,Spain,Hardware,17
2028-08-01,4721,1360,Spain,Hardware,4
2028-08-01,4071,1266,Germany,Training,2
2028-08-01,2896,767,Germany,Training,1
2028-08-01,3784,1090,Spain,Training,3
2028-08-01,18288,5422,Japan,Hardware,21
2028-08-01,4578,1679,Japan,Training,1
2028-08-01,7409,1787,Germany,Hardware,12
2028-08-01,1617,375,United States,Training,1
2028-08-01,3600,764,Germany,Training,3
2028-08-01,10063,2860,United States,Services,12
2028-08-01,6360,2523,France,Software,7
2028-08-01,7308,2023,Germany,Hardware,9
2028-08-01,4877,1738,United States,Training,10
2028-08-01,16448,6118,Germany,Software,16
2028-08-01,2147,372,Germany,Training,1
2028-08-01,31437,3962,United States,Hardware,35
2028-08-01,9386,4464,Germany,Services,8
2028-08-01,4580,1169,Germany,Hardware,6
2028-08-01,6291,2396,France,Software,6
2028-08-01,4886,1465,United States,Software,4
2028-08-01,5922,2014,France,Services,10
2028-08-01,5405,1247,United Kingdom,Training,7
2028-08-01,3089,694,United States,Training,7
2028-08-01,13549,6759,Spain,Software,16
2028-08-01,1789,536,United States,Training,2
2028-08-01,3959,934,France,Training,8
2028-08-01,3275,1189,France,Software,4
2028-08-01,9745,2574,France,Training,8
2028-08-01,12265,4445,Spain,Services,7
2028-08-01,6963,1957,United States,Hardware,12
2028-08-01,16737,7010,Germany,Software,
2028-08-01,1463,416,Spain,Services,1
2028-08-01,5321,1975,Japan,Software,3
2028-08-01,3673,1717,Germany,Software,1
2028-08-01,2710,921,Germany,Training,1
2028-08-01,3426,1024,Japan,Hardware,7
2028-08-01,7066,2799,United Kingdom,Software,2
2028-08-01,1540,419,Japan,Training,1
2028-08-01,4975,1866,United States,Services,5
2028-08-01,5396,1495,Spain,Training,3
2028-08-01,4406,1249,Japan,Software,5
2028-08-01,15006,3247,Japan,Services,21
2028-08-01,2727,950,Germany,Training,1
2028-08-01,3783,1748,Spain,Software,2
2028-08-01,6065,2159,France,Software,3
2028-08-01,12032,4332,Japan,Software,14
2028-08-01,3961,1109,Germany,Services,2
2028-08-01,4107,869,Germany,Services,5
2028-08-01,3237,872,France,Hardware,4
2028-08-01,10983,4774,Spain,Software,10
2028-08-01,2477,909,Germany,Software,5
2028-08-01,9233,2018,Japan,Hardware,10
2028-08-01,7234,2868,United States,Software,13
2028-08-01,3251,526,United States,Hardware,5
2028-08-01,3312,1070,Germany,Training,3
2028-08-01,2571,614,United States,Training,5
2028-08-01,6233,2604,France,Services,1
2028-08-01,13328,2639,United States,Hardware,17
2028-08-01,5135,1301,Germany,Hardware,3
2028-08-01,7688,2430,United Kingdom,Services,9
2028-08-01,3746,1014,Germany,Training,11
2028-08-01,7853,2585,Japan,Software,10
2028-08-01,10677,3360,Japan,Services,10
2028-08-01,5647,1150,France,Training,5
2028-08-01,3496,1162,Japan,Services,2
2028-08-01,4798,569,France,Services,2
2028-08-01,7215,2138,United States,Services,8
2028-08-01,5824,1719,Germany,Services,10
2028-08-01,1462,520,Germany,Training,2
2028-08-01,2069,655,United Kingdom,Software,4
2028-08-01,11870,3058,France,Services,10
2028-08-01,5965,1655,Germany,Hardware,10
2028-08-01,3162,860,Spain,Services,3
2028-08-01,3211,648,United States,Training,4
2028-08-01,9287,1196,Japan,Services,11
2028-08-01,8692,1178,France,Training,14
2028-08-01,8690,3331,France,Software,16
2028-08-01,15984,4579,United States,Services,17
2028-08-01,1450,448,Spain,Training,3
2028-08-01,18148,5365,Germany,Hardware,22
2028-08-01,34156,14812,Spain,Software,33
2028-08-01,31570,4627,United States,Hardware,36
2028-08-01,5043,964,United States,Services,3
2028-08-01,11121,1600,United States,Hardware,12
2028-08-01,6591,2358,Japan,Training,4
2028-08-01,1139,269,France,Training,1
2028-08-01,2612,675,Germany,Services,4
2028-08-01,5507,2455,Japan,Software,5
2028-08-01,8155,2164,Germany,Hardware,9
2028-08-01,13933,4950,United States,Services,19
2028-08-01,1119,490,Germany,Training,1
2028-08-01,6054,386,United States,Hardware,6
2028-08-01,6920,2077,United States,Hardware,8
2028-08-01,1869,496,United Kingdom,Services,2
2028-08-01,10605,2059,United States,Hardware,12
2028-08-01,4125,1212,Germany,Software,1
2028-08-01,4187,1654,United Kingdom,Software,3
2028-08-01,17351,3957,United States,Services,19
2028-08-01,6541,1753,United States,Services,3
2028-08-01,2875,1167,Japan,Services,1
2028-08-01,1414,420,United Kingdom,Training,1
2028-08-01,4401,574,Germany,Training,6
2028-08-01,4050,1547,United States,Services,6
2028-08-01,3078,1009,France,Services,9
2028-08-01,3051,895,United Kingdom,Hardware,2
2028-08-01,5977,785,Japan,Hardware,9
2028-08-01,9378,1968,United Kingdom,Hardware,10
2028-08-01,3897,1333,United States,Services,8
2028-08-01,7992,3815,United Kingdom,Software,9
2028-08-01,2657,580,Germany,Training,
2028-08-01,20422,7714,France,Hardware,23
2028-08-01,2751,650,France,Hardware,4
2028-08-01,6461,2443,Japan,Services,4
2028-08-01,11889,2387,Spain,Hardware,11
2028-08-01,3893,561,France,Training,8
2028-08-01,8973,2573,Japan,Services,9
2028-08-01,3551,1063,Japan,Services,4
2028-08-01,4108,1778,Spain,Services,3
2028-08-01,9667,2338,Japan,Services,14
2028-08-01,6128,1329,Spain,Hardware,12
2028-08-01,2036,666,Japan,Training,3
2028-08-01,1640,626,United Kingdom,Services,1
2028-08-01,3411,429,Germany,Hardware,1
2028-08-01,9826,3052,United States,Software,13
2028-08-01,5966,2097,United States,Hardware,9
2028-08-01,6869,1465,United Kingdom,Training,9
2028-08-01,4186,950,United States,Services,1
2028-08-01,4767,1936,United States,Services,6
2028-08-01,9990,1734,Japan,Hardware,9
2028-08-01,12692,2131,Japan,Hardware,17
2028-08-01,4640,1420,Japan,Training,4
2028-08-01,10546,4616,United Kingdom,Software,9
2028-08-01,1669,347,France,Training,6
2028-08-01,9276,3474,France,Software,9
2028-08-01,12708,3704,Germany,Training,13
2028-08-01,1112,295,Spain,Hardware,2
2028-08-01,5568,1581,Japan,Services,1
2028-08-01,7781,1349,France,Services,7
2028-08-01,5244,2218,Japan,Services,6
2028-08-01,5571,2116,Germany,Software,4
2028-08-01,1442,368,France,Training,1
2028-08-01,5978,1241,United Kingdom,Training,11
2028-08-01,5799,1499,Germany,Services,6
2028-08-01,9617,1163,United Kingdom,Hardware,16
2028-08-01,3378,1016,Japan,Services,3
2028-08-01,5048,757,Germany,Training,6
2028-08-01,10882,2913,United States,Software,13
2028-08-01,21674,2470,United States,Hardware,26
2028-08-01,19154,3362,Spain,Hardware,20
2028-08-01,5177,1079,United States,Services,2
2028-08-01,13357,1267,United States,Hardware,14
2028-08-01,5924,2688,Spain,Software,11
2028-08-01,14788,4542,Japan,Software,16
2028-08-01,3764,934,United States,Training,8
2028-08-01,3970,934,United States,Training,2
2028-08-01,12730,3678,United States,Services,10
2028-08-01,4204,1660,Spain,Software,4
2028-08-01,16488,2722,United Kingdom,Hardware,19
2028-08-01,5222,1337,United States,Services,8
2028-08-01,6971,2561,Germany,Services,9
2028-08-01,5033,1855,France,Services,3
2028-08-01,1307,348,Spain,Training,5
2028-08-01,4830,1369,Spain,Training,6
2028-08-01,11460,3094,Germany,Hardware,12
2028-08-01,20952,5825,Japan,Hardware,23
2028-08-01,1590,643,United States,Training,2
2028-08-01,2116,525,Japan,Training,7
2028-08-01,4822,1576,United States,Services,12
2028-08-01,3781,1348,United Kingdom,Services,1
2028-08-01,20729,5747,France,Services,25
2028-08-01,8648,1667,United States,Hardware,12
2028-08-01,4660,807,France,Training,6
2028-08-01,20892,3039,Germany,Hardware,22
2028-08-01,7605,2030,Germany,Services,6
2028-08-01,8349,1181,France,Hardware,7
2028-08-01,4894,1337,Germany,Services,6
2028-08-01,6068,1584,France,Software,6
2028-08-01,6950,1424,United States,Services,6
2028-08-01,3474,942,United Kingdom,Hardware,6
2028-08-01,16282,2578,Japan,Hardware,19
2028-08-01,7026,2687,United States,Software,3
2028-08-01,7704,2033,Japan,Services,13
2028-08-01,7522,2282,United States,Services,11
2028-08-01,14511,4317,United States,Software,16
2028-08-01,6507,2766,United States,Software,11
2028-08-01,2538,428,United States,Training,2
2028-08-01,3390,841,United States,Services,8
2028-08-01,4327,1732,United States,Software,1
2028-08-01,5512,2050,United States,Services,7
2028-08-01,10346,2152,France,Hardware,7
2028-08-01,10164,2390,United States,Hardware,7
2028-08-01,10659,4586,Germany,Software,13
2028-08-01,7906,3692,Spain,Software,3
2028-08-01,3920,1345,United States,Services,3
2028-08-01,3171,722,Germany,Training,8
2028-08-01,13767,3021,Germany,Hardware,13
2028-08-01,2284,667,Spain,Services,6
2028-08-01,3509,2101,Germany,Software,11
2028-08-01,3845,1596,France,Software,3
2028-08-01,12202,4039,Germany,Services,19
2028-08-01,13960,3713,United States,Hardware,10
2028-08-01,3175,824,France,Hardware,2
2028-08-01,8633,2898,Spain,Training,13
2028-08-01,10216,2340,United States,Hardware,9
2028-08-01,1898,405,Japan,Training,3
2028-08-01,6404,1876,United Kingdom,Training,5
2028-08-01,3545,1248,United States,Services,1
2028-08-01,6087,1853,United States,Services,4
2028-08-01,1775,762,Germany,Services,6
2028-08-01,6860,1875,Spain,Services,9
2028-08-01,7070,788,United Kingdom,Training,6
2028-08-01,1291,377,Japan,Training,1
2028-08-01,8039,2502,United States,Hardware,5
2028-08-01,5708,1315,Japan,Hardware,7
2028-08-01,10891,3512,United States,Services,14
2028-08-01,3474,540,United States,Hardware,1
2028-08-01,1278,388,Germany,Services,2
2028-08-01,5503,850,Spain,Hardware,4
2028-08-01,1948,550,Japan,Services,8
2028-08-01,1347,542,France,Services,2
2028-08-01,6384,1980,United Kingdom,Services,5
2028-08-01,7142,1367,Japan,Hardware,4
2028-08-01,10152,3333,Spain,Hardware,18
2028-08-01,2149,592,United States,Software,4
2028-08-01,4356,1146,Japan,Services,6
2028-08-01,7251,2675,United Kingdom,Services,7
2028-08-01,4532,1337,United States,Training,4
2028-08-01,5477,1123,United States,Services,1
2028-08-01,4825,1436,Germany,Services,5
2028-08-01,5018,981,United States,Services,7
2028-08-01,12673,6155,France,Software,17
2028-08-01,27961,5805,United States,Hardware,34
2028-08-01,10221,3084,United States,Software,10
2028-08-01,5392,1409,Japan,Hardware,11
2028-08-01,2952,1272,United States,Software,2
2028-08-01,11379,3695,United States,Software,12
2028-08-01,7613,3082,Germany,Services,8
2028-08-01,12631,4008,France,Training,14
2028-08-01,7623,1731,France,Services,9
2028-08-01,4095,1218,Germany,Software,5
2028-08-01,4910,2004,United Kingdom,Training,5
2028-08-01,4334,2222,France,Software,5
2028-08-01,11457,3948,Spain,Software,15
2028-08-01,6908,1811,Japan,Training,7
2028-08-01,2933,763,Germany,Training,5
2028-08-01,2059,588,United Kingdom,Training,1
2028-08-01,5194,1037,Spain,Hardware,4
2028-08-01,2899,478,France,Hardware,4
2028-08-01,2149,311,United States,Hardware,5
2028-08-01,6386,2938,United States,Software,3
2028-08-01,6454,2479,United States,Services,6
2028-08-01,6799,3261,United States,Software,9
2028-08-01,10187,4249,Germany,Software,8
2028-08-01,6080,1541,Germany,Hardware,7
2028-09-01,4374,1923,United States,Software,2
2028-09-01,3789,533,Japan,Training,4
2028-09-01,9541,1868,Germany,Hardware,11
2028-09-01,3355,996,Japan,Training,4
2028-09-01,4494,1097,Japan,Hardware,2
2028-09-01,3977,1124,Japan,Services,1
2028-09-01,4033,920,Spain,Training,6
2028-09-01,3920,1097,United Kingdom,Hardware,2
2028-09-01,9036,3249,United States,Services,6
2028-09-01,4802,1251,Spain,Hardware,2
2028-09-01,4992,1637,France,Software,1
2028-09-01,9680,2401,Japan,Hardware,11
2028-09-01,9751,3753,United Kingdom,Software,17
2028-09-01,15447,3255,Japan,Hardware,22
2028-09-01,13050,3154,Spain,Hardware,10
2028-09-01,11619,2579,Japan,Services,13
2028-09-01,2074,693,United Kingdom,Software,4
2028-09-01,3088,1160,Germany,Software,5
2028-09-01,9700,1740,United Kingdom,Hardware,11
2028-09-01,6336,1436,Germany,Services,6
2028-09-01,2485,841,United States,Services,2
2028-09-01,1823,407,United States,Services,1
2028-09-01,2505,736,United States,Software,1
2028-09-01,21978,7643,United States,Hardware,22
2028-09-01,2005,620,Germany,Software,1
2028-09-01,3644,1312,United States,Software,2
2028-09-01,4455,685,Spain,Training,4
2028-09-01,3765,1152,France,Software,5
2028-09-01,9893,5847,United Kingdom,Software,14
2028-09-01,6209,2154,Japan,Software,4
2028-09-01,1467,240,Germany,Training,4
2028-09-01,3076,642,United States,Hardware,1
2028-09-01,1591,449,Japan,Training,1
2028-09-01,6460,2946,Japan,Software,8
2028-09-01,11661,3331,Spain,Hardware,14
2028-09-01,8308,2264,United States,Hardware,8
2028-09-01,2991,812,United Kingdom,Training,6
2028-09-01,6767,2604,Japan,Software,13
2028-09-01,3074,1121,United Kingdom,Services,5
2028-09-01,2799,582,Japan,Services,2
2028-09-01,5936,1721,United States,Hardware,4
2028-09-01,3092,873,United States,Services,5
2028-09-01,18741,4879,Spain,Hardware,23
2028-09-01,20887,3250,Germany,Hardware,23
2028-09-01,15699,4168,Germany,Hardware,20
2028-09-01,6625,2659,Japan,Services,8
2028-09-01,3495,1602,Japan,Software,6
2028-09-01,3535,1469,Germany,Services,1
2028-09-01,15322,7108,United States,Software,19
2028-09-01,2750,1035,Japan,Training,1
2028-09-01,2052,556,Japan,Training,7
2028-09-01,4591,1112,France,Training,1
2028-09-01,5326,1555,France,Services,8
2028-09-01,5148,1104,France,Hardware,7
2028-09-01,16340,1862,Japan,Hardware,21
2028-09-01,6113,1246,Japan,Hardware,9
2028-09-01,8670,3706,France,Software,11
2028-09-01,4985,1441,Germany,Services,2
2028-09-01,4974,1242,United States,Services,10
2028-09-01,7749,1885,United States,Services,12
2028-09-01,9135,1558,Germany,Hardware,12
2028-09-01,11573,1105,United Kingdom,Hardware,9
2028-09-01,5149,1628,Spain,Hardware,2
2028-09-01,9350,3272,Japan,Software,5
2028-09-01,2999,625,Germany,Hardware,8
2028-09-01,19379,4253,United Kingdom,Hardware,19
2028-09-01,4468,1412,Germany,Hardware,3
2028-09-01,7505,1831,United States,Hardware,13
2028-09-01,5146,2514,United States,Software,9
2028-09-01,15436,5261,Japan,Services,23
2028-09-01,3223,917,Japan,Services,2
2028-09-01,9985,1740,France,Hardware,10
2028-09-01,4390,2169,United States,Software,2
2028-09-01,19603,4761,Spain,Hardware,21
2028-09-01,28060,7568,Germany,Hardware,32
2028-09-01,12696,2156,United States,Hardware,14
2028-09-01,8331,1534,United States,Hardware,6
2028-09-01,4029,1506,Spain,Services,9
2028-09-01,12776,3254,France,Hardware,16
2028-09-01,10895,2467,France,Hardware,7
2028-09-01,1820,400,Germany,Training,6
2028-09-01,13568,4185,United Kingdom,Software,15
2028-09-01,3962,1274,United States,Services,4
2028-09-01,6166,1891,United Kingdom,Training,4
2028-09-01,1335,391,United States,Training,1
2028-09-01,5516,1176,United Kingdom,Training,8
2028-09-01,3765,745,United States,Training,6
2028-09-01,1463,530,Spain,Training,1
2028-09-01,4273,1536,Germany,Services,3
2028-09-01,15208,3595,United Kingdom,Hardware,12
2028-09-01,8419,4177,United Kingdom,Software,5
2028-09-01,5393,1524,United States,Services,4
2028-09-01,2856,824,Spain,Training,1
2028-09-01,7977,2866,Spain,Training,7
2028-09-01,7252,2073,Germany,Hardware,9
2028-09-01,1873,518,Spain,Training,4
2028-09-01,12369,5885,United States,Software,13
2028-09-01,7551,1180,Spain,Hardware,4
2028-09-01,4923,1747,Japan,Services,2
2028-09-01,1182,263,Japan,Training,10
2028-09-01,4119,859,United States,Training,3
2028-09-01,1313,501,United States,Training,1
2028-09-01,8663,1855,United States,Hardware,11
2028-09-01,5898,2191,Spain,Services,5
2028-09-01,1240,261,United Kingdom,Training,6
2028-09-01,10515,1379,United Kingdom,Hardware,18
2028-09-01,13046,2961,United Kingdom,Services,17
2028-09-01,2835,1109,Japan,Software,1
2028-09-01,3245,505,United States,Training,1
2028-09-01,7865,3854,Germany,Software,4
2028-09-01,8621,3279,United States,Software,15
2028-09-01,8358,3624,France,Software,8
2028-09-01,2655,751,France,Training,5
2028-09-01,2128,953,Spain,Training,8
2028-09-01,8022,1836,Spain,Hardware,4
2028-09-01,1767,546,United States,Software,1
2028-09-01,2260,752,Germany,Services,5
2028-09-01,5393,1670,United States,Training,5
2028-09-01,2006,501,Japan,Training,5
2028-09-01,10884,3270,Japan,Services,12
2028-09-01,2775,1190,Japan,Software,5
2028-09-01,5231,1188,Japan,Software,10
2028-09-01,4193,1057,Japan,Training,7
2028-09-01,5415,1272,Spain,Services,5
2028-09-01,5412,1485,United States,Services,6
2028-09-01,7046,2178,Spain,Training,7
2028-09-01,9305,2581,Spain,Services,9
2028-09-01,7106,1773,Japan,Services,12
2028-09-01,9669,2541,United States,Hardware,14
2028-09-01,4085,762,France,Services,1
2028-09-01,5855,2355,Germany,Services,10
2028-09-01,5738,1930,Germany,Software,6
2028-09-01,15268,5111,Japan,Services,18
2028-09-01,3554,1148,Germany,Hardware,1
2028-09-01,4298,1778,Germany,Software,11
2028-09-01,1393,589,France,Software,3
2028-09-01,3138,674,Japan,Training,2
2028-09-01,4950,2021,Germany,Services,6
2028-09-01,5927,984,Spain,Hardware,13
2028-09-01,5556,1248,United States,Training,5
2028-09-01,7616,2641,Japan,Software,9
2028-09-01,789,246,France,Services,1
2028-09-01,3041,492,Germany,Training,1
2028-09-01,46594,21627,United States,Software,56
2028-09-01,4605,1415,Spain,Hardware,7
2028-09-01,3279,696,United States,Services,1
2028-09-01,1771,387,United States,Training,1
2028-09-01,2297,725,United Kingdom,Training,2
2028-09-01,2947,839,Japan,Training,2
2028-09-01,4048,1554,United Kingdom,Training,2
2028-09-01,2489,418,Germany,Training,1
2028-09-01,2344,909,United States,Services,6
2028-09-01,15311,3250,United States,Software,16
2028-09-01,5970,2114,Germany,Services,5
2028-09-01,11514,4433,United States,Services,8
2028-09-01,11540,5198,United States,Software,10
2028-09-01,3845,930,Japan,Training,3
2028-09-01,5043,1588,United States,Services,3
2028-09-01,3987,895,United States,Hardware,6
2028-09-01,6029,1659,United States,Software,14
2028-09-01,3900,341,Spain,Training,8
2028-09-01,3488,345,Germany,Training,8
2028-09-01,4693,1166,United Kingdom,Services,10
2028-09-01,5729,2063,Spain,Training,11
2028-09-01,1997,552,United States,Hardware,2
2028-09-01,6128,1804,France,Training,6
2028-09-01,7650,1870,France,Hardware,11
2028-09-01,4775,1837,Germany,Software,4
2028-09-01,6156,1574,United States,Services,12
2028-09-01,4377,1324,United States,Services,6
2028-09-01,3925,1792,United States,Software,6
2028-09-01,4415,2015,Japan,Software,1
2028-09-01,7091,1758,Spain,Training,5
2028-09-01,30561,5945,France,Hardware,35
2028-09-01,3126,1070,Japan,Training,1
2028-09-01,1281,302,Spain,Training,4
2028-09-01,6281,2057,Spain,Software,5
2028-09-01,16053,4645,Japan,Hardware,16
2028-09-01,2736,670,Japan,Training,5
2028-09-01,3101,1185,Japan,Software,1
2028-09-01,946,243,France,Training,2
2028-09-01,2749,849,France,Training,8
2028-09-01,4718,1691,Spain,Software,3
2028-09-01,1573,412,Japan,Training,4
2028-09-01,3404,1291,Germany,Training,4
2028-09-01,11623,4374,Japan,Services,15
2028-09-01,2726,720,Japan,Training,1
2028-09-01,9116,3952,Germany,Software,11
2028-09-01,2350,766,United States,Services,1
2028-09-01,4777,1708,United Kingdom,Software,7
2028-09-01,8598,3040,United States,Services,13
2028-09-01,4434,1666,United States,Services,2
2028-09-01,1690,438,United Kingdom,Training,1
2028-09-01,8516,3738,United States,Services,12
2028-09-01,2217,683,France,Training,7
2028-09-01,5429,2046,Japan,Software,6
2028-09-01,2266,551,United Kingdom,Training,1
2028-09-01,3370,934,United States,Hardware,10
2028-09-01,3354,735,Japan,Hardware,1
2028-09-01,8562,1687,France,Hardware,7
2028-09-01,11459,4932,Japan,Software,13
2028-09-01,16716,3971,Japan,Hardware,19
2028-09-01,14655,937,Japan,Hardware,14
2028-09-01,4523,1117,Japan,Services,
2028-09-01,9745,1955,France,Hardware,11
2028-09-01,12203,1992,France,Training,11
2028-09-01,5480,1794,Spain,Services,1
2028-09-01,7069,2663,United States,Software,8
2028-09-01,12800,4670,United Kingdom,Services,14
2028-09-01,7793,1869,Germany,Services,7
2028-09-01,9829,3303,Germany,Hardware,11
2028-09-01,8074,2304,Spain,Training,10
2028-09-01,2016,472,Germany,Training,1
2028-09-01,26925,978,Japan,Hardware,28
2028-09-01,2167,473,Japan,Training,1
2028-09-01,2138,575,Germany,Training,1
2028-09-01,3474,904,France,Training,9
2028-09-01,1204,231,United States,Hardware,5
2028-09-01,5370,2361,United States,Software,8
2028-09-01,19848,5315,Spain,Hardware,22
2028-09-01,680,229,Japan,Training,1
2028-09-01,1782,595,United Kingdom,Training,4
2028-09-01,1798,384,United States,Hardware,5
2028-09-01,8672,4346,United States,Software,5
2028-09-01,3038,931,Germany,Services,5
2028-09-01,6574,1972,United States,Services,8
2028-09-01,3260,1096,United States,Software,1
2028-09-01,4093,1621,Japan,Software,1
2028-09-01,13001,4991,United Kingdom,Software,16
2028-09-01,2688,559,Germany,Training,2
2028-09-01,3281,968,Germany,Training,9
2028-09-01,5339,1660,Japan,Services,3
2028-09-01,5518,1437,Japan,Services,9
2028-09-01,3204,1205,Japan,Training,6
2028-09-01,1454,238,Spain,Training,2
2028-09-01,53957,14887,Japan,Software,58
2028-09-01,2874,960,United Kingdom,Services,1
2028-09-01,7899,565,United States,Hardware,7
2028-09-01,1687,226,Spain,Training,1
2028-09-01,3463,1107,United States,Training,1
2028-09-01,6306,2601,United States,Software,4
2028-09-01,4339,1583,United States,Software,12
2028-09-01,3796,857,United States,Hardware,12
2028-09-01,13980,3175,France,Hardware,12
2028-09-01,3322,781,United States,Software,3
2028-09-01,4175,661,United States,Training,3
2028-09-01,3711,920,United States,Hardware,1
2028-09-01,4722,971,Spain,Training,8
2028-09-01,1664,585,France,Training,2
2028-09-01,4786,761,France,Services,1
2028-09-01,3800,832,Germany,Training,7
2028-09-01,22479,9847,Germany,Software,23
2028-09-01,11660,5035,Germany,Software,12
2028-09-01,8052,3600,Japan,Services,10
2028-09-01,9932,1382,Germany,Hardware,12
2028-09-01,13086,2540,Spain,Hardware,10
2028-09-01,5246,1730,Spain,Services,7
2028-09-01,2744,1007,Japan,Services,2
2028-09-01,826,210,United States,Training,1
2028-09-01,3730,885,United States,Training,2
2028-09-01,6931,2548,France,Software,6
2028-09-01,4224,1082,United Kingdom,Services,10
2028-09-01,2471,626,Germany,Training,7
2028-09-01,2793,835,United States,Hardware,1
2028-09-01,8308,2825,Japan,Software,18
2028-09-01,13176,4876,Japan,Software,14
2028-09-01,21795,7283,United States,Software,21
2028-09-01,3472,459,United Kingdom,Services,6
2028-09-01,3982,1199,United States,Services,9
2028-09-01,4673,1442,United States,Services,9
2028-09-01,1816,540,United States,Services,4
2028-09-01,10464,2518,United Kingdom,Hardware,12
2028-09-01,2614,705,United States,Services,2
2028-09-01,10511,1080,Japan,Hardware,7
2028-09-01,5911,878,Spain,Hardware,4
2028-09-01,12679,4573,Spain,Software,16
2028-09-01,20679,1923,Japan,Hardware,21
2028-09-01,10726,4090,France,Software,16
2028-09-01,9100,2948,United Kingdom,Hardware,10
2028-09-01,2194,629,Spain,Services,4
2028-09-01,5384,2622,Germany,Software,3
2028-09-01,2871,1029,Spain,Software,5
2028-09-01,13789,3607,United Kingdom,Software,18
2028-09-01,1985,296,Spain,Training,1
2028-09-01,5991,897,France,Services,10
2028-09-01,11650,2540,Spain,Services,14
2028-09-01,21379,2821,United States,Hardware,27
2028-09-01,4474,926,United States,Training,5
2028-09-01,11247,3718,United Kingdom,Software,12
2028-09-01,5049,599,United States,Hardware,6
2028-09-01,6863,2898,United States,Software,7
2028-09-01,7077,1125,United States,Training,10
2028-09-01,16996,5369,United States,Software,20
2028-09-01,3373,815,Germany,Services,1
2028-09-01,2093,495,United States,Training,1
2028-09-01,3771,993,France,Services,6
2028-09-01,3767,631,France,Services,3
2028-09-01,3559,938,United States,Training,1
2028-09-01,5275,2057,United States,Software,1
2028-09-01,1631,146,Japan,Training,8
2028-09-01,14625,3497,United States,Services,
2028-09-01,5975,1618,United States,Hardware,4
2028-09-01,2698,679,Japan,Training,1
2028-09-01,12691,3565,Germany,Hardware,15
2028-09-01,3488,605,United States,Training,3
2028-09-01,1975,469,United Kingdom,Training,7
2028-09-01,1260,302,Spain,Training,1
2028-09-01,6850,1350,Spain,Services,6
2028-09-01,2093,673,Japan,Training,1
2028-09-01,12803,1983,France,Hardware,17
2028-09-01,6805,2207,Spain,Training,8
2028-09-01,2975,540,United States,Training,8
2028-09-01,4819,935,Japan,Training,14
2028-09-01,10110,2679,United States,Services,15
2028-09-01,9049,2714,United States,Services,10
2028-09-01,6252,2341,Germany,Services,3
2028-09-01,4228,938,Germany,Software,10
2028-09-01,5759,1883,France,Services,7
2028-09-01,9748,4519,France,Software,6
2028-09-01,25949,7120,Spain,Hardware,26
2028-09-01,4778,817,Germany,Training,7
2028-09-01,6118,1534,France,Training,6
2028-09-01,4767,1210,United Kingdom,Hardware,5
2028-09-01,7026,3064,United Kingdom,Software,9
2028-09-01,8727,3072,Japan,Services,7
2028-09-01,16400,5113,Germany,Hardware,16
2028-09-01,4275,1632,United States,Software,8
2028-09-01,5339,1572,France,Services,9
2028-09-01,1361,244,France,Training,1
2028-09-01,7828,2253,Japan,Hardware,2
2028-09-01,4695,1879,Japan,Software,4
2028-09-01,3228,1196,United States,Services,4
2028-09-01,13762,6063,Japan,Software,19
2028-09-01,3021,482,United States,Training,2
2028-09-01,2625,638,United Kingdom,Training,2
2028-09-01,4391,1392,United States,Services,10
2028-09-01,11293,3618,United States,Software,8
2028-09-01,5546,1787,United States,Services,8
2028-09-01,4857,852,United Kingdom,Hardware,6
2028-09-01,1511,284,United Kingdom,Training,1
2028-09-01,4098,1263,United States,Training,1
2028-09-01,4723,1980,Japan,Software,2
2028-09-01,2643,561,United Kingdom,Services,1
2028-09-01,4632,1569,Spain,Services,2
2028-09-01,7485,2070,Spain,Software,
2028-09-01,8128,929,United States,Hardware,8
2028-09-01,3686,1495,United States,Software,4
2028-09-01,4243,879,France,Services,1
2028-09-01,2430,585,Japan,Hardware,1
2028-09-01,9623,2907,Germany,Training,14
2028-09-01,1418,501,United States,Software,4
2028-09-01,3533,1308,United States,Services,1
2028-09-01,10002,3612,Germany,Services,13
2028-09-01,2926,1311,United Kingdom,Hardware,1
2028-09-01,8517,2802,Germany,Services,11
2028-09-01,3321,762,Spain,Training,1
2028-09-01,1515,234,United States,Training,1
2028-09-01,2099,389,Spain,Training,1
2028-09-01,13769,3239,Japan,Training,16
2028-09-01,7620,1484,United States,Hardware,7
2028-09-01,2494,682,United Kingdom,Training,2
2028-09-01,13801,2008,United States,Hardware,10
2028-09-01,6485,2966,Germany,Software,2
2028-09-01,10176,4059,Japan,Software,1
2028-09-01,3098,1070,France,Software,5
2028-09-01,21139,3784,Germany,Hardware,23
2028-09-01,2228,667,France,Training,4
2028-09-01,18077,6771,United States,Services,28
2028-09-01,8597,489,United States,Hardware,8
2028-09-01,4083,873,Spain,Training,4
2028-09-01,3342,786,Germany,Hardware,6
2028-09-01,11319,4328,Spain,Software,10
2028-09-01,11818,4015,United States,Software,13
2028-09-01,11496,4462,United Kingdom,Software,13
2028-09-01,1593,517,Germany,Training,6
2028-09-01,1135,339,Japan,Training,2
2028-09-01,1585,382,Germany,Services,1
2028-09-01,2771,506,Japan,Services,1
2028-09-01,2100,913,Spain,Services,1
2028-09-01,10823,3551,United States,Software,8
2028-09-01,2090,741,Japan,Training,1
2028-09-01,8193,2081,Germany,Software,10
2028-09-01,10889,3413,United States,Services,12
2028-09-01,9580,3804,Germany,Training,12
2028-09-01,7172,2381,United States,Services,9
2028-09-01,11061,3765,Germany,Software,10
2028-09-01,5426,1638,United States,Training,4
2028-09-01,4926,991,United States,Training,9
2028-09-01,4133,1008,Germany,Services,2
2028-09-01,6742,3504,United States,Software,9
2028-09-01,9767,3557,United Kingdom,Software,12
2028-09-01,2062,639,Germany,Training,1
2028-09-01,7593,2746,France,Software,6
2028-09-01,3136,1176,France,Software,8
2028-09-01,3867,1338,United Kingdom,Training,9
2028-09-01,11850,4355,United Kingdom,Software,13
2028-09-01,7285,1465,Japan,Hardware,5
2028-09-01,3835,992,Germany,Services,7
2028-09-01,18226,2517,France,Hardware,19
2028-09-01,4185,1733,United States,Software,5
2028-10-01,6003,1963,Japan,Services,5
2028-10-01,5903,2138,France,Hardware,4
2028-10-01,5476,2015,Japan,Software,8
2028-10-01,3370,946,Japan,Software,3
2028-10-01,5868,1863,United States,Hardware,6
2028-10-01,4169,1077,United Kingdom,Services,4
2028-10-01,3265,1032,United States,Training,2
2028-10-01,5265,1174,Japan,Services,8
2028-10-01,10420,2206,Spain,Hardware,8
2028-10-01,6464,935,United States,Hardware,6
2028-10-01,8926,1765,Spain,Hardware,5
2028-10-01,14129,4413,United States,Services,15
2028-10-01,8944,3021,France,Services,4
2028-10-01,2933,888,Germany,Training,1
2028-10-01,13182,1865,Spain,Hardware,20
2028-10-01,28601,8910,Germany,Services,31
2028-10-01,2758,779,Japan,Services,9
2028-10-01,5194,1700,Spain,Training,1
2028-10-01,2485,767,Japan,Training,1
2028-10-01,9114,1736,United States,Hardware,14
2028-10-01,2497,780,Japan,Software,3
2028-10-01,7126,2296,France,Software,8
2028-10-01,6283,1242,Germany,Training,8
2028-10-01,6919,694,Japan,Hardware,5
2028-10-01,9398,4373,Germany,Software,14
2028-10-01,3580,1175,United States,Services,7
2028-10-01,4087,1383,Spain,Software,1
2028-10-01,1216,388,Germany,Training,2
2028-10-01,18446,4494,United States,Hardware,18
2028-10-01,5218,2058,France,Services,1
2028-10-01,11300,2835,United States,Hardware,14
2028-10-01,4069,1740,United Kingdom,Software,6
2028-10-01,8034,3149,Spain,Software,7
2028-10-01,4993,1840,Japan,Software,10
2028-10-01,493,70,United States,Training,3
2028-10-01,1918,428,United Kingdom,Training,1
2028-10-01,2595,683,United States,Training,4
2028-10-01,2403,710,France,Services,3
2028-10-01,2669,656,Spain,Services,1
2028-10-01,6113,2747,United States,Software,12
2028-10-01,9585,2628,Germany,Software,9
2028-10-01,5906,1405,France,Services,9
2028-10-01,10455,3063,France,Hardware,9
2028-10-01,4827,2017,United States,Software,6
2028-10-01,3708,1248,Germany,Services,1
2028-10-01,5114,1655,France,Software,11
2028-10-01,1217,199,United States,Training,4
2028-10-01,1908,494,France,Training,4
2028-10-01,6137,1425,Japan,Hardware,6
2028-10-01,6176,2382,United States,Services,7
2028-10-01,6281,1780,Germany,Hardware,9
2028-10-01,6014,1647,Spain,Training,9
2028-10-01,6459,2484,France,Software,7
2028-10-01,4807,1554,United States,Services,13
2028-10-01,2987,1000,Spain,Services,5
2028-10-01,7216,987,France,Hardware,3
2028-10-01,1846,514,Germany,Training,6
2028-10-01,14928,5861,Germany,Software,16
2028-10-01,1833,505,Germany,Training,5
2028-10-01,14176,2632,Japan,Hardware,19
2028-10-01,4134,1550,United States,Training,1
2028-10-01,2348,692,United States,Training,1
2028-10-01,3025,1009,Japan,Training,2
2028-10-01,3939,1243,United States,Software,7
2028-10-01,3102,998,Japan,Services,6
2028-10-01,4048,1100,United States,Training,5
2028-10-01,19637,8888,United States,Services,18
2028-10-01,5024,1237,United Kingdom,Hardware,5
2028-10-01,5639,1433,Spain,Software,9
2028-10-01,3588,1310,United States,Software,7
2028-10-01,7180,1900,Spain,Training,5
2028-10-01,8182,2867,Spain,Services,8
2028-10-01,5152,1252,United States,Hardware,2
2028-10-01,12440,4222,United States,Software,14
2028-10-01,806,288,Japan,Training,4
2028-10-01,4963,810,France,Services,11
2028-10-01,4624,1272,Japan,Hardware,8
2028-10-01,17596,7126,Japan,Software,16
2028-10-01,5599,1620,United States,Software,9
2028-10-01,1609,582,United States,Services,4
2028-10-01,4188,1459,United States,Hardware,1
2028-10-01,2297,478,Japan,Training,1
2028-10-01,1576,417,Spain,Training,3
2028-10-01,4466,1459,Spain,Services,8
2028-10-01,4130,728,United States,Hardware,5
2028-10-01,7730,1648,Spain,Hardware,9
2028-10-01,3362,626,United States,Training,5
2028-10-01,6161,1207,United Kingdom,Hardware,6
2028-10-01,11663,1984,United States,Training,13
2028-10-01,4772,858,United States,Training,1
2028-10-01,5539,1413,Spain,Services,
2028-10-01,8659,2015,Germany,Software,14
2028-10-01,5495,1683,United States,Training,8
2028-10-01,7588,1879,United States,Hardware,6
2028-10-01,2130,753,United States,Services,11
2028-10-01,2870,775,Spain,Services,6
2028-10-01,2564,753,Japan,Services,3
2028-10-01,5028,1152,Spain,Training,7
2028-10-01,7743,2950,United States,Services,5
2028-10-01,5622,2895,United States,Software,6
2028-10-01,1822,205,United States,Services,5
2028-10-01,4788,2204,United States,Training,6
2028-10-01,2301,658,Japan,Software,1
2028-10-01,7241,2129,Germany,Software,8
2028-10-01,2493,463,United Kingdom,Hardware,6
2028-10-01,5312,1630,United States,Services,5
2028-10-01,4924,1966,Japan,Software,8
2028-10-01,1318,437,United States,Training,5
2028-10-01,2909,1150,France,Training,1
2028-10-01,4546,2222,Spain,Software,5
2028-10-01,6589,2770,United States,Software,4
2028-10-01,7230,1465,United Kingdom,Services,10
2028-10-01,4093,954,Germany,Training,1
2028-10-01,22082,2771,Germany,Hardware,21
2028-10-01,3633,866,France,Services,10
2028-10-01,12464,3635,France,Services,10
2028-10-01,25157,4150,France,Hardware,29
2028-10-01,2677,241,Spain,Hardware,1
2028-10-01,11163,2619,Germany,Hardware,9
2028-10-01,2017,205,Germany,Training,1
2028-10-01,13598,5592,Spain,Hardware,18
2028-10-01,6526,1499,Germany,Services,2
2028-10-01,7342,2001,Japan,Hardware,8
2028-10-01,2983,939,United Kingdom,Hardware,4
2028-10-01,1497,375,Spain,Training,1
2028-10-01,5452,1271,Spain,Hardware,10
2028-10-01,10492,2204,Germany,Hardware,11
2028-10-01,13122,6571,United States,Software,13
2028-10-01,4914,1370,United States,Hardware,2
2028-10-01,4939,2378,United States,Software,3
2028-10-01,12235,4355,Japan,Software,18
2028-10-01,20272,6751,Germany,Hardware,19
2028-10-01,8106,3305,Japan,Software,17
2028-10-01,6272,2548,United States,Services,6
2028-10-01,4993,2356,Spain,Software,5
2028-10-01,9944,3924,United States,Software,11
2028-10-01,11450,2488,Japan,Hardware,10
2028-10-01,4577,1770,Germany,Software,6
2028-10-01,8249,1408,France,Hardware,9
2028-10-01,5150,1259,Germany,Hardware,9
2028-10-01,5697,1280,Germany,Hardware,2
2028-10-01,2117,246,Japan,Training,1
2028-10-01,8037,1728,United States,Services,7
2028-10-01,9287,1359,United Kingdom,Hardware,9
2028-10-01,3327,668,United States,Hardware,3
2028-10-01,8460,2160,United Kingdom,Hardware,13
2028-10-01,11294,1628,France,Hardware,7
2028-10-01,18481,2952,Spain,Hardware,18
2028-10-01,5690,2468,United States,Software,6
2028-10-01,3552,1376,Spain,Software,8
2028-10-01,4460,1824,United Kingdom,Software,3
2028-10-01,7993,1901,France,Services,10
2028-10-01,1899,403,United States,Services,3
2028-10-01,1141,487,Japan,Services,1
2028-10-01,2242,227,Germany,Training,1
2028-10-01,6855,831,Japan,Hardware,7
2028-10-01,5170,2071,United States,Services,4
2028-10-01,2228,853,United States,Software,4
2028-10-01,2551,593,United States,Services,1
2028-10-01,10001,3258,Germany,Services,9
2028-10-01,2075,380,Spain,Services,2
2028-10-01,2436,976,United Kingdom,Software,4
2028-10-01,7123,2236,United States,Training,6
2028-10-01,3496,1943,United Kingdom,Software,2
2028-10-01,515,121,Japan,Training,1
2028-10-01,6552,1633,Spain,Hardware,3
2028-10-01,4185,1198,France,Hardware,6
2028-10-01,2154,439,Spain,Training,4
2028-10-01,1478,213,Spain,Hardware,2
2028-10-01,1184,353,United States,Services,8
2028-10-01,3706,1258,United States,Services,5
2028-10-01,3389,1094,Germany,Training,4
2028-10-01,4602,1086,Spain,Services,9
2028-10-01,2336,454,Japan,Training,3
2028-10-01,4093,1178,Germany,Hardware,6
2028-10-01,9026,3222,Japan,Software,6
2028-10-01,5291,1803,Germany,Services,4
2028-10-01,4206,521,United Kingdom,Hardware,4
2028-10-01,9085,2400,United States,Hardware,4
2028-10-01,3842,1478,United States,Software,4
2028-10-01,15829,4102,United States,Software,16
2028-10-01,2037,727,United Kingdom,Services,4
2028-10-01,21442,9154,Germany,Software,25
2028-10-01,9643,4204,Spain,Software,14
2028-10-01,1468,456,Japan,Training,3
2028-10-01,5741,1725,France,Hardware,4
2028-10-01,1493,371,United Kingdom,Training,1
2028-10-01,3883,963,Japan,Hardware,5
2028-10-01,2605,934,Germany,Services,1
2028-10-01,18465,5704,United States,Hardware,23
2028-10-01,5298,1241,United States,Hardware,4
2028-10-01,6229,1887,France,Hardware,6
2028-10-01,1643,439,France,Training,4
2028-10-01,17919,3361,Japan,Hardware,22
2028-10-01,7618,2297,France,Training,10
2028-10-01,3147,671,United States,Training,4
2028-10-01,5063,1211,Germany,Software,6
2028-10-01,2658,786,United States,Training,3
2028-10-01,5492,2099,Germany,Software,3
2028-10-01,3502,1185,United States,Hardware,7
2028-10-01,1050,286,Germany,Training,1
2028-10-01,12096,2254,United States,Hardware,13
2028-10-01,14328,4007,Germany,Training,
2028-10-01,6088,2547,Japan,Software,
2028-10-01,7283,3459,United States,Software,2
2028-10-01,4369,1139,United States,Training,6
2028-10-01,5430,2400,United Kingdom,Software,6
2028-10-01,2749,792,Japan,Services,1
2028-10-01,4278,908,Germany,Software,7
2028-10-01,3253,1280,United States,Software,1
2028-10-01,7682,3517,France,Software,10
2028-10-01,1421,292,Spain,Training,1
2028-10-01,21651,4603,France,Hardware,28
2028-10-01,10258,1627,United States,Hardware,12
2028-10-01,4722,1061,Spain,Training,5
2028-10-01,7690,2494,United States,Software,8
2028-10-01,5170,1513,France,Services,10
2028-10-01,4820,1730,United States,Software,6
2028-10-01,6073,1241,Germany,Hardware,10
2028-10-01,6770,2097,Germany,Software,8
2028-10-01,8207,1891,Spain,Hardware,12
2028-10-01,2513,973,United States,Software,1
2028-10-01,6524,2146,United States,Services,9
2028-10-01,1839,342,Germany,Training,2
2028-10-01,5226,1772,United States,Training,4
2028-10-01,5689,1469,Spain,Training,10
2028-10-01,1579,434,Germany,Services,1
2028-10-01,2340,693,United States,Services,3
2028-10-01,2993,1156,Japan,Software,6
2028-10-01,11001,2900,Japan,Services,10
2028-10-01,7830,1813,United States,Training,11
2028-10-01,948,277,Germany,Training,2
2028-10-01,3172,901,Germany,Training,1
2028-10-01,7469,1295,United Kingdom,Hardware,3
2028-10-01,4834,1524,Spain,Software,5
2028-10-01,1005,280,Spain,Training,3
2028-10-01,3464,850,Japan,Hardware,4
2028-10-01,7659,3037,United Kingdom,Software,9
2028-10-01,2737,1093,Japan,Software,1
2028-10-01,8218,3459,France,Software,6
2028-10-01,8012,2563,Germany,Services,12
2028-10-01,4479,1025,Germany,Hardware,4
2028-10-01,4294,968,Japan,Services,9
2028-10-01,5665,1041,Germany,Hardware,2
2028-10-01,6043,2403,United States,Training,1
2028-10-01,11856,3758,United States,Services,12
2028-10-01,6530,1917,Spain,Hardware,6
2028-10-01,14870,3415,Germany,Hardware,21
2028-10-01,4625,1361,Japan,Services,6
2028-10-01,7756,2942,United States,Software,4
2028-10-01,3744,735,Germany,Services,7
2028-10-01,4041,648,United States,Hardware,9
2028-10-01,4942,1464,Spain,Services,8
2028-10-01,1039,284,Spain,Training,2
2028-10-01,13239,4294,Japan,Services,17
2028-10-01,2533,874,France,Services,5
2028-10-01,3237,1093,France,Services,2
2028-10-01,5239,2292,United Kingdom,Software,4
2028-10-01,24068,6584,France,Hardware,30
2028-10-01,4254,1513,Germany,Hardware,7
2028-10-01,16224,4742,United Kingdom,Services,18
2028-10-01,4846,1607,Germany,Software,9
2028-10-01,1212,423,Germany,Services,6
2028-10-01,1373,442,Germany,Services,1
2028-10-01,7101,2240,Japan,Services,12
2028-10-01,7792,2703,Japan,Services,9
2028-10-01,4631,1175,United States,Hardware,4
2028-10-01,3685,956,Japan,Training,4
2028-10-01,4745,897,United States,Services,6
2028-10-01,21861,2831,Spain,Hardware,22
2028-10-01,2024,495,Spain,Services,1
2028-10-01,5266,1235,Spain,Services,5
2028-10-01,10080,4381,Spain,Software,10
2028-10-01,7189,3005,Germany,Software,10
2028-10-01,15197,3542,United Kingdom,Hardware,14
2028-10-01,7175,2920,Germany,Software,10
2028-10-01,4889,1711,United States,Software,2
2028-10-01,2459,539,Spain,Training,10
2028-10-01,2113,847,United Kingdom,Services,6
2028-10-01,1319,486,United States,Services,5
2028-10-01,1517,415,Spain,Services,1
2028-10-01,3563,938,France,Hardware,5
2028-10-01,7202,2572,Japan,Services,6
2028-10-01,4595,1253,Spain,Training,9
2028-10-01,9694,2329,France,Hardware,9
2028-10-01,2925,989,Japan,Training,1
2028-10-01,4793,1531,Germany,Hardware,10
2028-10-01,8759,2991,United States,Services,5
2028-10-01,509,133,United States,Services,2
2028-10-01,3822,1006,Spain,Training,4
2028-10-01,3778,1219,United Kingdom,Services,6
2028-10-01,1818,585,United States,Services,1
2028-10-01,8163,3274,Japan,Software,14
2028-10-01,2813,782,Germany,Services,1
2028-10-01,3271,1286,United Kingdom,Software,3
2028-10-01,7558,1525,Germany,Training,12
2028-10-01,5263,2002,Japan,Software,2
2028-10-01,7835,2010,France,Services,8
2028-10-01,8676,1564,Japan,Hardware,6
2028-10-01,4241,1205,Spain,Hardware,7
2028-10-01,7709,2199,United States,Software,11
2028-10-01,2626,352,Germany,Hardware,1
2028-10-01,31690,13024,France,Software,35
2028-10-01,4968,1370,Germany,Hardware,3
2028-10-01,3862,1256,United States,Software,3
2028-10-01,4881,856,Germany,Hardware,4
2028-10-01,1293,455,United States,Training,1
2028-10-01,7124,1565,United States,Hardware,9
2028-10-01,23511,5571,Spain,Training,24
2028-10-01,3918,1199,Japan,Services,3
2028-10-01,3177,1029,United States,Training,6
2028-10-01,8785,2369,United States,Training,10
2028-10-01,4366,1408,France,Software,7
2028-10-01,16175,1786,Spain,Hardware,19
2028-10-01,7092,1286,France,Hardware,7
2028-10-01,6230,593,United States,Hardware,7
2028-10-01,4702,1182,United Kingdom,Training,1
2028-10-01,3565,1409,Germany,Software,5
2028-10-01,20815,9552,Germany,Software,20
2028-10-01,4625,2338,Germany,Software,2
2028-10-01,4804,819,France,Training,10
2028-10-01,2837,792,Spain,Training,6
2028-10-01,3350,1078,France,Services,7
2028-10-01,7885,2809,France,Training,11
2028-10-01,13334,3725,Japan,Services,15
2028-10-01,1954,723,United States,Services,1
2028-10-01,8112,2234,United States,Software,6
2028-10-01,4115,1093,Spain,Services,9
2028-10-01,2527,656,United States,Services,6
2028-10-01,3764,885,Germany,Training,7
2028-10-01,1217,381,United States,Services,1
2028-10-01,23323,6417,Japan,Hardware,26
2028-10-01,2451,790,United States,Training,3
2028-10-01,2533,714,United States,Services,1
2028-10-01,6273,1296,Germany,Hardware,4
2028-10-01,13214,5350,United Kingdom,Software,12
2028-10-01,12453,3564,Japan,Hardware,16
2028-10-01,4181,2169,United States,Software,5
2028-10-01,4052,1016,France,Training,5
2028-10-01,11241,3289,Germany,Software,14
2028-10-01,8037,2699,France,Services,2
2028-10-01,11815,4007,United Kingdom,Software,13
2028-10-01,4270,1473,France,Hardware,1
2028-10-01,9314,2749,Japan,Services,8
2028-10-01,8019,2457,United States,Software,13
2028-10-01,4358,1967,United States,Software,3
2028-10-01,5164,1726,France,Services,6
2028-10-01,3332,1266,France,Services,8
2028-10-01,4664,1529,Spain,Services,4
2028-10-01,4654,989,Japan,Training,1
2028-10-01,5871,1488,United Kingdom,Training,6
2028-10-01,1957,426,Germany,Training,1
2028-10-01,2149,675,France,Training,5
2028-10-01,8893,1742,France,Services,7
2028-10-01,1986,614,Germany,Training,7
2028-10-01,2434,749,Spain,Services,7
2028-10-01,3062,896,France,Services,1
2028-10-01,6572,2403,France,Software,13
2028-10-01,4737,1659,France,Services,10
2028-10-01,6295,1950,United States,Software,2
2028-10-01,2368,773,Germany,Software,5
2028-10-01,12043,4119,Spain,Software,10
2028-10-01,7150,2568,France,Software,7
2028-10-01,3028,633,France,Training,8
2028-10-01,12732,4188,United States,Services,13
2028-10-01,2469,573,United Kingdom,Training,4
2028-10-01,2973,869,United States,Services,3
2028-10-01,3487,1547,Spain,Software,4
2028-10-01,3773,538,United States,Training,3
2028-10-01,2803,862,United States,Services,6
2028-10-01,2050,1021,Spain,Software,4
2028-10-01,2501,728,United States,Training,1
2028-10-01,11928,3441,United States,Hardware,16
2028-10-01,15033,3383,United States,Training,19
2028-10-01,22033,3692,Spain,Hardware,24
2028-10-01,15934,6144,France,Hardware,20
2028-10-01,8586,1781,Germany,Hardware,12
2028-10-01,7569,3441,United States,Software,11
2028-10-01,5672,1556,Germany,Hardware,9
2028-10-01,5078,2272,United States,Software,10
2028-10-01,6905,3052,United Kingdom,Software,7
2028-10-01,5020,1737,Japan,Training,7
2028-10-01,4422,1283,United States,Services,1
2028-10-01,4931,1841,France,Software,4
2028-10-01,9530,3345,United Kingdom,Services,11
2028-10-01,4495,990,United States,Services,3
2028-10-01,5048,1222,United States,Training,6
2028-10-01,5457,1493,United States,Services,3
2028-10-01,4276,818,Spain,Hardware,8
2028-10-01,5973,1897,France,Software,6
2028-10-01,5904,1183,United States,Hardware,7
2028-10-01,6917,1221,United Kingdom,Hardware,5
2028-10-01,1191,192,United States,Training,3
2028-10-01,2693,518,Spain,Services,3
2028-10-01,30759,4881,Spain,Hardware,41
2028-10-01,1802,358,France,Training,7
2028-10-01,3617,719,United Kingdom,Training,2
2028-10-01,10080,1207,Germany,Hardware,11
2028-10-01,2392,893,France,Services,6
2028-10-01,10115,2006,United States,Hardware,12
2028-11-01,4170,1085,United States,Hardware,7
2028-11-01,832,316,Spain,Training,1
2028-11-01,3339,730,Germany,Training,8
2028-11-01,5506,2478,United States,Software,6
2028-11-01,2481,690,United States,Services,5
2028-11-01,8479,2691,Japan,Hardware,10
2028-11-01,6948,1819,France,Services,5
2028-11-01,5422,1942,Germany,Services,8
2028-11-01,2103,658,United States,Training,1
2028-11-01,2163,449,Spain,Training,1
2028-11-01,2854,962,France,Software,8
2028-11-01,2043,529,Spain,Training,1
2028-11-01,12452,2023,Germany,Services,15
2028-11-01,7088,2155,United States,Software,11
2028-11-01,7270,2922,France,Software,10
2028-11-01,647,183,Germany,Training,1
2028-11-01,9557,3202,Japan,Services,13
2028-11-01,12652,3035,United Kingdom,Hardware,14
2028-11-01,2193,268,Japan,Training,4
2028-11-01,2176,645,Japan,Training,6
2028-11-01,6050,1601,United States,Services,7
2028-11-01,4903,1981,Japan,Services,8
2028-11-01,4447,666,Spain,Hardware,7
2028-11-01,3439,1035,Germany,Training,7
2028-11-01,4339,1672,Japan,Services,5
2028-11-01,11552,4558,Germany,Software,9
2028-11-01,3451,1131,Japan,Services,1
2028-11-01,3080,817,Japan,Services,1
2028-11-01,1470,668,Germany,Services,1
2028-11-01,9206,2816,United Kingdom,Hardware,11
2028-11-01,2878,414,United States,Hardware,3
2028-11-01,4415,1689,Japan,Software,1
2028-11-01,3164,802,Germany,Services,8
2028-11-01,11712,3493,France,Software,15
2028-11-01,914,260,United States,Training,2
2028-11-01,9586,2582,United Kingdom,Services,8
2028-11-01,964,141,Spain,Training,1
2028-11-01,2959,1143,France,Services,2
2028-11-01,2287,443,France,Services,4
2028-11-01,2273,380,Germany,Hardware,2
2028-11-01,5025,1607,Japan,Training,7
2028-11-01,1679,371,United States,Training,1
2028-11-01,9277,3528,Japan,Hardware,12
2028-11-01,5492,1390,Japan,Training,7
2028-11-01,11638,3239,United States,Services,8
2028-11-01,3814,1180,United States,Services,9
2028-11-01,3244,1046,Germany,Services,8
2028-11-01,5718,2583,United Kingdom,Software,2
2028-11-01,2659,898,Germany,Software,1
2028-11-01,3065,484,Germany,Hardware,6
2028-11-01,6714,2031,Japan,Services,16
2028-11-01,2373,539,Spain,Training,3
2028-11-01,5763,2703,United Kingdom,Software,5
2028-11-01,3176,893,United States,Software,5
2028-11-01,4425,931,France,Hardware,4
2028-11-01,4102,1164,Germany,Hardware,4
2028-11-01,3711,1412,United Kingdom,Services,5
2028-11-01,8601,3500,Japan,Hardware,16
2028-11-01,5990,1724,United Kingdom,Hardware,4
2028-11-01,1844,648,Japan,Training,3
2028-11-01,5043,1445,Spain,Software,8
2028-11-01,15050,2259,Spain,Hardware,18
2028-11-01,7398,2212,Germany,Software,6
2028-11-01,6761,2796,United States,Software,8
2028-11-01,3555,634,Germany,Services,7
2028-11-01,2738,826,Japan,Training,1
2028-11-01,2440,499,United States,Training,8
2028-11-01,4740,1600,United States,Software,5
2028-11-01,2558,755,Germany,Training,1
2028-11-01,7154,1364,France,Hardware,7
2028-11-01,6725,632,United States,Hardware,7
2028-11-01,2611,504,Japan,Training,4
2028-11-01,8028,3017,United States,Training,9
2028-11-01,4899,1286,Japan,Training,4
2028-11-01,1153,336,United States,Training,1
2028-11-01,14591,2915,Japan,Hardware,15
2028-11-01,6723,1267,France,Hardware,8
2028-11-01,1684,402,United Kingdom,Training,1
2028-11-01,3580,1320,Germany,Software,2
2028-11-01,567,194,France,Training,
2028-11-01,13181,4215,Japan,Hardware,14
2028-11-01,3310,1008,Germany,Services,1
2028-11-01,7148,1666,France,Hardware,7
2028-11-01,3210,983,France,Services,4
2028-11-01,5562,1894,Germany,Software,3
2028-11-01,1815,577,Germany,Training,1
2028-11-01,16779,6718,United States,Software,24
2028-11-01,4472,1388,Japan,Training,3
2028-11-01,5269,2348,Japan,Software,9
2028-11-01,2274,786,United States,Training,
2028-11-01,6221,2671,Spain,Software,6
2028-11-01,2047,275,United States,Training,1
2028-11-01,5308,1163,United States,Services,10
2028-11-01,2977,1020,Japan,Services,7
2028-11-01,6517,1192,Spain,Hardware,5
2028-11-01,10037,1944,Japan,Hardware,14
2028-11-01,3538,982,France,Training,3
2028-11-01,10170,3644,Germany,Software,5
2028-11-01,5067,1494,United States,Software,8
2028-11-01,5127,1479,Japan,Services,8
2028-11-01,3834,926,Germany,Training,1
2028-11-01,1589,516,Germany,Services,2
2028-11-01,9615,2254,United Kingdom,Software,9
2028-11-01,2731,1094,France,Training,1
2028-11-01,16894,4867,United States,Hardware,17
2028-11-01,3068,1029,United States,Software,1
2028-11-01,21951,7405,Germany,Hardware,19
2028-11-01,2675,732,Japan,Hardware,1
2028-11-01,3016,806,Germany,Services,7
2028-11-01,6037,1896,United States,Services,8
2028-11-01,5670,1415,United Kingdom,Training,5
2028-11-01,5486,1745,United Kingdom,Services,7
2028-11-01,2134,932,Germany,Training,6
2028-11-01,3527,1253,Spain,Software,4
2028-11-01,4916,1729,Japan,Software,3
2028-11-01,8341,2492,Spain,Services,7
2028-11-01,1225,297,Japan,Training,6
2028-11-01,3345,1119,United States,Services,11
2028-11-01,6509,2623,United Kingdom,Software,5
2028-11-01,3634,1643,United Kingdom,Software,1
2028-11-01,3498,682,Germany,Training,10
2028-11-01,5456,1528,Japan,Training,1
2028-11-01,10298,2338,United States,Hardware,14
2028-11-01,5412,1913,United States,Software,2
2028-11-01,23897,9162,United States,Software,26
2028-11-01,9251,2099,Germany,Hardware,9
2028-11-01,5379,1369,France,Hardware,2
2028-11-01,6910,399,France,Hardware,3
2028-11-01,8098,2307,Spain,Hardware,10
2028-11-01,17924,5211,Japan,Hardware,19
2028-11-01,13281,4875,Japan,Software,18
2028-11-01,3840,1334,United States,Software,6
2028-11-01,8292,2187,Spain,Services,8
2028-11-01,4689,1820,Japan,Software,10
2028-11-01,14094,1842,France,Hardware,12
2028-11-01,4832,1652,United States,Software,4
2028-11-01,1667,563,France,Software,3
2028-11-01,2427,948,United States,Training,3
2028-11-01,10746,2284,Japan,Services,13
2028-11-01,6016,1702,United States,Services,8
2028-11-01,8199,1702,Japan,Hardware,10
2028-11-01,1234,282,United States,Hardware,2
2028-11-01,13717,3738,United States,Hardware,19
2028-11-01,13097,2688,Japan,Hardware,13
2028-11-01,11362,2031,United States,Hardware,14
2028-11-01,6315,1337,United Kingdom,Hardware,2
2028-11-01,5383,1030,United States,Services,2
2028-11-01,8742,3105,United States,Training,3
2028-11-01,1120,363,Japan,Training,1
2028-11-01,1360,215,Germany,Training,1
2028-11-01,10750,2325,United States,Hardware,18
2028-11-01,5450,1554,Germany,Services,3
2028-11-01,3911,826,Germany,Training,1
2028-11-01,9129,2225,Japan,Hardware,13
2028-11-01,2298,466,Spain,Hardware,3
2028-11-01,2727,840,United Kingdom,Services,8
2028-11-01,5163,1238,Spain,Training,8
2028-11-01,6146,1064,Japan,Services,10
2028-11-01,5380,1973,Japan,Services,7
2028-11-01,3228,853,Japan,Training,4
2028-11-01,7328,2997,Germany,Software,7
2028-11-01,4164,186,Japan,Training,6
2028-11-01,12884,4171,United States,Hardware,9
2028-11-01,2775,1213,United Kingdom,Software,1
2028-11-01,13987,3723,Japan,Hardware,14
2028-11-01,2373,827,United Kingdom,Software,1
2028-11-01,13263,4497,France,Software,17
2028-11-01,4348,666,Spain,Training,2
2028-11-01,5029,1361,Germany,Software,6
2028-11-01,5144,1150,France,Hardware,4
2028-11-01,1657,500,Japan,Training,7
2028-11-01,3342,1244,United States,Software,4
2028-11-01,9537,2803,United States,Services,8
2028-11-01,16859,4547,France,Hardware,19
2028-11-01,8860,2868,France,Software,10
2028-11-01,4528,2001,France,Software,4
2028-11-01,9330,1364,Spain,Training,13
2028-11-01,4884,876,Spain,Training,7
2028-11-01,7456,2771,Germany,Services,8
2028-11-01,3047,500,Spain,Hardware,5
2028-11-01,3262,665,Spain,Training,6
2028-11-01,3671,1602,United Kingdom,Software,10
2028-11-01,9936,4621,United States,Services,11
2028-11-01,9190,3889,Japan,Software,12
2028-11-01,4060,613,United States,Hardware,7
2028-11-01,4359,842,Japan,Training,6
2028-11-01,7219,2718,United States,Software,5
2028-11-01,2047,448,Spain,Services,5
2028-11-01,877,187,Spain,Training,3
2028-11-01,9266,1385,United Kingdom,Hardware,10
2028-11-01,9238,2031,Japan,Training,9
2028-11-01,1421,498,Japan,Training,3
2028-11-01,1355,614,United States,Services,5
2028-11-01,3573,1423,United States,Software,5
2028-11-01,9234,2898,Spain,Software,10
2028-11-01,1598,468,Japan,Training,1
2028-11-01,1855,702,Germany,Services,6
2028-11-01,1634,557,France,Services,1
2028-11-01,1449,306,France,Training,1
2028-11-01,2964,804,United Kingdom,Training,5
2028-11-01,10875,2935,United Kingdom,Hardware,12
2028-11-01,6823,1734,United States,Software,8
2028-11-01,18442,3733,Japan,Hardware,16
2028-11-01,3357,1290,Germany,Software,4
2028-11-01,4004,557,Spain,Services,3
2028-11-01,6049,2012,Germany,Software,5
2028-11-01,6286,2035,France,Software,11
2028-11-01,7393,2618,Spain,Software,6
2028-11-01,3633,1295,Japan,Software,4
2028-11-01,2641,776,United States,Training,1
2028-11-01,4601,1141,Germany,Services,10
2028-11-01,5294,2801,Germany,Software,8
2028-11-01,6765,2243,Spain,Software,2
2028-11-01,13099,5185,United States,Software,13
2028-11-01,4793,1219,Germany,Services,7
2028-11-01,4410,1912,France,Software,10
2028-11-01,6416,2202,United States,Software,6
2028-11-01,904,281,United States,Training,1
2028-11-01,1998,474,Spain,Training,6
2028-11-01,24164,6149,Japan,Hardware,24
2028-11-01,10650,1299,United States,Hardware,15
2028-11-01,7189,2215,Japan,Hardware,9
2028-11-01,3100,558,Japan,Hardware,7
2028-11-01,3226,754,Japan,Services,9
2028-11-01,6443,2553,United States,Software,9
2028-11-01,12614,1075,United Kingdom,Hardware,13
2028-11-01,17565,4353,Spain,Hardware,12
2028-11-01,8223,2337,United Kingdom,Software,6
2028-11-01,1711,414,United States,Services,2
2028-11-01,2383,603,Japan,Training,1
2028-11-01,2541,923,France,Training,3
2028-11-01,3480,1257,United States,Services,5
2028-11-01,4450,1488,United Kingdom,Training,5
2028-11-01,1279,438,United States,Services,3
2028-11-01,8981,1821,United States,Hardware,11
2028-11-01,6308,2417,Japan,Software,11
2028-11-01,19124,3968,Japan,Hardware,23
2028-11-01,3608,1100,United States,Software,4
2028-11-01,1881,615,Spain,Software,2
2028-11-01,4505,2257,Japan,Software,5
2028-11-01,10431,2949,Japan,Services,14
2028-11-01,2081,495,Germany,Training,1
2028-11-01,11630,2108,Spain,Hardware,12
2028-11-01,3385,739,Spain,Hardware,5
2028-11-01,12272,4840,United States,Software,13
2028-11-01,5287,2263,United Kingdom,Software,5
2028-11-01,2562,906,United Kingdom,Training,6
2028-11-01,5902,1970,Germany,Hardware,8
2028-11-01,4113,1195,United States,Hardware,5
2028-11-01,3930,986,France,Training,2
2028-11-01,5349,2007,Spain,Services,10
2028-11-01,6149,2244,United States,Software,5
2028-11-01,12290,3865,Spain,Hardware,14
2028-11-01,7599,2512,France,Hardware,3
2028-11-01,4431,1357,Germany,Services,1
2028-11-01,1400,477,France,Training,1
2028-11-01,21833,4556,Spain,Hardware,25
2028-11-01,5908,1596,Germany,Services,4
2028-11-01,5640,1200,France,Hardware,11
2028-11-01,4252,995,France,Hardware,7
2028-11-01,7271,2171,United States,Software,8
2028-11-01,3852,1108,United States,Services,5
2028-11-01,5319,1955,United States,Training,7
2028-11-01,5805,1140,United States,Hardware,10
2028-11-01,1390,349,United States,Training,1
2028-11-01,2132,305,Spain,Training,4
2028-11-01,2690,980,United States,Services,1
2028-11-01,5797,891,Germany,Services,1
2028-11-01,8015,2809,Germany,Hardware,11
2028-11-01,4814,1629,United States,Software,8
2028-11-01,3403,1268,United States,Software,7
2028-11-01,2484,689,Japan,Training,2
2028-11-01,1794,591,Germany,Services,1
2028-11-01,1606,252,Japan,Hardware,1
2028-11-01,9829,4908,France,Services,9
2028-11-01,12898,2826,United States,Hardware,15
2028-11-01,877,358,United Kingdom,Training,1
2028-11-01,10380,2219,United States,Hardware,8
2028-11-01,3159,691,Japan,Services,7
2028-11-01,974,250,United States,Training,4
2028-11-01,2267,607,Germany,Training,5
2028-11-01,984,267,Spain,Training,1
2028-11-01,7916,3063,United Kingdom,Software,6
2028-11-01,8292,1932,Spain,Services,8
2028-11-01,7022,444,Spain,Hardware,11
2028-11-01,1247,265,Germany,Training,4
2028-11-01,2036,644,Japan,Services,5
2028-11-01,3730,627,Germany,Training,2
2028-11-01,7707,1423,France,Hardware,14
2028-11-01,11131,2790,United States,Hardware,10
2028-11-01,10695,3057,United States,Software,
2028-11-01,2311,723,United States,Training,1
2028-11-01,7878,834,United States,Hardware,9
2028-11-01,1839,569,Japan,Software,5
2028-11-01,3068,612,Spain,Hardware,2
2028-11-01,13464,3433,France,Services,19
2028-11-01,9041,2838,United Kingdom,Software,11
2028-11-01,6574,2297,United States,Software,5
2028-11-01,7642,1720,Japan,Training,9
2028-11-01,6446,2217,United States,Services,1
2028-11-01,3270,396,United States,Hardware,11
2028-11-01,4184,1620,Japan,Software,3
2028-11-01,2756,247,France,Training,1
2028-11-01,8129,2713,Germany,Software,3
2028-11-01,6190,1460,Japan,Services,11
2028-11-01,4806,1349,United States,Hardware,10
2028-11-01,18726,4456,Japan,Hardware,18
2028-11-01,2631,738,United States,Training,1
2028-11-01,2009,455,France,Training,1
2028-11-01,3169,1144,France,Services,3
2028-11-01,3951,1442,United States,Software,3
2028-11-01,28469,6752,Japan,Hardware,34
2028-11-01,10289,3205,Spain,Software,13
2028-11-01,2427,700,France,Services,1
2028-11-01,2055,782,Spain,Services,1
2028-11-01,4913,1712,United States,Services,6
2028-11-01,13070,3553,Spain,Hardware,14
2028-11-01,4522,1716,United States,Services,8
2028-11-01,12748,5097,Japan,Hardware,15
2028-11-01,19060,5838,Japan,Hardware,20
2028-11-01,1913,376,Germany,Training,6
2028-11-01,12196,2409,Japan,Hardware,14
2028-11-01,3110,1317,France,Software,2
2028-11-01,1732,320,Germany,Training,5
2028-11-01,10217,2558,Japan,Software,12
2028-11-01,6452,1809,United States,Services,7
2028-11-01,7483,2015,Germany,Services,6
2028-11-01,5498,2097,United Kingdom,Software,6
2028-11-01,1605,488,United States,Services,1
2028-11-01,6365,2073,Germany,Training,10
2028-11-01,4131,1324,Japan,Hardware,2
2028-11-01,6766,2386,Spain,Software,12
2028-11-01,1225,214,France,Training,1
2028-11-01,9939,2475,Spain,Hardware,14
2028-11-01,3318,1401,Japan,Software,
2028-11-01,5128,1577,Germany,Hardware,7
2028-11-01,3233,937,France,Services,3
2028-11-01,12578,3811,United Kingdom,Services,14
2028-11-01,3045,1105,Spain,Services,6
2028-11-01,1505,484,Germany,Training,2
2028-11-01,3466,1517,France,Software,1
2028-11-01,2874,644,Spain,Training,7
2028-11-01,8314,1654,Germany,Hardware,11
2028-11-01,1426,346,Spain,Services,1
2028-11-01,2079,428,Japan,Training,1
2028-11-01,3500,782,Spain,Services,6
2028-11-01,1748,586,United States,Training,6
2028-11-01,7038,1630,France,Hardware,9
2028-11-01,4958,1400,United Kingdom,Training,6
2028-11-01,4005,1156,Japan,Training,3
2028-11-01,5573,1990,France,Services,3
2028-11-01,8540,2932,United States,Hardware,13
2028-11-01,5959,2481,France,Software,10
2028-11-01,2457,1012,Germany,Services,1
2028-11-01,727,234,Japan,Training,2
2028-11-01,3787,1225,United States,Training,3
2028-11-01,5395,2266,Spain,Training,11
2028-11-01,3796,946,Germany,Training,4
2028-11-01,2034,485,Germany,Software,2
2028-11-01,1600,151,France,Training,2
2028-11-01,1915,451,Spain,Training,1
2028-11-01,3385,720,United States,Training,4
2028-11-01,11351,2268,Japan,Hardware,16
2028-11-01,7900,3539,United Kingdom,Software,10
2028-11-01,2784,887,Japan,Software,1
2028-11-01,2899,872,Japan,Software,1
2028-11-01,3978,683,Spain,Hardware,8
2028-11-01,2171,599,United States,Training,5
2028-11-01,14325,4052,Spain,Hardware,19
2028-11-01,14295,1289,Germany,Hardware,12
2028-11-01,3322,876,Japan,Training,3
2028-11-01,1730,697,United States,Training,1
2028-11-01,2927,889,Spain,Training,6
2028-11-01,12728,3669,United States,Hardware,17
2028-11-01,9297,3940,Japan,Software,4
2028-11-01,6691,2335,Spain,Hardware,4
2028-11-01,911,182,France,Training,1
2028-11-01,9823,3875,United States,Software,12
2028-11-01,24045,5288,United States,Hardware,27
2028-11-01,1458,394,United States,Training,4
2028-11-01,5366,1169,United States,Hardware,2
2028-11-01,1466,255,United States,Training,2
2028-11-01,2610,671,United States,Services,1
2028-11-01,8422,1403,Spain,Hardware,4
2028-11-01,3655,1357,Japan,Training,7
2028-11-01,7097,1410,France,Services,4
2028-11-01,8223,1493,United States,Hardware,13
2028-11-01,3108,530,United States,Training,8
2028-11-01,26183,4292,Japan,Hardware,28
2028-11-01,3765,637,United States,Hardware,8
2028-11-01,5431,1827,United States,Services,8
2028-11-01,2517,936,Spain,Training,5
2028-11-01,20965,8212,France,Services,22
2028-11-01,2121,633,Japan,Services,1
2028-11-01,2665,503,France,Hardware,3
2028-11-01,4269,1550,United States,Software,2
2028-11-01,4677,931,France,Services,7
2028-11-01,975,251,United Kingdom,Services,3
2028-11-01,2223,496,United States,Training,5
2028-11-01,10894,1870,Germany,Hardware,13
2028-12-01,879,224,Spain,Training,1
2028-12-01,3441,1112,Germany,Software,1
2028-12-01,6902,2771,Germany,Software,11
2028-12-01,1988,507,France,Services,1
2028-12-01,5129,1648,Spain,Software,5
2028-12-01,2682,620,Spain,Services,4
2028-12-01,16789,4853,Japan,Hardware,14
2028-12-01,1732,260,France,Training,2
2028-12-01,3492,1069,France,Software,1
2028-12-01,8954,2731,Japan,Hardware,11
2028-12-01,3789,1752,France,Software,4
2028-12-01,14758,4793,Germany,Training,15
2028-12-01,7491,1852,Japan,Software,3
2028-12-01,6686,2067,United States,Software,10
2028-12-01,10777,3214,United States,Services,11
2028-12-01,3135,1105,Germany,Services,2
2028-12-01,1817,748,France,Software,1
2028-12-01,6325,1544,United States,Training,7
2028-12-01,6055,2167,United States,Services,6
2028-12-01,6739,2148,Germany,Services,9
2028-12-01,3753,819,Japan,Services,4
2028-12-01,1593,247,France,Services,1
2028-12-01,4447,1161,Japan,Services,13
2028-12-01,1220,296,United States,Software,3
2028-12-01,5310,1835,United States,Software,11
2028-12-01,2699,397,Japan,Hardware,1
2028-12-01,2165,464,Spain,Hardware,4
2028-12-01,2960,724,Germany,Services,1
2028-12-01,2366,602,United States,Hardware,8
2028-12-01,1387,443,France,Training,1
2028-12-01,3060,672,Spain,Training,5
2028-12-01,37131,5478,France,Hardware,44
2028-12-01,1500,643,Japan,Software,1
2028-12-01,2277,527,Japan,Services,2
2028-12-01,4401,1548,United States,Software,7
2028-12-01,1799,547,United Kingdom,Training,1
2028-12-01,814,262,United Kingdom,Training,4
2028-12-01,1231,374,United Kingdom,Training,1
2028-12-01,3952,1385,United Kingdom,Services,4
2028-12-01,8770,1527,United States,Hardware,8
2028-12-01,4827,1838,France,Software,4
2028-12-01,12931,5007,Spain,Software,11
2028-12-01,6083,1557,United States,Services,5
2028-12-01,839,161,Germany,Training,1
2028-12-01,6735,1484,United Kingdom,Hardware,8
2028-12-01,29093,12265,France,Software,34
2028-12-01,1992,707,France,Training,6
2028-12-01,13814,3611,Germany,Hardware,18
2028-12-01,7402,1354,United States,Hardware,9
2028-12-01,5876,2211,Germany,Services,3
2028-12-01,17130,4256,United States,Services,13
2028-12-01,3639,922,United Kingdom,Training,9
2028-12-01,11170,3508,United Kingdom,Software,12
2028-12-01,2324,676,United Kingdom,Training,1
2028-12-01,8897,2950,United Kingdom,Services,9
2028-12-01,2362,811,Germany,Services,2
2028-12-01,11220,3276,United Kingdom,Hardware,8
2028-12-01,10800,3295,United States,Services,11
2028-12-01,5956,2188,Japan,Services,6
2028-12-01,6739,2289,Germany,Hardware,11
2028-12-01,8744,3033,United Kingdom,Services,10
2028-12-01,2107,659,Germany,Services,1
2028-12-01,12390,3338,United States,Hardware,10
2028-12-01,4200,1182,Germany,Hardware,
2028-12-01,2931,563,United Kingdom,Training,1
2028-12-01,4794,887,United Kingdom,Services,1
2028-12-01,14933,4165,France,Hardware,16
2028-12-01,5747,2256,Spain,Software,8
2028-12-01,3537,803,Japan,Training,7
2028-12-01,10152,2491,United States,Hardware,10
2028-12-01,6270,66,Japan,Hardware,6
2028-12-01,2699,688,Japan,Training,7
2028-12-01,4025,1078,Germany,Services,4
2028-12-01,9642,3600,United States,Software,9
2028-12-01,13356,5130,United Kingdom,Software,15
2028-12-01,3258,1306,United States,Software,1
2028-12-01,805,179,United States,Training,1
2028-12-01,12067,4104,Japan,Software,13
2028-12-01,4337,658,United Kingdom,Services,3
2028-12-01,2960,883,Japan,Training,5
2028-12-01,2496,811,France,Training,5
2028-12-01,15375,3477,Japan,Hardware,19
2028-12-01,5520,1892,Germany,Hardware,4
2028-12-01,11720,3691,Spain,Training,15
2028-12-01,2676,603,United States,Hardware,3
2028-12-01,5378,1173,Japan,Services,11
2028-12-01,4639,1913,United Kingdom,Software,10
2028-12-01,6736,2587,Germany,Services,8
2028-12-01,3409,1403,United Kingdom,Software,1
2028-12-01,5597,1006,Spain,Training,7
2028-12-01,1872,533,United States,Hardware,1
2028-12-01,7430,1731,Spain,Services,4
2028-12-01,3445,874,Japan,Software,1
2028-12-01,1966,467,United Kingdom,Training,2
2028-12-01,5087,1367,Japan,Hardware,7
2028-12-01,9970,2013,Germany,Training,12
2028-12-01,8023,3026,Germany,Hardware,15
2028-12-01,8055,2009,United States,Software,9
2028-12-01,3756,1420,Spain,Services,6
2028-12-01,2555,933,United States,Software,4
2028-12-01,920,325,Japan,Training,1
2028-12-01,5077,1627,Spain,Hardware,8
2028-12-01,5228,1889,Japan,Software,4
2028-12-01,6076,2071,France,Services,10
2028-12-01,4667,1431,United Kingdom,Training,8
2028-12-01,578,84,Germany,Training,2
2028-12-01,10708,3558,Japan,Services,16
2028-12-01,8794,2524,Spain,Hardware,6
2028-12-01,1225,322,United States,Training,1
2028-12-01,28463,11107,Spain,Software,38
2028-12-01,7255,1650,Spain,Hardware,11
2028-12-01,12331,1404,United States,Hardware,13
2028-12-01,5523,2107,United States,Software,9
2028-12-01,4166,675,Spain,Hardware,7
2028-12-01,8297,2612,Germany,Services,9
2028-12-01,902,315,Japan,Software,2
2028-12-01,4112,1323,United States,Services,5
2028-12-01,2997,877,Spain,Training,1
2028-12-01,3536,681,Spain,Services,3
2028-12-01,7375,1972,United Kingdom,Hardware,9
2028-12-01,1802,318,France,Training,6
2028-12-01,13054,3588,Japan,Hardware,12
2028-12-01,2043,684,Japan,Training,2
2028-12-01,2102,386,France,Hardware,4
2028-12-01,4516,1022,Japan,Services,9
2028-12-01,3547,1258,France,Software,3
2028-12-01,3286,1449,Germany,Software,8
2028-12-01,1510,399,Japan,Hardware,3
2028-12-01,7279,1218,Spain,Hardware,6
2028-12-01,6017,1129,United States,Services,11
2028-12-01,7324,2795,United States,Software,8
2028-12-01,3552,1121,Spain,Services,1
2028-12-01,2414,956,France,Software,2
2028-12-01,10591,3208,United States,Software,10
2028-12-01,3785,924,Japan,Hardware,3
2028-12-01,2577,758,Germany,Software,4
2028-12-01,3264,761,Germany,Hardware,6
2028-12-01,5566,1448,United States,Services,7
2028-12-01,5755,2219,United States,Software,8
2028-12-01,9147,2820,United States,Hardware,11
2028-12-01,8939,2095,United States,Hardware,15
2028-12-01,4800,1831,United States,Hardware,2
2028-12-01,7535,1362,Spain,Hardware,11
2028-12-01,2451,539,France,Training,2
2028-12-01,3682,945,Spain,Hardware,4
2028-12-01,10218,1972,Spain,Hardware,10
2028-12-01,3240,719,Germany,Services,5
2028-12-01,2910,474,Japan,Hardware,7
2028-12-01,1399,277,United States,Training,2
2028-12-01,12083,5437,Spain,Software,7
2028-12-01,6073,1239,France,Hardware,3
2028-12-01,3827,801,Spain,Services,3
2028-12-01,8144,2173,United States,Hardware,9
2028-12-01,4966,925,France,Hardware,4
2028-12-01,7973,2149,Spain,Services,11
2028-12-01,5789,2009,United States,Software,10
2028-12-01,1712,732,Germany,Software,5
2028-12-01,7814,1215,United States,Training,8
2028-12-01,4215,1192,France,Training,3
2028-12-01,1425,590,United States,Services,3
2028-12-01,9479,5094,Japan,Software,5
2028-12-01,7300,2706,Japan,Software,8
2028-12-01,2341,241,United Kingdom,Hardware,1
2028-12-01,2139,683,Spain,Training,4
2028-12-01,2079,758,United States,Services,2
2028-12-01,1255,255,United States,Training,6
2028-12-01,11088,2351,United States,Hardware,16
2028-12-01,10681,3588,Japan,Training,8
2028-12-01,2736,389,Germany,Training,3
2028-12-01,18817,3808,United States,Hardware,21
2028-12-01,4995,1247,Germany,Hardware,5
2028-12-01,1981,537,United States,Training,8
2028-12-01,1543,364,Japan,Training,1
2028-12-01,5313,2077,Germany,Services,9
2028-12-01,5357,1028,Japan,Hardware,2
2028-12-01,7953,2831,Germany,Services,8
2028-12-01,3926,1558,United Kingdom,Hardware,5
2028-12-01,9611,2737,Japan,Hardware,14
2028-12-01,3803,1761,United States,Software,5
2028-12-01,9862,4455,France,Services,15
2028-12-01,2911,991,Germany,Software,4
2028-12-01,2429,457,United Kingdom,Hardware,7
2028-12-01,1730,474,United Kingdom,Hardware,1
2028-12-01,11850,3970,United States,Software,9
2028-12-01,5359,741,United Kingdom,Hardware,4
2028-12-01,2757,1016,Japan,Software,5
2028-12-01,3316,936,United Kingdom,Training,6
2028-12-01,10381,3161,United States,Software,10
2028-12-01,4903,1842,France,Software,3
2028-12-01,3088,943,France,Services,3
2028-12-01,3301,1109,Spain,Training,5
2028-12-01,5018,730,France,Hardware,9
2028-12-01,2685,936,United Kingdom,Training,2
2028-12-01,4171,1229,Germany,Services,1
2028-12-01,2101,525,United States,Training,1
2028-12-01,4306,1671,Spain,Software,4
2028-12-01,2523,1266,Germany,Software,3
2028-12-01,8347,2799,Germany,Software,8
2028-12-01,3077,1204,Germany,Software,4
2028-12-01,2341,527,United States,Services,9
2028-12-01,10505,4871,Japan,Software,11
2028-12-01,1858,404,Germany,Hardware,3
2028-12-01,1815,496,Spain,Services,5
2028-12-01,11076,2805,France,Hardware,15
2028-12-01,4720,1415,United States,Services,6
2028-12-01,4381,1800,Germany,Training,3
2028-12-01,2300,254,France,Hardware,1
2028-12-01,5858,1952,Spain,Software,7
2028-12-01,2911,1006,France,Services,1
2028-12-01,3952,1196,Germany,Services,5
2028-12-01,2550,907,United Kingdom,Training,9
2028-12-01,4705,2296,France,Software,2
2028-12-01,13448,3587,Germany,Hardware,11
2028-12-01,6774,2030,Spain,Software,12
2028-12-01,5396,2647,Spain,Software,6
2028-12-01,3297,1000,Japan,Services,2
2028-12-01,2207,642,Germany,Training,4
2028-12-01,9587,2455,United States,Hardware,6
2028-12-01,10194,3456,United States,Software,9
2028-12-01,3690,1095,Germany,Services,1
2028-12-01,3412,786,United Kingdom,Training,10
2028-12-01,2247,408,Spain,Hardware,1
2028-12-01,1894,442,France,Hardware,4
2028-12-01,3553,408,Japan,Hardware,1
2028-12-01,1551,415,France,Services,1
2028-12-01,1654,347,Japan,Services,1
2028-12-01,9788,3561,United States,Software,11
2028-12-01,6529,1684,United Kingdom,Hardware,
2028-12-01,3018,883,United States,Software,5
2028-12-01,6028,2975,United States,Software,12
2028-12-01,1563,475,United States,Hardware,1
2028-12-01,9368,2763,United States,Services,12
2028-12-01,7686,1564,Germany,Hardware,9
2028-12-01,4451,2075,Germany,Software,6
2028-12-01,2137,390,Japan,Training,2
2028-12-01,8802,2072,United States,Hardware,11
2028-12-01,3137,1161,United States,Software,3
2028-12-01,3512,1103,France,Services,2
2028-12-01,9752,3018,Germany,Software,8
2028-12-01,16934,4067,France,Software,15
2028-12-01,5730,1977,Japan,Software,12
2028-12-01,5768,1535,Spain,Services,8
2028-12-01,2681,1034,United Kingdom,Software,4
2028-12-01,9119,1956,Germany,Hardware,9
2028-12-01,8900,3706,Japan,Software,12
2028-12-01,3173,908,Germany,Services,2
2028-12-01,9153,2547,United States,Services,10
2028-12-01,2490,501,United Kingdom,Services,3
2028-12-01,1247,164,Japan,Training,2
2028-12-01,13133,6823,France,Software,11
2028-12-01,9088,2314,Spain,Software,5
2028-12-01,5530,2377,Japan,Software,4
2028-12-01,5283,1793,United States,Services,5
2028-12-01,1017,308,United Kingdom,Training,1
2028-12-01,8005,2955,Spain,Software,6
2028-12-01,5038,1291,Germany,Services,11
2028-12-01,2597,786,United States,Services,7
2028-12-01,4388,1575,United Kingdom,Software,4
2028-12-01,1203,404,United Kingdom,Training,5
2028-12-01,4029,612,United States,Services,12
2028-12-01,6939,1462,Germany,Hardware,6
2028-12-01,3776,1110,Japan,Services,7
2028-12-01,4917,1385,United States,Training,5
2028-12-01,2175,896,United Kingdom,Software,3
2028-12-01,935,280,Japan,Training,6
2028-12-01,10197,3815,United States,Software,10
2028-12-01,2178,779,United States,Services,3
2028-12-01,10734,3573,Germany,Software,9
2028-12-01,1575,553,France,Training,1
2028-12-01,5400,1338,Spain,Services,1
2028-12-01,8329,2465,Spain,Hardware,7
2028-12-01,3209,822,Japan,Services,1
2028-12-01,2040,581,France,Services,3
2028-12-01,3266,678,Spain,Training,6
2028-12-01,4273,1421,Spain,Services,8
2028-12-01,7293,2187,Japan,Hardware,7
2028-12-01,13629,3038,United States,Hardware,14
2028-12-01,7947,1689,France,Services,13
2028-12-01,4179,1406,Spain,Software,6
2028-12-01,3572,734,Japan,Hardware,2
2028-12-01,2000,689,Japan,Training,4
2028-12-01,5837,1632,Spain,Services,6
2028-12-01,4410,1704,Germany,Services,4
2028-12-01,2380,904,Japan,Services,3
2028-12-01,2526,997,United States,Services,1
2028-12-01,6512,2624,France,Software,10
2028-12-01,1475,382,Japan,Training,5
2028-12-01,810,152,United Kingdom,Training,1
2028-12-01,1490,586,Japan,Software,1
2028-12-01,642,204,Spain,Training,1
2028-12-01,10333,1093,United States,Hardware,11
2028-12-01,2732,1101,Germany,Services,1
2028-12-01,2228,541,France,Training,1
2028-12-01,1352,304,United States,Training,2
2028-12-01,4105,1026,Japan,Services,9
2028-12-01,16279,8100,Germany,Software,18
2028-12-01,1749,445,United States,Training,1
2028-12-01,4128,730,France,Hardware,5
2028-12-01,2531,624,Japan,Training,1
2028-12-01,8737,1560,Germany,Hardware,5
2028-12-01,4918,1656,United States,Software,9
2028-12-01,1069,274,United States,Training,3
2028-12-01,5022,1358,Japan,Training,7
2028-12-01,3170,1321,Spain,Services,5
2028-12-01,11168,4523,France,Software,9
2028-12-01,6682,1345,Japan,Services,8
2028-12-01,2011,467,Japan,Training,1
2028-12-01,2907,578,United States,Training,4
2028-12-01,3156,1233,United States,Training,6
2028-12-01,5610,1100,Spain,Hardware,11
2028-12-01,6483,2210,Spain,Software,5
2028-12-01,1937,744,United States,Training,5
2028-12-01,2272,302,Japan,Hardware,2
2028-12-01,1250,430,France,Services,1
2028-12-01,2143,515,Spain,Services,5
2028-12-01,4468,1730,United States,Training,7
2028-12-01,1330,437,United States,Services,5
2028-12-01,1735,456,United States,Training,9
2028-12-01,1645,329,France,Training,5
2028-12-01,15661,5824,Spain,Services,23
2028-12-01,3690,1422,Japan,Services,4
2028-12-01,7250,2196,United States,Training,11
2028-12-01,24694,6046,United States,Hardware,30
2028-12-01,6969,1351,France,Hardware,12
2028-12-01,8145,1849,Germany,Hardware,12
2028-12-01,8430,2537,United States,Software,7
2028-12-01,4142,1143,Spain,Hardware,6
2028-12-01,2815,765,Germany,Training,4
2028-12-01,3855,1819,Japan,Services,6
2028-12-01,3164,1022,United States,Services,1
2028-12-01,7789,2397,United States,Software,12
2028-12-01,10855,2109,United States,Hardware,17
2028-12-01,15870,4504,United States,Hardware,16
2028-12-01,5563,2419,Japan,Software,
2028-12-01,5263,2471,Spain,Services,7
2028-12-01,1706,660,United Kingdom,Training,7
2028-12-01,7725,1232,United States,Hardware,9
2028-12-01,5431,1694,United States,Services,9
2028-12-01,7846,1564,Germany,Training,5
2028-12-01,25163,4545,France,Hardware,23
2028-12-01,3801,623,Spain,Services,2
2028-12-01,13235,5180,United Kingdom,Software,12
2028-12-01,5102,934,United States,Services,7
2028-12-01,3540,927,Spain,Services,4
2028-12-01,7604,1264,United States,Services,6
2028-12-01,10553,2904,Spain,Software,15
2028-12-01,3687,959,Germany,Services,4
2028-12-01,10117,3129,Japan,Hardware,12
2028-12-01,1570,370,France,Training,3
2028-12-01,1013,272,Germany,Training,5
2028-12-01,5009,1230,United States,Training,8
2028-12-01,3448,1094,France,Software,5
2028-12-01,2254,999,United Kingdom,Software,3
2028-12-01,2880,1001,Spain,Training,7
2028-12-01,7225,1988,Japan,Services,11
2028-12-01,6747,1505,United Kingdom,Hardware,12
2028-12-01,6036,2371,Germany,Software,5
2028-12-01,5155,860,United States,Hardware,6
2028-12-01,5782,2119,United Kingdom,Software,3
2028-12-01,4452,1023,United States,Hardware,9
2028-12-01,2900,880,Japan,Software,6
2028-12-01,3814,1559,United Kingdom,Software,9
2028-12-01,1185,302,France,Training,5
2028-12-01,12243,3725,United States,Hardware,10
2028-12-01,1296,256,Japan,Training,1
2028-12-01,14497,2774,France,Hardware,12
2028-12-01,6153,2594,United Kingdom,Software,5
2028-12-01,14223,6148,United States,Services,17
2028-12-01,2505,648,United States,Training,3
2028-12-01,7898,1771,United States,Hardware,6
2028-12-01,1324,440,Japan,Training,3
2028-12-01,2288,814,United Kingdom,Services,3
2028-12-01,5963,2680,United States,Software,3
2028-12-01,4394,1380,Germany,Hardware,1
2028-12-01,4694,580,Germany,Hardware,3
2028-12-01,1430,417,United States,Training,3
2028-12-01,8557,2508,United Kingdom,Hardware,11
2028-12-01,1514,143,France,Training,1
2028-12-01,1930,718,France,Services,1
2028-12-01,1368,292,United States,Training,1
2028-12-01,3952,357,United States,Hardware,3
2028-12-01,4155,1019,Spain,Training,6
2028-12-01,3716,1197,Japan,Services,1
2028-12-01,2432,750,Japan,Services,1
2028-12-01,1251,370,United States,Training,1
2028-12-01,2619,614,Germany,Training,2
2028-12-01,5060,2157,United States,Services,10
2028-12-01,1121,327,France,Training,4
2028-12-01,991,248,United States,Training,6
2028-12-01,9388,2436,United States,Services,8
2028-12-01,8785,2895,Germany,Software,4
2028-12-01,4802,1450,Spain,Software,7
2028-12-01,5851,2588,Japan,Software,4
2028-12-01,6112,2184,Japan,Services,12
2028-12-01,4620,819,United States,Software,4
2028-12-01,2358,1000,Germany,Software,5
2028-12-01,1658,383,France,Training,1
2028-12-01,1541,382,Japan,Services,3
2028-12-01,4477,1211,United Kingdom,Services,1
2028-12-01,1692,426,United States,Services,3
2029-01-01,6588,1762,France,Services,10
2029-01-01,13754,3211,Spain,Hardware,17
2029-01-01,1326,142,United States,Services,5
2029-01-01,1706,535,United States,Training,1
2029-01-01,6011,1806,Germany,Hardware,5
2029-01-01,4212,1531,United States,Hardware,2
2029-01-01,2947,1215,Japan,Services,5
2029-01-01,1927,598,Germany,Training,4
2029-01-01,2482,896,United States,Training,1
2029-01-01,15930,5580,United States,Hardware,18
2029-01-01,1626,610,United States,Services,1
2029-01-01,11588,3968,Spain,Services,8
2029-01-01,2901,874,United States,Hardware,1
2029-01-01,1888,610,United States,Training,4
2029-01-01,8386,1661,Spain,Hardware,9
2029-01-01,5874,1353,Japan,Services,3
2029-01-01,2936,958,Germany,Software,6
2029-01-01,4839,738,United Kingdom,Hardware,8
2029-01-01,8476,2168,Spain,Services,9
2029-01-01,1314,446,Spain,Services,7
2029-01-01,1590,598,France,Software,3
2029-01-01,3065,598,France,Training,3
2029-01-01,19420,5746,Spain,Hardware,19
2029-01-01,2534,879,France,Training,1
2029-01-01,6561,2513,Japan,Services,6
2029-01-01,5893,2042,Germany,Software,7
2029-01-01,6880,2301,United States,Software,3
2029-01-01,4869,1081,United States,Services,10
2029-01-01,3246,591,Germany,Services,4
2029-01-01,3659,1140,Germany,Training,5
2029-01-01,6733,1788,France,Hardware,7
2029-01-01,6993,1794,Germany,Training,8
2029-01-01,2958,777,Japan,Services,1
2029-01-01,2275,741,Spain,Services,7
2029-01-01,10543,3835,United States,Software,15
2029-01-01,3905,1011,Japan,Training,3
2029-01-01,1861,583,United States,Software,5
2029-01-01,4355,2356,Germany,Software,3
2029-01-01,5530,796,United States,Hardware,6
2029-01-01,1776,373,United States,Training,3
2029-01-01,32208,11613,Spain,Software,34
2029-01-01,8906,713,United States,Hardware,14
2029-01-01,5493,2196,Spain,Training,2
2029-01-01,4810,1033,France,Hardware,4
2029-01-01,3089,1136,Germany,Software,2
2029-01-01,1084,342,United States,Training,1
2029-01-01,2887,585,Germany,Training,1
2029-01-01,12898,4017,United States,Services,11
2029-01-01,8037,2222,France,Services,11
2029-01-01,13955,5825,United States,Software,15
2029-01-01,12837,2461,Germany,Hardware,17
2029-01-01,3625,1455,United States,Software,5
2029-01-01,2959,665,Germany,Services,6
2029-01-01,6769,1515,Spain,Hardware,13
2029-01-01,12471,3935,France,Services,9
2029-01-01,1363,337,France,Training,1
2029-01-01,2341,1134,United Kingdom,Software,3
2029-01-01,4728,609,United States,Hardware,4
2029-01-01,6105,1586,United States,Software,1
2029-01-01,5843,581,United States,Hardware,3
2029-01-01,4077,1193,United Kingdom,Services,6
2029-01-01,23575,6888,Germany,Software,24
2029-01-01,9605,2058,Germany,Hardware,9
2029-01-01,916,271,Japan,Training,3
2029-01-01,13119,2832,United States,Hardware,18
2029-01-01,3703,1198,France,Software,3
2029-01-01,6609,1328,France,Hardware,9
2029-01-01,9852,1968,United States,Training,14
2029-01-01,5350,1843,Japan,Software,4
2029-01-01,14547,5357,United States,Software,18
2029-01-01,19752,6951,Germany,Software,25
2029-01-01,2417,622,United Kingdom,Software,1
2029-01-01,7247,2392,Japan,Software,8
2029-01-01,1649,645,Spain,Training,2
2029-01-01,6614,1780,Germany,Hardware,
2029-01-01,9500,4119,France,Software,12
2029-01-01,2255,682,Germany,Training,1
2029-01-01,5981,2088,United Kingdom,Services,4
2029-01-01,3112,1038,Japan,Software,1
2029-01-01,11214,2239,United Kingdom,Services,11
2029-01-01,10392,1059,France,Hardware,14
2029-01-01,2008,628,Japan,Services,1
2029-01-01,3107,1096,United Kingdom,Training,5
2029-01-01,4189,1178,Japan,Software,2
2029-01-01,2658,667,United States,Services,4
2029-01-01,5007,811,Japan,Hardware,4
2029-01-01,3010,1450,Japan,Software,4
2029-01-01,6406,1428,United States,Hardware,7
2029-01-01,10497,4218,Japan,Hardware,16
2029-01-01,5014,1769,Germany,Services,9
2029-01-01,3401,1252,Germany,Software,1
2029-01-01,7074,1289,United States,Hardware,11
2029-01-01,2273,533,Germany,Services,2
2029-01-01,5413,1825,Japan,Software,3
2029-01-01,2348,1194,Germany,Software,5
2029-01-01,9334,2387,France,Hardware,6
2029-01-01,14315,3403,France,Hardware,17
2029-01-01,1463,319,Japan,Training,4
2029-01-01,3701,1337,Germany,Software,2
2029-01-01,9233,2475,France,Services,16
2029-01-01,5738,1435,Japan,Services,6
2029-01-01,5238,1956,United States,Training,7
2029-01-01,2314,717,United Kingdom,Training,1
2029-01-01,8246,1602,Germany,Hardware,13
2029-01-01,3089,840,France,Training,1
2029-01-01,4107,973,France,Services,6
2029-01-01,3325,1148,Japan,Services,1
2029-01-01,4461,1664,United Kingdom,Services,7
2029-01-01,1967,548,Spain,Training,2
2029-01-01,14345,4728,United States,Software,14
2029-01-01,1331,451,Japan,Training,2
2029-01-01,4188,1443,Japan,Training,9
2029-01-01,2689,710,Germany,Services,1
2029-01-01,3882,1512,Germany,Training,7
2029-01-01,5075,1829,Spain,Software,4
2029-01-01,3072,1057,United States,Software,4
2029-01-01,11116,4270,Japan,Software,12
2029-01-01,3291,1109,United States,Software,1
2029-01-01,3100,1069,Japan,Software,5
2029-01-01,2717,174,Germany,Training,1
2029-01-01,4664,959,Germany,Services,9
2029-01-01,5165,1573,United States,Training,1
2029-01-01,8502,4301,United States,Software,8
2029-01-01,4573,1476,France,Training,11
2029-01-01,3769,1252,United States,Software,4
2029-01-01,3727,940,United States,Training,1
2029-01-01,7350,1752,United States,Training,7
2029-01-01,10044,1718,United States,Hardware,5
2029-01-01,10058,2292,Germany,Hardware,11
2029-01-01,2410,459,United Kingdom,Training,2
2029-01-01,3329,653,United States,Hardware,7
2029-01-01,3441,869,Japan,Training,3
2029-01-01,2674,1155,Spain,Software,5
2029-01-01,6955,976,Germany,Hardware,7
2029-01-01,4018,906,United States,Training,1
2029-01-01,4036,753,United States,Hardware,8
2029-01-01,2534,504,Germany,Training,6
2029-01-01,11801,1661,Spain,Hardware,15
2029-01-01,6060,1541,United States,Hardware,10
2029-01-01,3350,1113,United States,Training,6
2029-01-01,1537,269,Spain,Training,1
2029-01-01,3187,866,United States,Training,4
2029-01-01,2867,676,Japan,Software,5
2029-01-01,7011,2137,France,Training,5
2029-01-01,1862,215,Spain,Training,1
2029-01-01,5551,1895,United States,Services,10
2029-01-01,3630,818,Spain,Training,3
2029-01-01,1356,259,United States,Hardware,5
2029-01-01,7952,1312,United Kingdom,Hardware,10
2029-01-01,2071,852,Japan,Training,2
2029-01-01,1603,519,United Kingdom,Training,4
2029-01-01,7057,3629,Spain,Software,4
2029-01-01,2946,660,United States,Services,2
2029-01-01,8878,1639,Japan,Hardware,17
2029-01-01,2801,575,Germany,Training,1
2029-01-01,4177,1804,Spain,Software,7
2029-01-01,7125,2521,United States,Software,5
2029-01-01,11717,4498,France,Software,9
2029-01-01,1413,375,Spain,Training,6
2029-01-01,4418,1967,Japan,Software,1
2029-01-01,3704,561,Japan,Hardware,3
2029-01-01,8412,2565,United States,Software,10
2029-01-01,2092,404,United States,Training,4
2029-01-01,4010,1471,Japan,Training,4
2029-01-01,7919,3224,France,Services,7
2029-01-01,4619,1001,Japan,Hardware,
2029-01-01,5645,951,Germany,Training,4
2029-01-01,2557,709,United States,Services,
2029-01-01,22480,5984,Germany,Hardware,27
2029-01-01,2783,963,United States,Services,1
2029-01-01,20745,6491,United States,Services,18
2029-01-01,6772,1306,United Kingdom,Hardware,9
2029-01-01,10601,2893,France,Hardware,10
2029-01-01,4178,1117,France,Training,7
2029-01-01,5841,2358,Germany,Software,6
2029-01-01,5137,1944,Spain,Services,1
2029-01-01,7702,2848,United Kingdom,Software,8
2029-01-01,17119,3151,Japan,Hardware,17
2029-01-01,7772,1288,Japan,Hardware,7
2029-01-01,7555,1251,Japan,Hardware,10
2029-01-01,3050,1104,Spain,Services,9
2029-01-01,2660,1006,Germany,Software,4
2029-01-01,4886,1544,United States,Training,5
2029-01-01,4440,1129,United States,Software,9
2029-01-01,11766,2469,Germany,Software,10
2029-01-01,7989,2025,France,Hardware,12
2029-01-01,3951,1121,France,Software,1
2029-01-01,19315,3675,France,Hardware,25
2029-01-01,8490,2933,Germany,Software,5
2029-01-01,2249,631,Germany,Software,1
2029-01-01,5444,1587,France,Hardware,5
2029-01-01,5796,1758,United Kingdom,Services,7
2029-01-01,1611,390,United Kingdom,Services,2
2029-01-01,4953,1442,Germany,Services,7
2029-01-01,1549,438,United States,Training,1
2029-01-01,5221,1743,United Kingdom,Services,10
2029-01-01,3777,1640,United States,Software,4
2029-01-01,2659,668,United Kingdom,Hardware,3
2029-01-01,11683,2385,France,Hardware,10
2029-01-01,5954,391,France,Hardware,7
2029-01-01,2527,1092,Japan,Software,4
2029-01-01,6240,1314,Germany,Hardware,7
2029-01-01,11046,2205,Spain,Hardware,13
2029-01-01,2604,996,United States,Training,6
2029-01-01,674,175,United States,Training,3
2029-01-01,1516,442,United States,Training,1
2029-01-01,3874,870,Germany,Services,3
2029-01-01,8633,2881,Germany,Software,10
2029-01-01,3387,1503,Germany,Software,7
2029-01-01,10133,2449,Spain,Hardware,12
2029-01-01,6760,1523,France,Hardware,10
2029-01-01,2188,465,Germany,Training,2
2029-01-01,4674,1428,Japan,Software,1
2029-01-01,5019,1170,Germany,Hardware,1
2029-01-01,6549,1963,United States,Hardware,9
2029-01-01,8567,3064,United States,Services,12
2029-01-01,7006,2475,Japan,Hardware,6
2029-01-01,4717,1231,Germany,Training,9
2029-01-01,3133,641,Japan,Hardware,4
2029-01-01,12061,4787,Spain,Services,16
2029-01-01,4652,786,Spain,Hardware,6
2029-01-01,3412,945,France,Training,3
2029-01-01,4488,1714,Germany,Training,15
2029-01-01,6155,2076,Germany,Software,7
2029-01-01,2367,1060,United States,Software,2
2029-01-01,6280,1273,Japan,Services,6
2029-01-01,1391,316,Japan,Training,9
2029-01-01,1672,440,United States,Training,3
2029-01-01,9342,2189,Spain,Hardware,8
2029-01-01,1891,502,Germany,Training,5
2029-01-01,7529,1300,United Kingdom,Hardware,9
2029-01-01,4195,1172,Japan,Hardware,4
2029-01-01,5205,1011,Spain,Hardware,4
2029-01-01,5445,1039,France,Hardware,3
2029-01-01,1567,341,Spain,Services,1
2029-01-01,1966,542,United Kingdom,Training,3
2029-01-01,6309,1819,Japan,Software,12
2029-01-01,7371,3337,Spain,Services,8
2029-01-01,9343,2620,Japan,Hardware,9
2029-01-01,1811,499,United States,Training,1
2029-01-01,3699,1420,United States,Software,6
2029-01-01,3590,924,United States,Services,5
2029-01-01,6576,1098,Germany,Training,9
2029-01-01,1596,390,United States,Services,3
2029-01-01,10690,1945,Germany,Training,10
2029-01-01,7767,2212,Spain,Software,8
2029-01-01,2071,605,Spain,Hardware,1
2029-01-01,1062,166,Spain,Training,6
2029-01-01,2529,744,United Kingdom,Training,1
2029-01-01,7740,3966,France,Software,6
2029-01-01,4661,1325,United States,Hardware,1
2029-01-01,3194,809,France,Services,4
2029-01-01,4123,1469,Spain,Services,1
2029-01-01,1643,346,France,Training,5
2029-01-01,5327,603,Japan,Training,3
2029-01-01,2092,869,Germany,Services,1
2029-01-01,2907,950,Germany,Services,1
2029-01-01,2608,670,France,Training,3
2029-01-01,2847,662,United States,Training,4
2029-01-01,4259,887,United States,Services,3
2029-01-01,13435,5237,Japan,Software,10
2029-01-01,2608,733,United States,Hardware,2
2029-01-01,2002,1029,United Kingdom,Software,2
2029-01-01,2223,640,United States,Services,6
2029-01-01,5717,727,United States,Hardware,5
2029-01-01,2270,797,France,Training,4
2029-01-01,3478,773,Japan,Services,4
2029-01-01,730,110,United States,Training,1
2029-01-01,14999,2343,United States,Hardware,16
2029-01-01,5615,2256,Spain,Services,7
2029-01-01,1202,279,Japan,Training,1
2029-01-01,15402,1705,Germany,Hardware,18
2029-01-01,6836,992,Germany,Hardware,5
2029-01-01,3835,1485,United Kingdom,Services,2
2029-01-01,6181,2314,Spain,Software,2
2029-01-01,15425,3615,United Kingdom,Hardware,19
2029-01-01,20312,3207,United States,Hardware,26
2029-01-01,9280,2835,United States,Services,11
2029-01-01,4790,1212,United Kingdom,Software,4
2029-01-01,4985,1212,Germany,Services,1
2029-01-01,3711,1463,France,Services,4
2029-01-01,10894,3029,France,Software,14
2029-01-01,10050,1926,United States,Hardware,6
2029-01-01,6784,1342,France,Training,10
2029-01-01,6854,1881,United Kingdom,Services,8
2029-01-01,4921,1610,Germany,Services,9
2029-01-01,2813,720,France,Services,3
2029-01-01,8336,2285,United States,Services,9
2029-01-01,8983,2985,Spain,Services,8
2029-01-01,8811,3028,France,Hardware,6
2029-01-01,2350,918,United States,Software,1
2029-01-01,3454,959,United States,Hardware,4
2029-01-01,15570,3353,United Kingdom,Hardware,16
2029-01-01,4132,671,Japan,Training,4
2029-01-01,4154,848,Japan,Hardware,4
2029-01-01,5094,1416,France,Hardware,11
2029-01-01,13215,5739,United States,Software,17
2029-01-01,5950,2178,Germany,Software,8
2029-01-01,2502,529,Spain,Training,1
2029-01-01,4692,1732,Japan,Hardware,12
2029-01-01,5464,1346,Spain,Software,7
2029-01-01,17735,4166,Germany,Hardware,22
2029-01-01,4008,786,Japan,Hardware,10
2029-01-01,7655,2319,Japan,Training,11
2029-01-01,4418,1406,United States,Services,5
2029-01-01,4980,899,Germany,Services,4
2029-01-01,7452,2940,Japan,Software,5
2029-01-01,3965,860,Japan,Training,
2029-01-01,10267,4544,United Kingdom,Software,9
2029-01-01,4798,1017,United Kingdom,Hardware,1
2029-01-01,2142,332,Germany,Training,5
2029-01-01,11518,3805,Germany,Software,15
2029-01-01,3087,551,Spain,Services,2
2029-01-01,4940,1709,United Kingdom,Hardware,7
2029-01-01,19371,5509,United States,Hardware,18
2029-01-01,1346,363,United States,Services,1
2029-01-01,10765,3584,Germany,Software,15
2029-01-01,3504,797,United States,Hardware,7
2029-01-01,6105,1968,Japan,Services,11
2029-01-01,16720,3557,United States,Hardware,13
2029-01-01,3343,919,Spain,Training,4
2029-01-01,10049,1594,Germany,Hardware,16
2029-01-01,8468,3817,Germany,Software,9
2029-01-01,1017,274,Germany,Training,3
2029-01-01,2119,738,Germany,Services,3
2029-01-01,2744,736,Germany,Services,1
2029-01-01,2129,888,Japan,Software,1
2029-01-01,4641,1269,Japan,Hardware,5
2029-01-01,5015,767,Japan,Services,11
2029-01-01,4183,1401,United States,Software,2
2029-01-01,2864,714,United States,Training,4
2029-01-01,1603,519,Spain,Training,2
2029-01-01,3763,1020,United States,Hardware,10
2029-01-01,6552,1523,Japan,Services,10
2029-01-01,2114,582,Spain,Training,5
2029-01-01,10950,2430,France,Software,17
2029-01-01,9344,2663,United States,Hardware,11
2029-01-01,2124,579,United States,Training,4
2029-01-01,1093,338,United States,Services,7
2029-01-01,5424,1817,Germany,Software,5
2029-01-01,7646,1461,United Kingdom,Training,10
2029-01-01,9838,2419,Germany,Hardware,8
2029-01-01,8614,3407,Germany,Software,12
2029-01-01,15997,5098,France,Hardware,22
2029-01-01,7475,2990,United States,Software,7
2029-01-01,3424,1307,United States,Software,4
2029-01-01,2578,845,Spain,Training,2
2029-01-01,4091,1722,United Kingdom,Training,3
2029-01-01,6037,1572,United Kingdom,Services,7
2029-01-01,6188,2101,Spain,Services,7
2029-01-01,1383,393,United States,Training,3
2029-01-01,7009,3239,United States,Software,12
2029-01-01,4874,907,Japan,Training,6
2029-01-01,8282,2762,Germany,Hardware,14
2029-01-01,20953,1799,Spain,Hardware,21
2029-01-01,3504,1091,Japan,Training,1
2029-01-01,2154,523,France,Services,1
2029-01-01,1546,492,Germany,Training,2
2029-01-01,6592,2350,France,Software,2
2029-01-01,1068,456,United Kingdom,Software,2
2029-01-01,1660,236,Japan,Hardware,5
2029-01-01,3334,848,United Kingdom,Software,3
2029-01-01,1646,579,Spain,Services,7
2029-01-01,4908,2058,Japan,Software,6
2029-01-01,11329,1621,United States,Hardware,10
2029-01-01,17849,4019,Japan,Hardware,18
2029-01-01,11131,4051,Germany,Software,10
2029-01-01,5083,1416,Spain,Services,5
2029-01-01,4227,1876,Germany,Services,2
2029-01-01,4605,1591,United States,Services,2
2029-01-01,1222,365,Japan,Services,1
2029-01-01,2258,667,Spain,Hardware,1
2029-01-01,3732,1609,Japan,Software,4
2029-01-01,8987,1575,Germany,Hardware,9
2029-01-01,9082,3996,Japan,Software,11
2029-01-01,8409,2041,United Kingdom,Training,12
2029-01-01,4010,1111,Japan,Training,3
2029-01-01,4410,959,Japan,Training,9
2029-01-01,4692,2339,United States,Software,10
2029-01-01,3675,1081,United Kingdom,Services,
2029-01-01,12698,3392,United Kingdom,Hardware,21
2029-01-01,11614,3886,France,Services,14
2029-01-01,3155,662,United States,Training,4
2029-01-01,6476,2049,Spain,Hardware,1
2029-01-01,3484,921,France,Software,7
2029-01-01,20823,7365,Germany,Software,26
2029-01-01,3818,1158,United Kingdom,Training,3
2029-01-01,8557,4346,Japan,Software,10
2029-01-01,8503,2134,United States,Hardware,8
2029-01-01,2501,529,United Kingdom,Training,7
2029-01-01,1716,467,France,Services,2
2029-01-01,3443,1212,Spain,Software,5
2029-01-01,1273,643,Spain,Services,1
2029-01-01,3562,1405,Germany,Software,7
2029-01-01,6489,2878,Germany,Software,8
2029-01-01,1982,465,Spain,Hardware,8
2029-01-01,705,212,United States,Services,3
2029-01-01,3418,1238,Spain,Hardware,6
2029-01-01,2921,1152,United States,Hardware,1
2029-01-01,3684,1559,France,Services,5
2029-02-01,4790,1121,United States,Training,3
2029-02-01,5100,1359,Spain,Training,9
2029-02-01,2144,809,United States,Software,3
2029-02-01,15418,1341,France,Hardware,18
2029-02-01,6116,1242,France,Services,2
2029-02-01,6587,2206,United Kingdom,Software,9
2029-02-01,2810,943,United States,Services,3
2029-02-01,3508,809,Spain,Hardware,7
2029-02-01,4079,1664,Japan,Services,2
2029-02-01,3959,1022,Japan,Services,2
2029-02-01,15058,5677,France,Software,15
2029-02-01,4591,1357,France,Hardware,8
2029-02-01,2069,658,Japan,Training,4
2029-02-01,4946,835,Spain,Training,10
2029-02-01,14167,5850,France,Software,16
2029-02-01,7863,2433,Germany,Services,8
2029-02-01,3350,1056,United States,Training,1
2029-02-01,7389,2526,Spain,Software,6
2029-02-01,12195,3402,United States,Hardware,14
2029-02-01,12856,3069,France,Hardware,17
2029-02-01,2251,636,United Kingdom,Hardware,1
2029-02-01,4919,2314,Germany,Software,3
2029-02-01,5306,966,Japan,Training,4
2029-02-01,3846,1075,Japan,Training,1
2029-02-01,3066,1254,United Kingdom,Services,4
2029-02-01,6863,1705,Spain,Training,9
2029-02-01,3510,514,Spain,Services,7
2029-02-01,16777,2809,Japan,Hardware,14
2029-02-01,9328,3230,United States,Services,9
2029-02-01,2672,787,United States,Hardware,1
2029-02-01,3519,1398,United States,Hardware,8
2029-02-01,5109,654,United States,Training,11
2029-02-01,5164,1989,France,Hardware,2
2029-02-01,5015,1404,United States,Training,6
2029-02-01,6851,3181,Germany,Software,5
2029-02-01,3668,774,Germany,Services,3
2029-02-01,5800,1743,United Kingdom,Training,1
2029-02-01,5491,378,Spain,Hardware,7
2029-02-01,1886,757,France,Software,3
2029-02-01,3814,1207,United Kingdom,Services,5
2029-02-01,5093,1016,Japan,Hardware,
2029-02-01,2200,629,France,Training,1
2029-02-01,2776,671,France,Services,1
2029-02-01,4393,831,Germany,Hardware,3
2029-02-01,10493,3639,Germany,Software,14
2029-02-01,4386,828,United Kingdom,Hardware,1
2029-02-01,11871,3472,France,Hardware,21
2029-02-01,5539,1855,United States,Services,4
2029-02-01,7728,2523,Germany,Software,13
2029-02-01,12073,2603,United Kingdom,Hardware,14
2029-02-01,14231,4540,Germany,Software,15
2029-02-01,4134,1156,Germany,Services,3
2029-02-01,889,260,United States,Training,1
2029-02-01,9893,3537,France,Software,7
2029-02-01,14928,2648,Spain,Hardware,18
2029-02-01,1501,469,France,Services,1
2029-02-01,2358,994,Germany,Software,3
2029-02-01,2710,661,Germany,Training,6
2029-02-01,4492,797,United States,Training,5
2029-02-01,6370,2060,France,Training,10
2029-02-01,4089,1753,Japan,Software,2
2029-02-01,7253,1768,United States,Services,2
2029-02-01,7856,2705,Japan,Hardware,13
2029-02-01,9511,3317,France,Software,6
2029-02-01,16478,4937,United Kingdom,Hardware,18
2029-02-01,12408,4644,United Kingdom,Software,7
2029-02-01,12145,4164,United States,Training,14
2029-02-01,6329,1890,Spain,Hardware,14
2029-02-01,9959,2232,United States,Hardware,11
2029-02-01,1718,567,United States,Training,2
2029-02-01,7997,2145,France,Hardware,7
2029-02-01,4094,1715,France,Software,5
2029-02-01,4071,1600,United States,Software,2
2029-02-01,3790,1208,Japan,Software,4
2029-02-01,6663,850,France,Hardware,6
2029-02-01,14216,3784,Spain,Hardware,17
2029-02-01,9282,5182,Spain,Software,7
2029-02-01,3009,809,Japan,Software,4
2029-02-01,2679,600,Germany,Training,3
2029-02-01,5938,1938,France,Hardware,9
2029-02-01,8071,1921,France,Services,4
2029-02-01,6296,1521,France,Hardware,12
2029-02-01,4321,1055,United States,Services,6
2029-02-01,1574,231,United States,Services,4
2029-02-01,4532,1785,United Kingdom,Software,3
2029-02-01,4156,1510,Germany,Training,2
2029-02-01,6665,1838,United Kingdom,Services,7
2029-02-01,3937,1844,United States,Software,1
2029-02-01,11226,1798,Japan,Hardware,13
2029-02-01,6557,2222,Spain,Services,10
2029-02-01,2062,619,France,Training,1
2029-02-01,13582,3787,United States,Hardware,12
2029-02-01,5217,1194,Spain,Training,8
2029-02-01,8848,2372,Germany,Hardware,5
2029-02-01,1915,324,Germany,Training,1
2029-02-01,3909,1103,Spain,Hardware,3
2029-02-01,7324,2585,France,Software,4
2029-02-01,5399,1292,United States,Training,3
2029-02-01,986,217,United Kingdom,Training,1
2029-02-01,12545,3951,United States,Software,13
2029-02-01,8851,3031,United States,Hardware,11
2029-02-01,901,214,Germany,Training,2
2029-02-01,6630,2492,Germany,Training,12
2029-02-01,7534,1873,Germany,Hardware,4
2029-02-01,4092,2083,Spain,Software,1
2029-02-01,7638,1648,United States,Hardware,9
2029-02-01,4094,1130,Germany,Hardware,4
2029-02-01,1334,299,Spain,Training,1
2029-02-01,1436,322,France,Hardware,1
2029-02-01,2685,712,United States,Hardware,4
2029-02-01,6845,2717,Japan,Software,8
2029-02-01,3448,1401,France,Software,2
2029-02-01,1279,491,United States,Training,1
2029-02-01,3133,1002,United States,Training,1
2029-02-01,4151,939,United States,Services,3
2029-02-01,10014,4408,United Kingdom,Software,18
2029-02-01,10503,3531,United Kingdom,Hardware,16
2029-02-01,7474,2094,United States,Software,9
2029-02-01,8636,3146,United States,Training,13
2029-02-01,6584,1224,France,Hardware,9
2029-02-01,1115,240,United States,Training,8
2029-02-01,8113,722,Spain,Hardware,9
2029-02-01,5129,1934,United States,Software,8
2029-02-01,5747,1264,Germany,Software,9
2029-02-01,674,172,United Kingdom,Training,5
2029-02-01,3139,1248,Germany,Services,8
2029-02-01,6721,2271,Japan,Hardware,4
2029-02-01,4214,1530,Japan,Training,1
2029-02-01,15551,2907,Germany,Hardware,15
2029-02-01,4367,690,United States,Hardware,5
2029-02-01,7862,1986,Spain,Hardware,15
2029-02-01,4998,1434,Germany,Training,3
2029-02-01,1336,341,Japan,Training,6
2029-02-01,17412,5053,United States,Software,27
2029-02-01,7490,2763,United Kingdom,Software,7
2029-02-01,5154,1854,United Kingdom,Software,6
2029-02-01,5957,1756,Spain,Training,9
2029-02-01,2695,738,United States,Services,1
2029-02-01,1928,635,Japan,Software,4
2029-02-01,4350,1321,Spain,Training,5
2029-02-01,2775,1157,Spain,Software,6
2029-02-01,3323,1312,Germany,Software,1
2029-02-01,12263,3272,United States,Hardware,12
2029-02-01,5819,806,Germany,Training,10
2029-02-01,3363,358,Germany,Training,6
2029-02-01,5017,2020,United Kingdom,Software,8
2029-02-01,5056,1269,United Kingdom,Hardware,8
2029-02-01,3827,1507,Germany,Software,
2029-02-01,10401,2141,Spain,Hardware,9
2029-02-01,3079,906,United Kingdom,Training,3
2029-02-01,5011,1356,United States,Services,3
2029-02-01,7024,1963,Japan,Services,11
2029-02-01,5004,1173,France,Services,7
2029-02-01,5788,1959,Germany,Training,9
2029-02-01,8935,1732,United States,Hardware,6
2029-02-01,7152,2218,United States,Services,5
2029-02-01,699,199,United States,Training,1
2029-02-01,2652,1200,United States,Software,4
2029-02-01,16618,2296,Spain,Hardware,17
2029-02-01,9639,2641,United States,Software,11
2029-02-01,2350,244,Germany,Training,4
2029-02-01,1601,352,Spain,Training,3
2029-02-01,650,118,France,Training,1
2029-02-01,1647,439,Germany,Training,1
2029-02-01,9716,3559,France,Software,7
2029-02-01,2139,600,United States,Training,1
2029-02-01,1748,535,United States,Training,1
2029-02-01,18568,4361,Germany,Software,23
2029-02-01,2656,863,Germany,Services,2
2029-02-01,2058,477,Japan,Training,4
2029-02-01,2013,570,France,Training,
2029-02-01,6140,1568,United Kingdom,Services,6
2029-02-01,5600,1530,United States,Services,8
2029-02-01,22772,5550,France,Hardware,30
2029-02-01,2228,436,France,Training,5
2029-02-01,3015,1028,United States,Software,5
2029-02-01,6635,1892,Japan,Software,5
2029-02-01,18929,3369,United States,Hardware,21
2029-02-01,4602,1022,United States,Services,5
2029-02-01,1921,480,United States,Training,7
2029-02-01,6326,2186,Germany,Software,10
2029-02-01,2023,764,France,Training,2
2029-02-01,3951,1140,United Kingdom,Training,2
2029-02-01,9177,2606,Japan,Hardware,12
2029-02-01,3190,949,Germany,Training,2
2029-02-01,2521,436,France,Software,3
2029-02-01,13189,1787,United States,Hardware,16
2029-02-01,5282,1101,United States,Hardware,9
2029-02-01,3941,1889,Germany,Services,4
2029-02-01,2340,687,United Kingdom,Training,4
2029-02-01,4934,2541,United States,Software,6
2029-02-01,5628,1891,France,Software,2
2029-02-01,4258,1060,Japan,Hardware,8
2029-02-01,7888,4102,Germany,Services,9
2029-02-01,7909,1749,Japan,Hardware,11
2029-02-01,9813,4107,France,Services,15
2029-02-01,918,246,Japan,Training,9
2029-02-01,4323,1394,Spain,Hardware,7
2029-02-01,7398,2366,France,Hardware,11
2029-02-01,6033,1983,United States,Software,1
2029-02-01,4417,1307,France,Training,5
2029-02-01,4383,1354,France,Services,6
2029-02-01,6836,2877,Germany,Software,10
2029-02-01,3986,1292,Germany,Services,2
2029-02-01,4308,1090,France,Software,7
2029-02-01,5197,1624,Germany,Hardware,8
2029-02-01,2297,660,United Kingdom,Services,6
2029-02-01,3177,682,France,Services,8
2029-02-01,5072,1411,Germany,Training,6
2029-02-01,17677,3476,France,Hardware,18
2029-02-01,6713,2365,France,Services,6
2029-02-01,6290,1475,France,Hardware,2
2029-02-01,7285,1543,Germany,Services,7
2029-02-01,2854,1208,United States,Software,8
2029-02-01,16813,6662,United Kingdom,Software,17
2029-02-01,1498,306,United States,Hardware,4
2029-02-01,9484,2054,Germany,Hardware,11
2029-02-01,1933,755,Germany,Training,7
2029-02-01,3516,337,Germany,Training,3
2029-02-01,3636,848,Germany,Training,4
2029-02-01,3974,1046,Germany,Services,5
2029-02-01,4866,2040,Spain,Training,7
2029-02-01,4420,2056,France,Software,3
2029-02-01,10223,2023,United States,Hardware,10
2029-02-01,2225,476,United Kingdom,Training,3
2029-02-01,3254,1128,Japan,Services,6
2029-02-01,2800,746,Japan,Training,1
2029-02-01,11436,2862,United States,Hardware,11
2029-02-01,1998,456,Japan,Training,4
2029-02-01,4873,1760,Japan,Software,2
2029-02-01,9315,1717,United States,Hardware,13
2029-02-01,3043,897,United Kingdom,Services,5
2029-02-01,5376,1393,Japan,Services,5
2029-02-01,2677,554,Germany,Services,1
2029-02-01,8047,1532,Germany,Hardware,15
2029-02-01,2236,345,Germany,Training,1
2029-02-01,997,236,Spain,Training,4
2029-02-01,1955,696,United States,Software,1
2029-02-01,4197,1393,Germany,Services,8
2029-02-01,11385,2825,United States,Hardware,14
2029-02-01,3281,1838,Japan,Software,5
2029-02-01,9887,1229,United Kingdom,Hardware,12
2029-02-01,4103,1551,United Kingdom,Services,3
2029-02-01,803,231,Spain,Training,1
2029-02-01,5218,1517,Japan,Training,1
2029-02-01,2189,532,United Kingdom,Services,6
2029-02-01,8888,3257,Germany,Software,6
2029-02-01,12608,3178,Spain,Hardware,13
2029-02-01,3368,1609,United Kingdom,Software,5
2029-02-01,5528,1371,United States,Hardware,5
2029-02-01,7021,2638,United Kingdom,Hardware,7
2029-02-01,1696,649,United States,Software,1
2029-02-01,6886,2311,United Kingdom,Services,3
2029-02-01,4771,1486,Spain,Services,5
2029-02-01,3406,1028,United States,Software,4
2029-02-01,1927,497,Germany,Services,7
2029-02-01,9233,2513,United Kingdom,Software,9
2029-02-01,4167,1568,Germany,Training,1
2029-02-01,2951,1474,Spain,Software,2
2029-02-01,1246,295,Germany,Training,2
2029-02-01,15820,3926,United States,Services,14
2029-02-01,15909,2724,France,Hardware,17
2029-02-01,1101,336,Japan,Training,3
2029-02-01,5745,1441,Germany,Hardware,6
2029-02-01,10860,3659,United States,Software,17
2029-02-01,12381,5191,United States,Software,20
2029-02-01,17498,3939,Germany,Hardware,18
2029-02-01,4156,1717,France,Software,2
2029-02-01,3830,828,France,Services,1
2029-02-01,7236,1200,Germany,Hardware,9
2029-02-01,6163,1444,France,Training,13
2029-02-01,3399,272,Spain,Training,1
2029-02-01,3982,1429,Germany,Services,6
2029-02-01,1430,277,Germany,Training,1
2029-02-01,6198,1036,Japan,Hardware,6
2029-02-01,2618,555,Spain,Training,2
2029-02-01,16970,3371,Japan,Hardware,20
2029-02-01,5639,1249,United States,Software,1
2029-02-01,3202,755,United States,Training,9
2029-02-01,5321,1387,United States,Training,4
2029-02-01,1839,370,Japan,Training,4
2029-02-01,7028,3023,United Kingdom,Software,2
2029-02-01,10115,4734,Germany,Software,12
2029-02-01,2546,710,United Kingdom,Services,1
2029-02-01,7646,1846,United States,Hardware,10
2029-02-01,3755,946,United States,Training,6
2029-02-01,2770,687,United States,Hardware,4
2029-02-01,1090,231,United States,Training,1
2029-02-01,4193,1992,France,Software,8
2029-02-01,5891,1186,Germany,Hardware,3
2029-02-01,2052,724,Germany,Services,1
2029-02-01,3215,1249,Germany,Software,3
2029-02-01,6631,1811,Germany,Services,6
2029-02-01,11746,2298,United States,Hardware,10
2029-02-01,7534,2714,United States,Services,2
2029-02-01,5267,721,United States,Hardware,5
2029-02-01,2370,555,United States,Training,1
2029-02-01,2046,379,France,Services,2
2029-02-01,10674,3113,United Kingdom,Software,13
2029-02-01,3400,1056,United Kingdom,Training,4
2029-02-01,1638,538,Germany,Software,2
2029-02-01,3508,1229,France,Training,6
2029-02-01,11136,3180,Germany,Hardware,14
2029-02-01,1250,431,United States,Training,1
2029-02-01,2194,669,United States,Services,1
2029-02-01,625,216,United States,Training,1
2029-02-01,3870,1466,United States,Training,1
2029-02-01,2594,786,Germany,Services,12
2029-02-01,6758,2186,Germany,Software,7
2029-02-01,3326,1306,Spain,Services,4
2029-02-01,2453,990,France,Software,1
2029-02-01,4848,1444,United States,Services,7
2029-02-01,7732,3152,United States,Software,8
2029-02-01,1980,499,Japan,Services,5
2029-02-01,2741,416,United States,Training,1
2029-02-01,11926,4336,United States,Software,
2029-02-01,3977,1263,Japan,Training,7
2029-02-01,5828,1912,United States,Services,5
2029-02-01,16281,2190,United States,Hardware,20
2029-02-01,15979,1739,Spain,Hardware,18
2029-02-01,10038,3312,United Kingdom,Software,12
2029-02-01,3187,1179,United Kingdom,Training,1
2029-02-01,1292,210,Germany,Training,4
2029-02-01,15080,5422,United States,Hardware,22
2029-02-01,1837,484,United States,Services,9
2029-02-01,3162,821,Spain,Training,4
2029-02-01,1186,373,Japan,Training,3
2029-02-01,3584,866,United States,Training,4
2029-02-01,2648,794,France,Training,1
2029-02-01,11478,3032,United States,Services,12
2029-02-01,16335,6695,Japan,Software,15
2029-02-01,2672,333,France,Hardware,6
2029-02-01,9740,1954,Japan,Services,17
2029-02-01,10118,2295,France,Training,17
2029-02-01,7248,1592,Germany,Hardware,8
2029-02-01,4758,1378,Germany,Services,2
2029-02-01,4724,1769,Japan,Software,4
2029-02-01,3179,731,United States,Training,3
2029-02-01,17233,5804,United States,Services,20
2029-02-01,7112,2114,Germany,Services,6
2029-02-01,2385,487,Spain,Hardware,1
2029-02-01,7129,2164,United States,Software,6
2029-02-01,12835,3401,Spain,Services,15
2029-02-01,3210,1395,United States,Software,7
2029-02-01,1744,763,Japan,Training,3
2029-02-01,11589,2861,Germany,Hardware,14
2029-02-01,2854,886,United States,Services,2
2029-02-01,11813,4108,France,Software,16
2029-02-01,6891,2847,Japan,Services,6
2029-02-01,17766,3081,Spain,Hardware,23
2029-02-01,5834,846,France,Hardware,1
2029-02-01,19827,4799,United States,Services,23
2029-02-01,2792,1248,Germany,Software,1
2029-02-01,4236,2363,United States,Software,2
2029-02-01,2223,515,Spain,Services,1
2029-02-01,4608,2133,United States,Software,3
2029-02-01,3620,634,Spain,Training,2
2029-02-01,4236,1295,France,Training,7
2029-02-01,3986,1706,Japan,Software,3
2029-02-01,4603,526,Spain,Hardware,5
2029-02-01,8345,1957,France,Hardware,12
2029-02-01,2459,857,Japan,Training,2
2029-02-01,16321,5381,Spain,Hardware,19
2029-02-01,4285,1353,Japan,Software,6
2029-02-01,4623,624,United States,Training,2
2029-02-01,1846,383,United States,Training,5
2029-02-01,15573,6441,Spain,Software,20
2029-02-01,2941,720,Spain,Hardware,3
2029-02-01,11316,3422,Japan,Training,7
2029-02-01,3576,1162,United States,Services,7
2029-02-01,7948,2131,Spain,Hardware,8
2029-02-01,4456,1150,United States,Training,7
2029-02-01,3731,1082,United States,Services,12
2029-02-01,6862,2735,United States,Training,10
2029-02-01,1887,402,Japan,Training,1
2029-02-01,7004,1260,Germany,Hardware,5
2029-02-01,1878,568,Spain,Training,1
2029-02-01,3624,731,Japan,Training,9
2029-02-01,7807,2720,United States,Software,4
2029-02-01,4250,1144,United Kingdom,Software,6
2029-02-01,2538,576,United Kingdom,Services,7
2029-02-01,13950,1763,United States,Hardware,15
2029-02-01,25850,3869,France,Hardware,28
2029-02-01,5073,909,Japan,Hardware,7
2029-02-01,3119,1131,United Kingdom,Software,5
2029-02-01,3231,1057,United States,Services,5
2029-02-01,1733,701,United States,Software,1
2029-02-01,3990,1408,Germany,Services,5
2029-02-01,2557,804,Germany,Services,2
2029-02-01,4432,558,Spain,Hardware,7
2029-02-01,3820,741,United States,Training,1
2029-02-01,9899,3531,United States,Software,11
2029-02-01,1863,563,Japan,Training,2
2029-02-01,6581,2005,United States,Services,9
2029-02-01,7396,1901,Germany,Hardware,10
2029-02-01,3962,750,United States,Hardware,10
2029-02-01,6330,2047,France,Services,3
2029-02-01,10120,3451,United Kingdom,Services,14
2029-02-01,5088,1372,Germany,Software,7
2029-02-01,7845,946,Germany,Hardware,9
2029-03-01,6343,2798,United States,Software,6
2029-03-01,8005,1839,Germany,Services,8
2029-03-01,3415,1375,United States,Software,1
2029-03-01,9896,1805,United States,Hardware,17
2029-03-01,14456,5004,Germany,Software,17
2029-03-01,1360,463,France,Services,1
2029-03-01,3360,1436,United States,Software,3
2029-03-01,5822,1405,Germany,Hardware,11
2029-03-01,2259,1052,Japan,Services,2
2029-03-01,7631,939,Japan,Hardware,6
2029-03-01,2512,503,France,Training,6
2029-03-01,1931,683,United Kingdom,Software,1
2029-03-01,5477,1643,Japan,Training,8
2029-03-01,2274,595,Spain,Services,3
2029-03-01,3840,1002,United Kingdom,Training,5
2029-03-01,5453,1261,Japan,Hardware,6
2029-03-01,11361,3611,United States,Hardware,10
2029-03-01,1888,800,France,Software,4
2029-03-01,4329,1616,Japan,Software,4
2029-03-01,12072,3082,Germany,Hardware,15
2029-03-01,18198,5762,United States,Software,24
2029-03-01,2997,959,France,Software,1
2029-03-01,1722,582,United Kingdom,Training,4
2029-03-01,2447,739,Spain,Services,3
2029-03-01,2584,668,United States,Training,4
2029-03-01,3188,615,United Kingdom,Training,4
2029-03-01,3374,1267,United States,Training,6
2029-03-01,14462,3239,United Kingdom,Software,15
2029-03-01,8277,1566,United Kingdom,Services,10
2029-03-01,3037,816,United States,Training,4
2029-03-01,2629,694,Japan,Training,1
2029-03-01,3110,578,United States,Services,3
2029-03-01,5491,2151,United States,Software,12
2029-03-01,1183,351,Japan,Training,1
2029-03-01,2284,572,Germany,Training,5
2029-03-01,4795,1195,United Kingdom,Services,3
2029-03-01,3119,666,Spain,Hardware,6
2029-03-01,4819,840,Germany,Services,7
2029-03-01,1275,184,Germany,Training,2
2029-03-01,12322,3525,Japan,Software,9
2029-03-01,4164,1222,United Kingdom,Training,5
2029-03-01,13115,4915,United States,Hardware,19
2029-03-01,3530,1001,France,Training,1
2029-03-01,3138,850,Japan,Training,1
2029-03-01,2141,831,United States,Software,4
2029-03-01,4595,2061,Japan,Services,2
2029-03-01,16910,5166,France,Services,16
2029-03-01,2132,514,Germany,Training,7
2029-03-01,4731,1795,Spain,Services,6
2029-03-01,5993,1464,Spain,Training,4
2029-03-01,4256,1945,Japan,Software,5
2029-03-01,6635,2701,Spain,Software,8
2029-03-01,1825,768,United Kingdom,Software,1
2029-03-01,2862,575,Japan,Training,5
2029-03-01,2028,725,United States,Training,1
2029-03-01,7679,2500,France,Software,6
2029-03-01,10528,4434,Spain,Software,16
2029-03-01,2924,850,France,Training,3
2029-03-01,6241,1385,United States,Hardware,4
2029-03-01,3388,1146,Japan,Services,2
2029-03-01,17683,2872,France,Hardware,19
2029-03-01,12224,4068,Japan,Services,14
2029-03-01,3834,625,United States,Training,4
2029-03-01,7583,2902,United States,Software,12
2029-03-01,9411,2290,Spain,Services,5
2029-03-01,5708,2047,France,Services,7
2029-03-01,3295,1100,Japan,Services,3
2029-03-01,8114,3276,Japan,Software,13
2029-03-01,8366,2453,United States,Services,6
2029-03-01,13425,2455,Germany,Hardware,14
2029-03-01,7574,2178,United States,Training,11
2029-03-01,7562,3269,Germany,Software,9
2029-03-01,2766,945,United States,Services,3
2029-03-01,4455,1035,Germany,Training,8
2029-03-01,5550,1210,United States,Hardware,11
2029-03-01,9854,2191,United States,Training,9
2029-03-01,16463,6147,United States,Software,18
2029-03-01,10844,2163,Japan,Services,12
2029-03-01,30910,6085,Germany,Hardware,36
2029-03-01,23555,5206,Japan,Hardware,24
2029-03-01,7421,1191,Germany,Hardware,10
2029-03-01,6412,1904,Spain,Services,9
2029-03-01,3923,1159,France,Hardware,3
2029-03-01,9314,2665,Japan,Hardware,14
2029-03-01,11849,2401,United States,Hardware,19
2029-03-01,7196,1821,Spain,Services,3
2029-03-01,13927,4673,Spain,Software,11
2029-03-01,7723,2077,United States,Hardware,8
2029-03-01,7099,1621,France,Hardware,12
2029-03-01,1270,298,Spain,Training,3
2029-03-01,19614,5137,Germany,Hardware,23
2029-03-01,1181,458,Germany,Training,2
2029-03-01,5430,2677,Germany,Software,4
2029-03-01,9802,2592,United States,Software,10
2029-03-01,7386,2081,Japan,Software,9
2029-03-01,12803,3366,Spain,Software,14
2029-03-01,2831,849,France,Hardware,7
2029-03-01,6474,1419,France,Services,11
2029-03-01,6034,1794,Spain,Services,10
2029-03-01,5769,571,France,Services,10
2029-03-01,5794,1145,Spain,Hardware,11
2029-03-01,4649,1754,United States,Software,9
2029-03-01,4563,1646,Japan,Services,8
2029-03-01,4196,1099,United States,Training,9
2029-03-01,7673,2737,Spain,Services,15
2029-03-01,17080,4081,Germany,Hardware,21
2029-03-01,3144,588,United States,Services,1
2029-03-01,6535,2016,Germany,Training,5
2029-03-01,6815,1781,Germany,Services,8
2029-03-01,4554,1339,United Kingdom,Services,4
2029-03-01,10267,5702,France,Software,10
2029-03-01,4663,1779,Japan,Software,5
2029-03-01,19510,8799,United States,Software,25
2029-03-01,4886,1574,United States,Software,6
2029-03-01,8321,1766,Germany,Hardware,11
2029-03-01,15573,3798,Spain,Hardware,20
2029-03-01,6539,1938,Japan,Hardware,12
2029-03-01,6304,1197,United States,Services,3
2029-03-01,4195,1319,France,Services,4
2029-03-01,4501,1231,United States,Services,12
2029-03-01,15651,3284,Japan,Hardware,16
2029-03-01,6464,2362,United States,Software,11
2029-03-01,7050,2650,Germany,Services,1
2029-03-01,6156,2152,Japan,Software,9
2029-03-01,3245,1039,United States,Services,1
2029-03-01,2260,547,Germany,Training,8
2029-03-01,10326,2111,Japan,Services,10
2029-03-01,10056,2311,France,Services,11
2029-03-01,6260,1813,Germany,Software,8
2029-03-01,2646,676,Japan,Training,6
2029-03-01,3553,722,United States,Services,7
2029-03-01,8920,2047,Germany,Hardware,9
2029-03-01,10149,3406,Germany,Services,18
2029-03-01,14602,5602,Japan,Software,17
2029-03-01,5710,1964,United States,Software,9
2029-03-01,10435,3944,Germany,Software,9
2029-03-01,3357,1546,Spain,Software,4
2029-03-01,3803,1199,Spain,Training,6
2029-03-01,1905,635,France,Training,1
2029-03-01,4541,1072,France,Training,5
2029-03-01,13370,5137,France,Software,17
2029-03-01,12083,2327,Japan,Hardware,9
2029-03-01,7956,2437,Spain,Hardware,16
2029-03-01,4423,1294,United Kingdom,Software,6
2029-03-01,2190,805,Japan,Training,8
2029-03-01,8231,1337,United Kingdom,Hardware,6
2029-03-01,17320,4389,United States,Hardware,18
2029-03-01,9918,1158,France,Hardware,15
2029-03-01,2848,825,United States,Training,5
2029-03-01,4686,543,Japan,Hardware,1
2029-03-01,5157,1345,United States,Hardware,2
2029-03-01,17913,3754,France,Hardware,25
2029-03-01,8821,1946,Spain,Hardware,18
2029-03-01,3911,1142,Germany,Services,6
2029-03-01,2419,848,France,Training,4
2029-03-01,3839,1082,Germany,Training,7
2029-03-01,2139,664,Germany,Training,1
2029-03-01,1391,494,United States,Training,2
2029-03-01,9868,2906,United States,Hardware,6
2029-03-01,9379,3105,United States,Services,9
2029-03-01,5041,1322,United States,Services,13
2029-03-01,2844,857,Germany,Training,3
2029-03-01,3022,598,Japan,Services,5
2029-03-01,20767,9735,Japan,Software,19
2029-03-01,1089,353,Spain,Training,2
2029-03-01,4813,1246,Japan,Services,6
2029-03-01,8718,3160,Spain,Software,12
2029-03-01,16888,2723,Germany,Hardware,14
2029-03-01,10555,1757,Japan,Hardware,18
2029-03-01,10828,3470,France,Services,11
2029-03-01,9080,2563,Japan,Hardware,6
2029-03-01,3763,888,United States,Hardware,3
2029-03-01,7326,3092,United States,Software,10
2029-03-01,2104,374,United Kingdom,Services,1
2029-03-01,10646,5856,United States,Software,12
2029-03-01,6456,1902,United States,Services,11
2029-03-01,3135,1103,United States,Services,2
2029-03-01,7982,2959,United States,Software,8
2029-03-01,6102,1910,France,Software,5
2029-03-01,3295,1090,France,Training,5
2029-03-01,5138,679,Japan,Training,3
2029-03-01,2411,782,Spain,Services,1
2029-03-01,6756,1955,United States,Training,4
2029-03-01,3267,360,Germany,Training,10
2029-03-01,676,224,Spain,Training,1
2029-03-01,6586,1237,France,Services,11
2029-03-01,3031,685,United States,Training,4
2029-03-01,4316,1029,United States,Hardware,8
2029-03-01,3155,816,Germany,Services,5
2029-03-01,992,226,United States,Training,4
2029-03-01,5477,1426,Germany,Services,6
2029-03-01,13073,1790,France,Hardware,15
2029-03-01,9337,3893,Germany,Software,
2029-03-01,1962,368,Japan,Training,4
2029-03-01,1021,316,France,Training,2
2029-03-01,5084,832,France,Hardware,5
2029-03-01,15749,4292,United States,Hardware,19
2029-03-01,3550,1019,France,Services,7
2029-03-01,4838,683,United States,Hardware,2
2029-03-01,3804,1404,United States,Services,4
2029-03-01,9787,1831,United States,Hardware,11
2029-03-01,1644,470,United States,Training,7
2029-03-01,7925,999,Spain,Hardware,10
2029-03-01,25631,8455,United Kingdom,Hardware,30
2029-03-01,17884,4236,Japan,Services,21
2029-03-01,10853,2306,United Kingdom,Hardware,11
2029-03-01,10909,2709,United Kingdom,Hardware,15
2029-03-01,21111,9503,United States,Software,28
2029-03-01,7771,1482,Spain,Training,5
2029-03-01,10019,2335,France,Services,8
2029-03-01,2163,708,United States,Training,2
2029-03-01,13564,3320,United States,Hardware,13
2029-03-01,30910,10430,France,Hardware,33
2029-03-01,8342,934,United States,Software,8
2029-03-01,3375,847,France,Services,1
2029-03-01,10689,4198,Japan,Software,12
2029-03-01,5274,2015,United States,Software,4
2029-03-01,9815,2144,United Kingdom,Software,11
2029-03-01,8995,2030,United States,Hardware,14
2029-03-01,21388,3115,Japan,Hardware,25
2029-03-01,22393,2620,United Kingdom,Hardware,27
2029-03-01,4515,1050,Spain,Services,2
2029-03-01,2794,734,United States,Training,5
2029-03-01,2809,562,United Kingdom,Training,5
2029-03-01,2422,786,Germany,Services,3
2029-03-01,5504,1825,United States,Software,4
2029-03-01,7275,1945,Spain,Training,2
2029-03-01,5501,1262,France,Hardware,6
2029-03-01,18458,6392,United States,Software,24
2029-03-01,7936,2403,United States,Services,10
2029-03-01,9344,2540,United States,Services,10
2029-03-01,3634,997,France,Training,1
2029-03-01,3271,759,United States,Training,4
2029-03-01,6595,2397,Japan,Software,4
2029-03-01,7296,1750,Germany,Hardware,6
2029-03-01,5422,1762,Spain,Software,8
2029-03-01,11547,1499,United Kingdom,Training,13
2029-03-01,13623,3313,Germany,Hardware,16
2029-03-01,2429,819,United Kingdom,Software,2
2029-03-01,6196,1192,Germany,Hardware,
2029-03-01,6253,614,France,Training,8
2029-03-01,3614,1531,United Kingdom,Software,9
2029-03-01,4315,752,Germany,Hardware,5
2029-03-01,6993,872,United States,Hardware,4
2029-03-01,4900,748,United Kingdom,Hardware,4
2029-03-01,9753,4295,Germany,Software,9
2029-03-01,3427,1001,Spain,Training,5
2029-03-01,1399,446,Japan,Hardware,4
2029-03-01,9060,3611,Germany,Software,4
2029-03-01,5764,2236,Japan,Services,3
2029-03-01,5472,889,United States,Hardware,5
2029-03-01,10637,3906,Germany,Services,9
2029-03-01,1159,282,Japan,Training,4
2029-03-01,3771,1325,United States,Software,9
2029-03-01,1070,184,United States,Training,1
2029-03-01,2655,1096,Germany,Software,4
2029-03-01,11976,3064,Germany,Hardware,18
2029-03-01,10832,2185,France,Hardware,16
2029-03-01,10440,3378,France,Services,15
2029-03-01,4730,860,United States,Training,4
2029-03-01,11780,3457,United States,Training,15
2029-03-01,9721,3700,United States,Software,12
2029-03-01,3259,1065,France,Services,2
2029-03-01,2730,496,Spain,Services,1
2029-03-01,16508,2139,Germany,Hardware,18
2029-03-01,4017,1667,Spain,Training,1
2029-03-01,8229,2589,United States,Software,8
2029-03-01,8198,3312,Spain,Software,3
2029-03-01,9553,3240,Spain,Services,5
2029-03-01,3537,872,Spain,Hardware,1
2029-03-01,5133,2076,United States,Hardware,8
2029-03-01,3813,1383,Japan,Software,5
2029-03-01,2908,411,United Kingdom,Training,5
2029-03-01,4340,1537,Spain,Services,8
2029-03-01,9025,3293,France,Software,12
2029-03-01,1819,564,Spain,Training,7
2029-03-01,4626,486,United Kingdom,Training,4
2029-03-01,4371,996,Japan,Software,5
2029-03-01,7928,2414,Japan,Software,14
2029-03-01,14651,4927,United States,Services,17
2029-03-01,3181,1297,Germany,Software,3
2029-03-01,4276,2148,United States,Software,8
2029-03-01,17448,3195,Germany,Hardware,20
2029-03-01,7713,557,Germany,Hardware,14
2029-03-01,6800,1212,Germany,Training,10
2029-03-01,11430,3429,Japan,Hardware,16
2029-03-01,8583,1750,United States,Training,13
2029-03-01,1266,271,France,Training,2
2029-03-01,6318,2589,Japan,Software,6
2029-03-01,8511,2104,Spain,Software,9
2029-03-01,1980,559,United Kingdom,Services,4
2029-03-01,7998,3448,United States,Software,2
2029-03-01,4149,1851,Germany,Software,1
2029-03-01,4241,1605,United States,Software,4
2029-03-01,7514,3119,United States,Software,17
2029-03-01,15060,5297,United States,Services,22
2029-03-01,6469,2249,France,Services,6
2029-03-01,8296,4088,Japan,Software,9
2029-03-01,1581,492,Spain,Software,1
2029-03-01,21711,6307,United States,Hardware,27
2029-03-01,3920,1246,United States,Services,3
2029-03-01,2464,553,United Kingdom,Training,2
2029-03-01,2525,334,United Kingdom,Training,4
2029-03-01,2367,807,France,Training,1
2029-03-01,3396,1375,United States,Software,5
2029-03-01,8158,2341,France,Training,9
2029-03-01,2159,646,Spain,Software,1
2029-03-01,33567,6468,Spain,Hardware,38
2029-03-01,22473,8919,Spain,Software,25
2029-03-01,5501,2594,United Kingdom,Software,9
2029-03-01,12910,2187,Japan,Hardware,12
2029-03-01,3711,944,United States,Services,4
2029-03-01,12835,2504,Spain,Hardware,10
2029-03-01,3862,1600,France,Software,1
2029-03-01,15163,4043,France,Software,18
2029-03-01,4483,829,Japan,Hardware,4
2029-03-01,6708,1784,United States,Training,11
2029-03-01,2964,761,Japan,Training,2
2029-03-01,7264,1904,United States,Hardware,7
2029-03-01,1567,344,Spain,Training,4
2029-03-01,12160,4454,Germany,Software,15
2029-03-01,12439,5075,United States,Software,11
2029-03-01,7084,2429,United States,Hardware,3
2029-03-01,4060,1615,United States,Software,1
2029-03-01,3430,1732,United States,Software,1
2029-03-01,13377,2650,Japan,Hardware,15
2029-03-01,1493,385,Germany,Training,4
2029-03-01,13574,1477,Spain,Hardware,14
2029-03-01,1355,308,Japan,Training,1
2029-03-01,4165,1053,United States,Hardware,9
2029-03-01,18957,5149,United Kingdom,Hardware,22
2029-03-01,12962,3364,United Kingdom,Services,17
2029-03-01,5749,1444,United Kingdom,Services,9
2029-03-01,21988,6619,United States,Hardware,22
2029-03-01,2623,530,United States,Hardware,10
2029-03-01,14399,4052,United States,Software,14
2029-03-01,9131,3097,United States,Software,17
2029-03-01,2533,1032,Spain,Training,3
2029-03-01,6920,2723,Germany,Software,6
2029-03-01,3821,1825,United States,Software,7
2029-03-01,6390,1711,Japan,Training,2
2029-03-01,2678,745,Japan,Services,2
2029-03-01,15149,3516,France,Hardware,11
2029-03-01,5998,2069,Spain,Software,9
2029-03-01,8702,2454,United Kingdom,Software,8
2029-03-01,4272,1235,United Kingdom,Hardware,3
2029-03-01,5716,1056,Japan,Hardware,11
2029-03-01,2721,852,France,Software,5
2029-03-01,1645,485,United States,Training,3
2029-03-01,3046,1118,Japan,Software,1
2029-03-01,4497,1377,France,Training,4
2029-03-01,4702,1023,Japan,Hardware,4
2029-03-01,5241,1231,Germany,Training,6
2029-03-01,4640,944,Germany,Hardware,6
2029-03-01,11324,4650,United States,Software,14
2029-03-01,3816,1758,United Kingdom,Software,7
2029-03-01,12647,3328,Spain,Services,13
2029-03-01,17502,6070,United States,Hardware,18
2029-03-01,3623,801,United States,Training,7
2029-03-01,2249,1057,United States,Software,3
2029-03-01,12796,607,United States,Hardware,15
2029-03-01,2394,768,Japan,Software,1
2029-03-01,7211,2978,Japan,Software,6
2029-03-01,4842,1459,United Kingdom,Software,3
2029-03-01,12388,4030,Japan,Hardware,15
2029-03-01,3321,889,Germany,Hardware,3
2029-03-01,1273,396,Germany,Training,1
2029-03-01,4960,1320,United Kingdom,Training,3
2029-03-01,5062,973,Spain,Training,1
2029-03-01,8014,2135,Germany,Services,3
2029-03-01,6502,3298,Germany,Software,7
2029-03-01,2082,596,Germany,Software,7
2029-03-01,3903,1124,Germany,Training,3
2029-03-01,17598,3702,France,Hardware,23
2029-03-01,5359,1890,Germany,Services,4
2029-03-01,4727,2028,United States,Software,3
2029-03-01,9515,3200,United States,Services,12
2029-03-01,1738,573,Germany,Training,2
2029-03-01,12584,4921,Spain,Software,12
2029-03-01,1651,365,Japan,Training,5
2029-03-01,2234,316,United Kingdom,Services,3
2029-03-01,3532,1508,United States,Software,7
2029-03-01,1914,415,France,Services,1
2029-03-01,4376,745,United States,Training,5
2029-03-01,20995,3857,Germany,Hardware,21
2029-03-01,5388,1720,Japan,Software,3
2029-03-01,3987,1052,France,Training,3
2029-03-01,3095,941,Spain,Services,4
2029-03-01,18489,3325,Japan,Hardware,19
2029-03-01,21517,5895,Japan,Hardware,28
2029-03-01,1602,698,United States,Software,1
2029-03-01,1343,512,Japan,Software,2
2029-03-01,6840,1981,Germany,Hardware,1
2029-03-01,2387,459,Japan,Training,2
2029-03-01,5143,1922,France,Training,15
2029-03-01,6886,3661,Japan,Software,7
2029-03-01,2434,998,United States,Software,1
2029-03-01,4009,1070,Spain,Training,6
2029-03-01,4652,1480,United States,Training,7
2029-03-01,20459,8632,United States,Software,23
2029-04-01,16365,4790,Germany,Hardware,18
2029-04-01,14479,2722,France,Hardware,14
2029-04-01,4808,1821,United States,Services,6
2029-04-01,3213,845,United States,Services,4
2029-04-01,8770,407,United States,Hardware,10
2029-04-01,28244,13786,Japan,Software,37
2029-04-01,1116,305,Japan,Training,1
2029-04-01,6800,2681,United States,Software,7
2029-04-01,5548,2211,Germany,Services,7
2029-04-01,6200,1878,France,Services,5
2029-04-01,4460,1357,United States,Software,1
2029-04-01,7982,3373,United States,Software,9
2029-04-01,13062,3239,United Kingdom,Hardware,17
2029-04-01,2608,646,Spain,Training,4
2029-04-01,21207,3340,United States,Hardware,22
2029-04-01,5011,1776,Japan,Software,7
2029-04-01,6810,1687,Germany,Services,7
2029-04-01,9947,3584,United States,Software,9
2029-04-01,4120,1595,Japan,Software,3
2029-04-01,6773,1862,France,Software,9
2029-04-01,17331,2300,United States,Hardware,21
2029-04-01,7088,3024,United States,Software,12
2029-04-01,2281,560,United Kingdom,Training,6
2029-04-01,6534,2352,United Kingdom,Hardware,9
2029-04-01,3104,786,Japan,Software,8
2029-04-01,18299,6946,United States,Software,19
2029-04-01,12203,4266,Spain,Hardware,14
2029-04-01,6315,3298,United States,Software,5
2029-04-01,4903,1399,France,Hardware,3
2029-04-01,9626,4083,United States,Software,13
2029-04-01,10055,2392,France,Hardware,13
2029-04-01,7400,2555,Spain,Services,5
2029-04-01,6307,1947,United States,Hardware,7
2029-04-01,7888,3071,United States,Training,6
2029-04-01,2375,921,United States,Services,1
2029-04-01,12393,3885,United States,Hardware,16
2029-04-01,4409,566,United Kingdom,Training,6
2029-04-01,4316,1140,United Kingdom,Training,3
2029-04-01,20458,7725,France,Hardware,29
2029-04-01,7355,1566,France,Training,10
2029-04-01,1984,466,United States,Services,3
2029-04-01,11240,3880,United States,Services,14
2029-04-01,8147,1621,Japan,Services,9
2029-04-01,2842,838,Germany,Training,3
2029-04-01,25990,8234,France,Software,33
2029-04-01,12236,3967,United States,Services,14
2029-04-01,11025,3795,Germany,Software,18
2029-04-01,6808,2730,France,Training,4
2029-04-01,21657,5296,United Kingdom,Hardware,22
2029-04-01,3619,909,United Kingdom,Training,3
2029-04-01,11994,2567,Spain,Hardware,13
2029-04-01,7295,1620,United States,Hardware,6
2029-04-01,7274,1630,Japan,Hardware,7
2029-04-01,3519,1125,United States,Training,1
2029-04-01,18818,2896,France,Hardware,18
2029-04-01,2686,1119,United Kingdom,Software,2
2029-04-01,11036,5464,United States,Software,15
2029-04-01,2495,585,France,Training,1
2029-04-01,2499,447,France,Training,7
2029-04-01,10245,2837,France,Training,10
2029-04-01,2967,1291,United Kingdom,Software,8
2029-04-01,6425,791,Japan,Hardware,9
2029-04-01,18371,5021,Japan,Hardware,21
2029-04-01,12307,3354,Japan,Services,14
2029-04-01,23576,7009,United States,Hardware,24
2029-04-01,2118,662,France,Services,3
2029-04-01,4032,2059,Japan,Services,4
2029-04-01,4926,1683,Spain,Services,8
2029-04-01,4023,1222,United States,Software,4
2029-04-01,11753,2393,France,Hardware,7
2029-04-01,5678,1730,Japan,Services,9
2029-04-01,11293,4874,Japan,Software,16
2029-04-01,13641,3463,Spain,Hardware,12
2029-04-01,6050,2760,France,Software,2
2029-04-01,5434,1665,Japan,Software,5
2029-04-01,3269,814,United States,Hardware,5
2029-04-01,4326,2078,France,Software,6
2029-04-01,5947,1117,Germany,Services,4
2029-04-01,7273,1449,France,Hardware,12
2029-04-01,5754,2032,Germany,Software,5
2029-04-01,17723,6655,France,Software,25
2029-04-01,3315,768,United States,Training,3
2029-04-01,11052,3098,United States,Services,13
2029-04-01,7236,1828,Germany,Hardware,6
2029-04-01,3800,1055,United States,Services,1
2029-04-01,4338,539,United States,Training,2
2029-04-01,5436,1749,United States,Services,1
2029-04-01,3862,1087,Germany,Services,9
2029-04-01,12222,2180,Japan,Hardware,20
2029-04-01,25569,6650,United Kingdom,Hardware,28
2029-04-01,771,235,France,Training,4
2029-04-01,8058,2578,United Kingdom,Services,7
2029-04-01,9296,1367,United States,Hardware,10
2029-04-01,9969,2191,Japan,Hardware,15
2029-04-01,3330,777,United States,Training,1
2029-04-01,8994,1030,France,Hardware,9
2029-04-01,9752,1888,Germany,Training,14
2029-04-01,1757,330,Spain,Training,2
2029-04-01,1713,577,Spain,Software,6
2029-04-01,8539,3496,France,Software,6
2029-04-01,16408,4770,France,Hardware,17
2029-04-01,2251,536,United States,Training,7
2029-04-01,16779,4850,United States,Hardware,15
2029-04-01,7709,2080,United States,Services,8
2029-04-01,4748,1929,France,Training,1
2029-04-01,2829,824,United States,Training,5
2029-04-01,4641,1479,United States,Software,4
2029-04-01,4674,1508,United States,Services,1
2029-04-01,20921,8962,United Kingdom,Hardware,23
2029-04-01,4416,840,France,Hardware,4
2029-04-01,12655,5478,Germany,Software,19
2029-04-01,13886,5446,United Kingdom,Software,15
2029-04-01,8189,1623,Spain,Hardware,7
2029-04-01,6776,1687,France,Hardware,3
2029-04-01,11975,3931,Spain,Software,15
2029-04-01,6631,3016,Spain,Software,7
2029-04-01,16724,3972,United Kingdom,Hardware,17
2029-04-01,4946,1086,United States,Hardware,1
2029-04-01,14013,4869,Japan,Hardware,21
2029-04-01,3777,971,Germany,Services,2
2029-04-01,9455,2195,United States,Hardware,13
2029-04-01,6246,2379,Spain,Software,8
2029-04-01,4495,1641,Japan,Software,1
2029-04-01,1925,520,Japan,Training,4
2029-04-01,23653,5074,Spain,Hardware,27
2029-04-01,4395,590,Germany,Hardware,7
2029-04-01,13678,6055,Spain,Software,15
2029-04-01,2963,1009,United States,Training,2
2029-04-01,12506,5971,United States,Software,16
2029-04-01,7351,1297,Spain,Hardware,9
2029-04-01,8173,2875,Germany,Hardware,15
2029-04-01,1984,561,United States,Training,3
2029-04-01,10715,5038,United States,Software,11
2029-04-01,8382,1539,France,Hardware,9
2029-04-01,32995,7780,United States,Hardware,35
2029-04-01,3461,985,France,Services,8
2029-04-01,7168,1677,United States,Training,7
2029-04-01,2380,618,Japan,Services,1
2029-04-01,6334,1395,France,Hardware,5
2029-04-01,4923,2243,Germany,Software,2
2029-04-01,5615,1222,Germany,Hardware,9
2029-04-01,4049,985,France,Training,7
2029-04-01,18269,3877,United States,Hardware,23
2029-04-01,7201,1444,Germany,Services,4
2029-04-01,3438,580,Germany,Training,4
2029-04-01,15259,3369,United Kingdom,Services,17
2029-04-01,7723,1817,United States,Hardware,3
2029-04-01,2197,574,France,Training,1
2029-04-01,6736,1427,Germany,Services,11
2029-04-01,5209,1763,United States,Training,6
2029-04-01,4323,1342,France,Services,6
2029-04-01,10999,964,United States,Hardware,17
2029-04-01,7841,2512,France,Software,10
2029-04-01,2110,319,Japan,Training,7
2029-04-01,7949,4022,Germany,Software,11
2029-04-01,6392,2672,Spain,Software,8
2029-04-01,4952,1103,United States,Training,1
2029-04-01,2683,978,Japan,Training,1
2029-04-01,4988,1212,Germany,Hardware,1
2029-04-01,3061,1183,Spain,Software,1
2029-04-01,4992,1224,Japan,Hardware,5
2029-04-01,5905,1345,Japan,Training,10
2029-04-01,11407,4766,Spain,Software,15
2029-04-01,7309,1843,United States,Hardware,8
2029-04-01,7238,2000,Spain,Hardware,6
2029-04-01,6015,2202,United States,Services,6
2029-04-01,6048,1488,Spain,Hardware,1
2029-04-01,7121,2000,United States,Services,6
2029-04-01,16529,2296,Spain,Hardware,26
2029-04-01,1651,516,Spain,Training,3
2029-04-01,3346,1228,United States,Services,1
2029-04-01,9889,3344,Japan,Services,8
2029-04-01,3745,1134,Japan,Software,1
2029-04-01,5045,1555,France,Software,8
2029-04-01,1561,653,France,Software,3
2029-04-01,15194,2903,Germany,Hardware,20
2029-04-01,2607,1125,Germany,Training,4
2029-04-01,2696,682,Spain,Hardware,1
2029-04-01,6230,1079,Spain,Services,7
2029-04-01,4190,872,United States,Training,6
2029-04-01,4375,1809,United States,Services,1
2029-04-01,10620,2676,United States,Software,12
2029-04-01,12807,4411,Japan,Software,9
2029-04-01,12353,2872,United States,Hardware,4
2029-04-01,4924,1573,United Kingdom,Software,6
2029-04-01,8124,2573,United States,Hardware,10
2029-04-01,3081,1285,United States,Services,4
2029-04-01,5111,2391,Germany,Software,5
2029-04-01,6245,2003,Germany,Training,10
2029-04-01,14443,3205,United States,Hardware,17
2029-04-01,6860,2850,France,Software,10
2029-04-01,2814,1519,United States,Software,4
2029-04-01,3294,571,Germany,Services,8
2029-04-01,9826,4488,Japan,Software,14
2029-04-01,8766,3354,Spain,Software,8
2029-04-01,8789,2845,Japan,Software,10
2029-04-01,6792,2409,Japan,Services,11
2029-04-01,7915,1555,Spain,Hardware,10
2029-04-01,12797,5330,Japan,Software,11
2029-04-01,3546,1384,United Kingdom,Services,2
2029-04-01,3932,1409,Japan,Hardware,1
2029-04-01,3110,851,United Kingdom,Services,6
2029-04-01,11657,4985,Japan,Software,13
2029-04-01,993,413,Germany,Services,7
2029-04-01,15502,3602,United Kingdom,Hardware,15
2029-04-01,7367,2105,Spain,Hardware,8
2029-04-01,16505,2859,United States,Hardware,16
2029-04-01,46004,8638,United Kingdom,Hardware,51
2029-04-01,14796,4723,United States,Software,18
2029-04-01,20250,3987,France,Hardware,18
2029-04-01,5428,864,Japan,Training,7
2029-04-01,8882,3913,United States,Software,2
2029-04-01,23868,6300,United States,Hardware,29
2029-04-01,5957,2002,Germany,Services,10
2029-04-01,2774,642,United States,Training,8
2029-04-01,6431,2326,Germany,Software,11
2029-04-01,12073,2533,Spain,Hardware,12
2029-04-01,4796,1286,Germany,Hardware,1
2029-04-01,28719,3868,Germany,Hardware,25
2029-04-01,5446,1175,United States,Services,5
2029-04-01,6163,1405,France,Training,9
2029-04-01,2920,887,Germany,Services,4
2029-04-01,5456,1208,France,Hardware,2
2029-04-01,9599,2966,Germany,Hardware,10
2029-04-01,4032,855,United Kingdom,Services,9
2029-04-01,7910,1551,Japan,Hardware,12
2029-04-01,8598,1485,Spain,Training,3
2029-04-01,12869,4305,United Kingdom,Software,11
2029-04-01,5370,1359,United States,Services,9
2029-04-01,2300,746,Spain,Services,1
2029-04-01,8374,3899,Germany,Software,10
2029-04-01,6011,2683,France,Services,8
2029-04-01,3369,1430,Germany,Software,1
2029-04-01,4389,1346,Spain,Services,2
2029-04-01,4404,1129,United Kingdom,Training,2
2029-04-01,5358,1061,United States,Hardware,9
2029-04-01,8623,1790,Germany,Services,8
2029-04-01,14799,4865,France,Software,21
2029-04-01,4770,2040,United States,Software,4
2029-04-01,18468,7161,France,Software,17
2029-04-01,2537,712,Japan,Hardware,4
2029-04-01,3710,1615,France,Software,6
2029-04-01,3675,1259,Japan,Training,1
2029-04-01,8589,4777,France,Software,6
2029-04-01,7595,1764,France,Training,9
2029-04-01,2792,1058,United States,Services,5
2029-04-01,21818,5039,Japan,Hardware,25
2029-04-01,7653,4105,United States,Software,9
2029-04-01,2789,1269,United States,Software,2
2029-04-01,4560,1410,Germany,Training,2
2029-04-01,15065,5213,France,Software,18
2029-04-01,2506,423,Japan,Hardware,4
2029-04-01,7513,2738,Japan,Services,9
2029-04-01,19174,5732,Japan,Hardware,19
2029-04-01,2075,607,Germany,Training,2
2029-04-01,10445,3173,Germany,Hardware,12
2029-04-01,543,194,United States,Services,3
2029-04-01,14705,4927,United Kingdom,Software,21
2029-04-01,9463,3694,United States,Hardware,13
2029-04-01,14013,4781,Japan,Hardware,20
2029-04-01,3899,1340,Japan,Services,6
2029-04-01,7771,1688,Germany,Hardware,9
2029-04-01,8399,3621,United States,Software,10
2029-04-01,5130,1706,United States,Software,2
2029-04-01,2100,588,United States,Training,5
2029-04-01,1981,606,Germany,Training,1
2029-04-01,15430,2510,United States,Hardware,17
2029-04-01,5933,2467,United States,Software,10
2029-04-01,4630,1299,Germany,Services,8
2029-04-01,7978,1935,Japan,Training,6
2029-04-01,1983,487,Germany,Training,1
2029-04-01,2923,1497,Germany,Services,1
2029-04-01,19626,5790,Germany,Software,21
2029-04-01,2685,967,Japan,Software,6
2029-04-01,3589,1027,United States,Services,4
2029-04-01,2036,694,Japan,Training,1
2029-04-01,2709,795,United States,Services,3
2029-04-01,7458,1303,United States,Hardware,9
2029-04-01,5600,1411,United States,Hardware,8
2029-04-01,2887,705,Spain,Services,2
2029-04-01,9450,2002,United Kingdom,Services,10
2029-04-01,6876,2447,Japan,Services,7
2029-04-01,5144,1731,France,Services,1
2029-04-01,5538,1629,United States,Training,1
2029-04-01,3754,1186,United States,Services,3
2029-04-01,2978,919,Germany,Training,3
2029-04-01,5284,1164,Spain,Hardware,3
2029-04-01,13154,3862,Japan,Training,15
2029-04-01,14069,5985,United States,Software,18
2029-04-01,3147,1120,United Kingdom,Training,2
2029-04-01,7339,2777,United Kingdom,Software,7
2029-04-01,3341,708,United Kingdom,Software,5
2029-04-01,14729,5508,United States,Software,19
2029-04-01,21366,7867,Japan,Software,21
2029-04-01,4868,1058,United Kingdom,Training,5
2029-04-01,3854,1382,United States,Software,1
2029-04-01,15463,3746,United States,Hardware,23
2029-04-01,3499,576,France,Training,5
2029-04-01,7954,4578,United States,Software,7
2029-04-01,4900,816,United States,Hardware,3
2029-04-01,2699,404,United States,Training,4
2029-04-01,21832,9755,Spain,Software,28
2029-04-01,10108,4570,Spain,Software,10
2029-04-01,5759,1206,Germany,Training,6
2029-04-01,8524,2464,United States,Software,14
2029-04-01,34111,9686,Spain,Hardware,31
2029-04-01,4056,662,Germany,Hardware,4
2029-04-01,22230,3292,France,Hardware,24
2029-04-01,1733,479,Spain,Training,6
2029-04-01,5397,1709,United States,Hardware,8
2029-04-01,5889,1013,Germany,Services,7
2029-04-01,9265,2839,United States,Software,15
2029-04-01,4180,1060,France,Software,3
2029-04-01,8057,1980,Japan,Hardware,13
2029-04-01,13959,2526,France,Services,16
2029-04-01,7059,2385,Germany,Services,10
2029-04-01,9189,766,United States,Hardware,9
2029-04-01,4213,713,United States,Services,4
2029-04-01,10937,2869,Spain,Hardware,17
2029-04-01,28452,5031,United States,Hardware,30
2029-04-01,13187,6116,Japan,Software,24
2029-04-01,5336,2062,United Kingdom,Software,4
2029-04-01,14032,6153,United Kingdom,Software,18
2029-04-01,8910,4197,Germany,Software,9
2029-04-01,10954,3139,United States,Services,18
2029-04-01,4553,944,United States,Training,1
2029-04-01,11550,4071,United Kingdom,Software,15
2029-04-01,13680,1850,France,Hardware,18
2029-04-01,6495,1374,Germany,Hardware,6
2029-04-01,3549,911,United Kingdom,Training,11
2029-04-01,4213,1167,United Kingdom,Training,7
2029-04-01,2983,635,Germany,Training,1
2029-04-01,2157,402,United States,Training,2
2029-04-01,2280,1146,Japan,Software,1
2029-04-01,14270,5544,United States,Hardware,15
2029-04-01,13901,5339,United States,Software,14
2029-04-01,4035,631,United States,Hardware,10
2029-04-01,3217,1110,Spain,Training,3
2029-04-01,3250,1160,France,Software,1
2029-04-01,5054,615,France,Hardware,7
2029-04-01,25424,9034,United States,Software,23
2029-04-01,3991,1406,Spain,Services,7
2029-04-01,4641,1143,Japan,Hardware,3
2029-04-01,12240,2519,Germany,Hardware,14
2029-04-01,7904,2796,Japan,Services,9
2029-04-01,4278,1292,Germany,Services,9
2029-04-01,23929,7087,United States,Software,26
2029-04-01,12772,3294,United States,Hardware,9
2029-04-01,2841,754,France,Training,5
2029-04-01,11215,5391,France,Software,13
2029-04-01,9738,2458,United States,Software,14
2029-04-01,10999,5214,United Kingdom,Software,15
2029-04-01,7130,2802,Japan,Services,12
2029-04-01,4540,1182,Spain,Hardware,9
2029-04-01,4882,1319,United States,Training,10
2029-04-01,16106,5130,Spain,Hardware,17
2029-04-01,6782,1509,Germany,Services,5
2029-04-01,8981,2424,United States,Services,4
2029-04-01,13399,1136,France,Hardware,17
2029-04-01,5545,1462,Spain,Services,9
2029-04-01,10530,2496,United States,Hardware,14
2029-04-01,8803,3038,Japan,Services,8
2029-04-01,6554,2216,Germany,Software,10
2029-04-01,16597,4765,Spain,Services,12
2029-04-01,556,150,Spain,Training,1
2029-04-01,17050,4260,Spain,Hardware,17
2029-04-01,6238,2205,Germany,Software,7
2029-04-01,3601,918,United States,Training,4
2029-04-01,5198,1770,France,Training,8
2029-04-01,3105,1386,France,Software,1
2029-04-01,8113,2961,United States,Software,11
2029-04-01,6732,3299,United States,Software,9
2029-04-01,4916,484,United States,Training,7
2029-04-01,4994,1129,United States,Hardware,7
2029-04-01,13708,4044,Japan,Hardware,17
2029-04-01,3075,1290,Japan,Services,4
2029-04-01,4733,2103,United States,Software,7
2029-04-01,4810,1519,France,Services,3
2029-04-01,2788,735,France,Software,6
2029-04-01,5501,941,United Kingdom,Training,3
2029-04-01,16923,2867,France,Hardware,14
2029-04-01,8162,1795,Japan,Hardware,5
2029-04-01,3925,1520,United States,Software,4
2029-04-01,9867,2173,Germany,Hardware,8
2029-04-01,15274,1550,Japan,Hardware,19
2029-04-01,4525,1442,Spain,Hardware,8
2029-04-01,10316,2994,Germany,Hardware,10
2029-04-01,7779,2246,United Kingdom,Training,9
2029-04-01,14530,5239,Spain,Services,19
2029-04-01,2757,808,United States,Training,1
2029-04-01,12652,2652,Spain,Hardware,15
2029-04-01,2005,894,Germany,Software,6
2029-04-01,3587,1056,Germany,Training,7
2029-04-01,12571,3943,Germany,Services,18
2029-04-01,7425,3207,Japan,Software,6
2029-04-01,6358,2378,Germany,Software,1
2029-04-01,3727,1135,France,Software,7
2029-04-01,9705,3945,Spain,Services,11
2029-04-01,7851,2212,United States,Services,2
2029-04-01,9816,5159,United States,Software,11
2029-05-01,5612,2146,United States,Training,8
2029-05-01,4863,1507,France,Software,4
2029-05-01,5225,1965,Japan,Software,1
2029-05-01,15285,6296,United States,Software,16
2029-05-01,2267,634,Spain,Services,3
2029-05-01,6645,1064,Japan,Training,10
2029-05-01,4134,1134,United States,Services,1
2029-05-01,4555,2372,United Kingdom,Software,4
2029-05-01,11193,3921,Japan,Software,7
2029-05-01,3784,986,Spain,Training,4
2029-05-01,7198,2137,United States,Services,8
2029-05-01,7180,2836,France,Software,4
2029-05-01,2359,786,Spain,Services,4
2029-05-01,4137,1458,United States,Services,5
2029-05-01,3785,1422,United States,Training,6
2029-05-01,14354,7199,Germany,Services,17
2029-05-01,6489,1785,Germany,Services,10
2029-05-01,8642,967,Germany,Hardware,10
2029-05-01,9200,2718,United States,Software,13
2029-05-01,4729,996,Japan,Hardware,6
2029-05-01,4806,1490,United Kingdom,Services,7
2029-05-01,11842,4007,France,Hardware,12
2029-05-01,10647,2228,United States,Hardware,16
2029-05-01,8349,1719,United States,Hardware,11
2029-05-01,12568,2447,France,Hardware,15
2029-05-01,4808,1245,Spain,Training,7
2029-05-01,3780,884,France,Hardware,5
2029-05-01,3113,720,Spain,Training,7
2029-05-01,4178,1110,Spain,Services,7
2029-05-01,6987,1761,Japan,Training,13
2029-05-01,6985,2190,France,Software,15
2029-05-01,5867,2080,United States,Software,9
2029-05-01,18028,7532,Spain,Services,16
2029-05-01,2421,443,Japan,Training,8
2029-05-01,12469,4568,United States,Software,16
2029-05-01,20104,7936,France,Software,27
2029-05-01,1201,251,Spain,Training,3
2029-05-01,3135,562,Spain,Services,7
2029-05-01,4686,1210,United Kingdom,Training,11
2029-05-01,23412,5469,France,Hardware,35
2029-05-01,5543,1487,Spain,Software,9
2029-05-01,10265,1601,United States,Hardware,12
2029-05-01,7134,1139,Japan,Hardware,7
2029-05-01,3075,928,Germany,Software,1
2029-05-01,9205,2233,United States,Services,13
2029-05-01,11094,3480,Spain,Services,9
2029-05-01,12908,4768,Germany,Software,15
2029-05-01,2085,716,Germany,Services,1
2029-05-01,17776,4049,Japan,Hardware,24
2029-05-01,6144,1605,Japan,Hardware,4
2029-05-01,9432,2795,United States,Hardware,10
2029-05-01,10900,1984,France,Hardware,13
2029-05-01,4629,1685,United States,Services,2
2029-05-01,4441,1293,Japan,Software,12
2029-05-01,23399,10245,United Kingdom,Software,28
2029-05-01,4029,1314,France,Training,3
2029-05-01,15778,1520,France,Hardware,23
2029-05-01,2814,1026,United States,Software,1
2029-05-01,5716,1209,France,Services,1
2029-05-01,6404,1148,France,Hardware,1
2029-05-01,4905,1692,Japan,Services,7
2029-05-01,12809,3436,United States,Services,7
2029-05-01,7920,2716,Japan,Services,10
2029-05-01,6943,1854,Spain,Software,5
2029-05-01,7140,927,Germany,Training,11
2029-05-01,8497,2234,France,Software,15
2029-05-01,11306,1502,Spain,Training,14
2029-05-01,18682,9654,United States,Software,14
2029-05-01,5704,2358,Japan,Services,10
2029-05-01,6303,2694,Germany,Software,9
2029-05-01,7866,2751,Germany,Software,10
2029-05-01,7967,3251,Spain,Services,12
2029-05-01,7045,1875,France,Training,9
2029-05-01,11875,3738,Germany,Services,17
2029-05-01,14409,5883,Germany,Software,17
2029-05-01,3263,1284,Japan,Software,7
2029-05-01,14139,5311,United States,Software,15
2029-05-01,3877,1320,Germany,Training,8
2029-05-01,5973,1799,United States,Training,7
2029-05-01,16105,5444,Germany,Software,21
2029-05-01,5366,1486,Japan,Hardware,4
2029-05-01,6162,1729,Japan,Training,10
2029-05-01,4206,1066,Spain,Software,5
2029-05-01,13153,2703,Japan,Hardware,14
2029-05-01,3615,1065,Japan,Training,1
2029-05-01,4268,1536,Germany,Training,11
2029-05-01,45855,9857,United States,Hardware,51
2029-05-01,8454,1852,Spain,Training,7
2029-05-01,13710,4377,United States,Hardware,12
2029-05-01,4117,1150,Japan,Services,3
2029-05-01,5817,1973,Germany,Software,7
2029-05-01,2437,729,Germany,Training,2
2029-05-01,5458,2320,France,Services,4
2029-05-01,8098,2163,United States,Training,4
2029-05-01,4868,1039,Japan,Training,1
2029-05-01,8332,1884,Germany,Services,11
2029-05-01,1391,278,Japan,Training,3
2029-05-01,5333,1563,France,Hardware,2
2029-05-01,7070,2019,United States,Services,4
2029-05-01,3364,746,United Kingdom,Services,3
2029-05-01,20299,10268,United States,Software,22
2029-05-01,5971,694,Japan,Services,11
2029-05-01,6233,3456,Japan,Software,10
2029-05-01,3086,772,France,Software,7
2029-05-01,2159,689,France,Software,1
2029-05-01,14028,3348,Spain,Hardware,18
2029-05-01,4726,1913,Germany,Software,1
2029-05-01,20138,2556,Germany,Training,20
2029-05-01,4590,1788,United States,Software,10
2029-05-01,1985,884,United States,Software,1
2029-05-01,2650,428,Spain,Training,1
2029-05-01,12030,4381,Germany,Software,11
2029-05-01,4366,1243,United States,Services,1
2029-05-01,12831,3116,Spain,Hardware,13
2029-05-01,3381,1106,United States,Training,3
2029-05-01,4081,1048,Germany,Hardware,4
2029-05-01,10348,2421,Germany,Services,10
2029-05-01,6254,2465,Japan,Software,3
2029-05-01,6211,715,France,Hardware,14
2029-05-01,6824,951,United Kingdom,Hardware,6
2029-05-01,4922,1402,Germany,Training,6
2029-05-01,11473,4909,United States,Software,17
2029-05-01,5182,1751,Germany,Services,6
2029-05-01,9036,2424,France,Services,11
2029-05-01,10253,3207,United Kingdom,Software,15
2029-05-01,7595,1370,United Kingdom,Services,7
2029-05-01,13902,4506,Japan,Software,14
2029-05-01,6003,2241,Spain,Services,4
2029-05-01,5789,1912,France,Training,6
2029-05-01,4620,1199,Japan,Training,1
2029-05-01,8907,3937,Spain,Software,11
2029-05-01,5125,1402,United States,Services,7
2029-05-01,9380,2965,France,Hardware,12
2029-05-01,6195,1585,Germany,Training,5
2029-05-01,11909,4101,United States,Software,13
2029-05-01,8260,1078,Germany,Hardware,7
2029-05-01,7223,2997,Spain,Software,5
2029-05-01,10310,3155,United Kingdom,Services,12
2029-05-01,14356,4858,France,Software,12
2029-05-01,5877,1955,Spain,Services,3
2029-05-01,5817,1561,Germany,Services,9
2029-05-01,11661,3602,Spain,Software,12
2029-05-01,7309,1159,Spain,Hardware,1
2029-05-01,19580,4415,France,Hardware,17
2029-05-01,4516,1796,United States,Services,2
2029-05-01,7395,1123,United States,Training,5
2029-05-01,6807,3068,Japan,Software,9
2029-05-01,25194,6699,France,Hardware,30
2029-05-01,8338,3021,France,Software,9
2029-05-01,5979,1468,United Kingdom,Training,8
2029-05-01,5285,1872,United States,Services,8
2029-05-01,5785,1542,Spain,Services,10
2029-05-01,16317,3927,United Kingdom,Hardware,18
2029-05-01,7571,1794,United States,Services,7
2029-05-01,7885,908,United States,Hardware,15
2029-05-01,3055,997,Germany,Software,1
2029-05-01,5194,1545,Germany,Training,5
2029-05-01,5757,1753,United States,Services,6
2029-05-01,2365,380,United States,Training,2
2029-05-01,11710,5157,Germany,Software,13
2029-05-01,4362,1030,Spain,Services,1
2029-05-01,12193,3085,Spain,Services,16
2029-05-01,12279,2970,United States,Services,15
2029-05-01,2626,216,United States,Training,1
2029-05-01,3144,957,United States,Software,1
2029-05-01,5680,2112,Japan,Software,10
2029-05-01,12451,2820,United States,Software,12
2029-05-01,7939,1500,Japan,Hardware,11
2029-05-01,1546,402,France,Training,5
2029-05-01,5431,2664,Spain,Software,11
2029-05-01,14634,5222,United States,Software,18
2029-05-01,12726,6427,United States,Services,18
2029-05-01,4615,1130,United States,Hardware,10
2029-05-01,35474,10694,United States,Software,42
2029-05-01,1445,426,France,Training,5
2029-05-01,10370,4315,Germany,Software,12
2029-05-01,4373,1688,United States,Software,4
2029-05-01,754,195,United Kingdom,Training,1
2029-05-01,3995,1667,United States,Training,6
2029-05-01,2840,693,Germany,Services,4
2029-05-01,10765,3126,Spain,Hardware,13
2029-05-01,84377,16149,Japan,Hardware,91
2029-05-01,4539,1353,Germany,Services,4
2029-05-01,8114,2209,United States,Training,8
2029-05-01,9589,2799,Spain,Hardware,15
2029-05-01,3468,368,France,Training,2
2029-05-01,6871,2736,United States,Software,8
2029-05-01,4185,1426,United States,Training,4
2029-05-01,6524,1734,Germany,Hardware,13
2029-05-01,5223,1579,Japan,Software,8
2029-05-01,2899,998,Spain,Services,6
2029-05-01,10763,3859,Spain,Software,14
2029-05-01,2406,708,Germany,Training,3
2029-05-01,1990,588,Japan,Training,4
2029-05-01,2731,432,Germany,Training,3
2029-05-01,6337,1511,France,Services,4
2029-05-01,16265,2732,Japan,Hardware,16
2029-05-01,9852,1559,United States,Training,14
2029-05-01,6165,1707,United Kingdom,Training,8
2029-05-01,4573,1198,Spain,Software,4
2029-05-01,1897,499,United Kingdom,Services,2
2029-05-01,8018,2983,Germany,Software,7
2029-05-01,3855,1067,Germany,Services,1
2029-05-01,8736,2417,Japan,Software,6
2029-05-01,2154,425,Germany,Training,8
2029-05-01,5187,1431,Japan,Services,8
2029-05-01,7252,804,France,Hardware,9
2029-05-01,8996,3345,United States,Software,10
2029-05-01,2872,471,Germany,Training,2
2029-05-01,6804,1641,Germany,Training,2
2029-05-01,7142,2734,United States,Software,12
2029-05-01,8069,1656,Japan,Services,15
2029-05-01,7911,1770,United States,Training,11
2029-05-01,3986,1358,Germany,Services,3
2029-05-01,15150,3846,United States,Services,22
2029-05-01,9490,3420,United Kingdom,Software,11
2029-05-01,5475,1622,Spain,Services,9
2029-05-01,3112,549,France,Training,6
2029-05-01,11880,3343,Germany,Hardware,17
2029-05-01,6545,2388,Japan,Training,9
2029-05-01,7485,2189,Germany,Training,8
2029-05-01,7266,1332,Germany,Hardware,6
2029-05-01,10062,3791,Spain,Software,16
2029-05-01,22137,6743,Spain,Hardware,23
2029-05-01,7593,2435,Spain,Training,9
2029-05-01,4163,962,Spain,Training,6
2029-05-01,2296,1004,United States,Services,1
2029-05-01,5686,1507,Germany,Software,8
2029-05-01,4521,1250,United States,Services,5
2029-05-01,4257,1434,Germany,Services,5
2029-05-01,20859,1940,France,Hardware,18
2029-05-01,4188,1309,United States,Training,7
2029-05-01,9141,3463,United States,Training,15
2029-05-01,7183,3123,Spain,Software,11
2029-05-01,6716,2712,France,Software,4
2029-05-01,7046,488,United States,Hardware,9
2029-05-01,10978,3085,United States,Hardware,12
2029-05-01,19859,5450,United Kingdom,Training,21
2029-05-01,3220,744,United States,Training,1
2029-05-01,4980,1569,Japan,Training,3
2029-05-01,11655,3949,Spain,Services,12
2029-05-01,6703,2103,United Kingdom,Training,3
2029-05-01,12661,4876,France,Software,16
2029-05-01,11193,2370,Japan,Hardware,15
2029-05-01,8041,3320,Spain,Services,4
2029-05-01,5512,1561,Spain,Services,14
2029-05-01,27210,6956,United States,Hardware,28
2029-05-01,12720,4099,France,Services,14
2029-05-01,2362,420,Japan,Training,1
2029-05-01,7105,2654,United States,Services,9
2029-05-01,4887,1006,Germany,Services,6
2029-05-01,30817,10277,United States,Hardware,38
2029-05-01,3731,1344,Spain,Training,7
2029-05-01,8232,1817,Germany,Training,2
2029-05-01,3000,1000,Germany,Training,3
2029-05-01,4983,922,Spain,Training,6
2029-05-01,3523,1040,France,Services,6
2029-05-01,4181,944,United States,Training,9
2029-05-01,12831,5075,United States,Software,12
2029-05-01,6200,1980,Japan,Services,8
2029-05-01,7229,1827,Spain,Services,8
2029-05-01,2888,769,Japan,Training,3
2029-05-01,11992,4181,United States,Services,13
2029-05-01,9372,3379,Germany,Services,12
2029-05-01,8870,2459,Germany,Hardware,14
2029-05-01,3365,662,United States,Training,6
2029-05-01,10217,2425,Spain,Hardware,12
2029-05-01,4321,1458,United States,Services,4
2029-05-01,8891,649,United States,Hardware,9
2029-05-01,3104,1054,Germany,Software,6
2029-05-01,3840,1003,France,Services,8
2029-05-01,3250,657,France,Training,
2029-05-01,4565,1302,Germany,Training,
2029-05-01,2214,543,Japan,Training,1
2029-05-01,2676,922,United States,Services,1
2029-05-01,1763,376,United States,Training,5
2029-05-01,2459,611,Germany,Training,1
2029-05-01,6733,2164,United States,Services,4
2029-05-01,3224,1105,United States,Training,9
2029-05-01,5721,2129,Germany,Hardware,8
2029-05-01,3197,984,United States,Services,1
2029-05-01,5109,1283,Japan,Training,7
2029-05-01,2231,680,Japan,Training,2
2029-05-01,10946,2677,Germany,Hardware,17
2029-05-01,3087,664,Germany,Services,5
2029-05-01,58248,10234,Japan,Hardware,61
2029-05-01,2344,786,United States,Training,6
2029-05-01,8015,2725,Spain,Hardware,15
2029-05-01,7082,1507,Germany,Training,14
2029-05-01,7576,2051,Japan,Hardware,12
2029-05-01,3362,1071,Germany,Services,1
2029-05-01,6203,1655,United States,Training,8
2029-05-01,5122,1744,Japan,Services,5
2029-05-01,3375,697,Japan,Training,4
2029-05-01,3905,461,United Kingdom,Training,1
2029-05-01,6041,1304,United States,Training,8
2029-05-01,8657,2865,Spain,Training,12
2029-05-01,5451,2235,United States,Software,11
2029-05-01,17128,2725,United States,Hardware,19
2029-05-01,15444,5129,United States,Hardware,17
2029-05-01,2947,942,Germany,Services,2
2029-05-01,14800,4042,France,Hardware,15
2029-05-01,1443,311,France,Training,4
2029-05-01,3948,537,Japan,Hardware,4
2029-05-01,10733,3213,Germany,Hardware,8
2029-05-01,5981,2655,Spain,Software,4
2029-05-01,11527,3897,United States,Services,9
2029-05-01,13299,4534,United States,Services,17
2029-05-01,22739,3135,Spain,Hardware,25
2029-05-01,7165,2862,Japan,Software,14
2029-05-01,11996,3235,United States,Hardware,10
2029-05-01,2092,742,Japan,Software,1
2029-05-01,4039,942,United States,Hardware,6
2029-05-01,9846,3900,France,Software,10
2029-05-01,5613,1824,Spain,Services,3
2029-05-01,5327,2463,United States,Services,11
2029-05-01,7860,2856,France,Software,8
2029-05-01,34949,8074,United States,Hardware,35
2029-05-01,6499,939,Japan,Training,6
2029-05-01,10407,4111,Germany,Software,13
2029-05-01,2767,639,United States,Services,1
2029-05-01,27815,14775,Japan,Software,30
2029-05-01,8595,1822,Germany,Hardware,6
2029-05-01,4538,538,United States,Training,6
2029-05-01,20129,5176,United States,Hardware,22
2029-05-01,5669,2156,United States,Services,5
2029-05-01,4411,1084,United Kingdom,Training,5
2029-05-01,5073,1014,United States,Hardware,8
2029-05-01,1663,229,France,Training,4
2029-05-01,9779,3085,Japan,Software,14
2029-05-01,16691,4551,United States,Services,17
2029-05-01,2409,514,France,Training,3
2029-05-01,9010,2989,Japan,Services,13
2029-05-01,3564,849,United Kingdom,Hardware,9
2029-05-01,18216,4649,United Kingdom,Services,17
2029-05-01,17951,5518,Spain,Software,21
2029-05-01,13105,6464,United Kingdom,Services,17
2029-05-01,17997,4336,Germany,Hardware,15
2029-05-01,9206,2499,Spain,Hardware,10
2029-05-01,11763,2426,United Kingdom,Services,9
2029-05-01,5897,1249,United Kingdom,Training,7
2029-05-01,22234,5343,Japan,Hardware,19
2029-05-01,7643,3119,Germany,Services,4
2029-05-01,12980,3232,France,Hardware,10
2029-05-01,4751,1128,Spain,Services,1
2029-05-01,5414,1860,Spain,Software,7
2029-05-01,8176,2461,United States,Services,9
2029-05-01,12952,2391,Spain,Training,13
2029-05-01,28376,4831,France,Hardware,35
2029-05-01,13691,4285,United States,Hardware,18
2029-05-01,9113,1317,Germany,Hardware,10
2029-05-01,9481,3424,France,Software,14
2029-05-01,6719,2440,United States,Services,9
2029-05-01,21362,5013,France,Hardware,31
2029-05-01,7955,2196,Spain,Hardware,14
2029-05-01,25212,7827,Germany,Hardware,28
2029-05-01,9551,4743,Germany,Software,14
2029-05-01,7197,1929,United States,Services,8
2029-05-01,7315,1516,Germany,Services,10
2029-05-01,12735,4758,Germany,Services,19
2029-05-01,4074,1168,United States,Services,3
2029-05-01,14506,6126,Germany,Software,20
2029-05-01,4981,1348,Germany,Hardware,8
2029-05-01,9785,3290,France,Software,14
2029-05-01,9544,1773,Japan,Training,10
2029-05-01,3273,835,United States,Training,1
2029-05-01,8196,1439,Germany,Hardware,10
2029-05-01,3331,937,United States,Training,1
2029-05-01,4537,652,United States,Training,5
2029-05-01,5898,1091,United States,Hardware,13
2029-05-01,11560,5142,United Kingdom,Software,12
2029-05-01,8633,1495,Germany,Hardware,7
2029-05-01,4725,770,Spain,Hardware,1
2029-05-01,15165,6157,Germany,Software,10
2029-05-01,4509,1108,Spain,Services,5
2029-05-01,10849,2394,France,Hardware,13
2029-05-01,8584,3075,United States,Software,10
2029-05-01,8835,2091,Japan,Hardware,10
2029-05-01,3439,679,United Kingdom,Training,4
2029-05-01,13503,3061,Japan,Hardware,16
2029-05-01,12218,3487,Spain,Services,19
2029-05-01,3561,667,Japan,Training,6
2029-05-01,12673,3400,United States,Services,14
2029-05-01,15656,5963,Germany,Software,21
2029-05-01,3829,1131,Germany,Services,1
2029-05-01,12751,4199,United Kingdom,Software,14
2029-05-01,2630,656,Spain,Training,3
2029-05-01,3327,808,Germany,Training,1
2029-05-01,7929,3555,Germany,Software,9
2029-05-01,3162,925,Japan,Training,5
2029-05-01,3582,956,Spain,Training,3
2029-05-01,6875,741,Germany,Hardware,8
2029-05-01,9365,3754,Spain,Software,6
2029-05-01,4817,1212,Spain,Training,2
2029-05-01,11464,5877,Germany,Software,11
2029-05-01,9496,1590,Japan,Hardware,16
2029-05-01,4025,1486,United Kingdom,Training,
2029-05-01,11452,5100,United States,Software,14
2029-05-01,4387,1089,United Kingdom,Services,6
2029-05-01,2350,912,Germany,Training,4
2029-06-01,7522,1519,Japan,Services,7
2029-06-01,6823,2296,United States,Services,7
2029-06-01,31544,6985,United States,Training,32
2029-06-01,5780,2937,United Kingdom,Software,6
2029-06-01,10005,1514,Germany,Hardware,9
2029-06-01,10356,2480,United Kingdom,Services,14
2029-06-01,5571,2012,Germany,Software,2
2029-06-01,6296,2019,United Kingdom,Software,10
2029-06-01,12008,3317,Germany,Services,16
2029-06-01,4615,1195,United States,Training,8
2029-06-01,17470,4680,Germany,Services,20
2029-06-01,5991,1936,Germany,Hardware,4
2029-06-01,9197,3778,Germany,Services,6
2029-06-01,2603,854,France,Training,2
2029-06-01,3615,871,Spain,Training,1
2029-06-01,8319,2121,Japan,Hardware,7
2029-06-01,2505,893,United Kingdom,Training,2
2029-06-01,11754,3761,United States,Software,10
2029-06-01,7005,2227,Spain,Services,7
2029-06-01,21809,3288,United States,Hardware,24
2029-06-01,6481,896,Germany,Hardware,7
2029-06-01,5566,1331,United States,Services,5
2029-06-01,5503,712,United States,Training,5
2029-06-01,8739,4056,Japan,Services,7
2029-06-01,4427,1194,United States,Training,6
2029-06-01,7070,2473,Germany,Services,5
2029-06-01,4379,1745,France,Services,1
2029-06-01,3112,1175,Germany,Services,6
2029-06-01,8316,3332,Japan,Software,11
2029-06-01,6026,1544,United States,Training,7
2029-06-01,11276,2104,United States,Hardware,9
2029-06-01,11562,2474,United Kingdom,Hardware,8
2029-06-01,8887,2246,Germany,Hardware,9
2029-06-01,7766,1618,United Kingdom,Software,7
2029-06-01,6824,2533,Spain,Software,10
2029-06-01,2427,861,United Kingdom,Software,4
2029-06-01,3778,1275,United States,Services,1
2029-06-01,4090,1339,France,Training,5
2029-06-01,7258,2459,Japan,Software,9
2029-06-01,37683,5796,United Kingdom,Hardware,42
2029-06-01,3837,902,Germany,Training,5
2029-06-01,24201,6111,United States,Hardware,24
2029-06-01,2399,678,France,Services,4
2029-06-01,19552,6287,United States,Hardware,17
2029-06-01,4961,503,France,Services,6
2029-06-01,2274,593,Spain,Services,1
2029-06-01,2988,183,Germany,Training,1
2029-06-01,5201,1322,Japan,Software,9
2029-06-01,9675,3249,United States,Services,8
2029-06-01,10407,3206,United Kingdom,Services,9
2029-06-01,9077,1495,Japan,Hardware,16
2029-06-01,8987,1889,Spain,Hardware,13
2029-06-01,3977,1155,United Kingdom,Training,9
2029-06-01,11919,1941,United Kingdom,Hardware,15
2029-06-01,3926,1037,Japan,Training,8
2029-06-01,4003,1568,Japan,Software,3
2029-06-01,3013,590,Spain,Hardware,6
2029-06-01,10669,2608,Spain,Hardware,16
2029-06-01,8271,2451,Germany,Services,7
2029-06-01,2596,711,Spain,Training,1
2029-06-01,9589,4443,Spain,Software,10
2029-06-01,3633,959,United States,Training,1
2029-06-01,11536,4116,France,Services,19
2029-06-01,3149,1290,Germany,Training,2
2029-06-01,5506,3313,Germany,Software,2
2029-06-01,3067,918,United States,Services,5
2029-06-01,6182,1245,United States,Hardware,8
2029-06-01,4940,969,United States,Training,9
2029-06-01,6021,1041,Germany,Training,10
2029-06-01,8623,1877,Japan,Hardware,14
2029-06-01,5827,1174,Japan,Services,3
2029-06-01,7295,1392,Germany,Hardware,12
2029-06-01,6731,1865,France,Hardware,10
2029-06-01,4627,1204,United Kingdom,Training,1
2029-06-01,4615,1314,United States,Training,2
2029-06-01,10412,1375,United States,Training,9
2029-06-01,4375,1379,United Kingdom,Training,4
2029-06-01,5719,1921,Germany,Hardware,10
2029-06-01,7998,3212,Spain,Software,13
2029-06-01,7096,2659,United States,Hardware,8
2029-06-01,18250,3984,Germany,Hardware,23
2029-06-01,8548,4029,Germany,Software,6
2029-06-01,2193,572,Germany,Training,9
2029-06-01,4893,2035,United States,Software,6
2029-06-01,9625,3893,United States,Software,10
2029-06-01,4592,1430,France,Training,6
2029-06-01,3710,883,France,Services,3
2029-06-01,5982,2087,Germany,Services,11
2029-06-01,7304,2157,United States,Training,9
2029-06-01,6335,1872,United States,Software,11
2029-06-01,7237,1333,Germany,Hardware,9
2029-06-01,18259,7069,Japan,Software,20
2029-06-01,4950,1982,Germany,Software,8
2029-06-01,5320,1997,Japan,Software,3
2029-06-01,21403,3663,United States,Hardware,28
2029-06-01,6454,1807,Japan,Software,5
2029-06-01,4964,2037,Spain,Training,6
2029-06-01,17079,3794,France,Hardware,15
2029-06-01,8465,2923,Germany,Services,13
2029-06-01,14326,3705,Germany,Hardware,14
2029-06-01,8968,3830,Germany,Software,11
2029-06-01,6604,1735,Japan,Training,4
2029-06-01,1027,310,United Kingdom,Training,5
2029-06-01,12271,4329,France,Software,14
2029-06-01,17896,3867,Japan,Hardware,23
2029-06-01,4691,1378,Japan,Training,3
2029-06-01,16584,6585,Spain,Software,16
2029-06-01,2553,739,United States,Training,1
2029-06-01,2367,571,United Kingdom,Training,3
2029-06-01,9864,4702,France,Software,13
2029-06-01,14656,4833,Japan,Software,13
2029-06-01,5237,2170,France,Software,3
2029-06-01,26296,9528,France,Services,33
2029-06-01,6561,1876,Japan,Software,3
2029-06-01,5027,1310,Germany,Hardware,7
2029-06-01,5092,1584,Spain,Training,5
2029-06-01,7969,2073,Germany,Services,8
2029-06-01,22246,5806,United States,Training,27
2029-06-01,10169,2425,United States,Hardware,6
2029-06-01,13731,3553,Spain,Services,16
2029-06-01,5598,2586,United States,Software,10
2029-06-01,19897,7254,Germany,Services,15
2029-06-01,1475,541,Japan,Software,9
2029-06-01,7790,2192,United States,Software,4
2029-06-01,2920,506,Germany,Training,5
2029-06-01,3095,1548,France,Software,2
2029-06-01,11964,3394,Germany,Services,20
2029-06-01,15349,2167,Japan,Hardware,18
2029-06-01,18127,4036,Spain,Services,24
2029-06-01,2260,627,United States,Training,1
2029-06-01,9476,3921,United States,Services,12
2029-06-01,2695,807,United Kingdom,Training,3
2029-06-01,6677,2917,Spain,Software,10
2029-06-01,15565,2775,Spain,Hardware,16
2029-06-01,12774,3614,United States,Services,8
2029-06-01,3424,1393,United States,Services,2
2029-06-01,20652,3882,Germany,Hardware,20
2029-06-01,1800,334,France,Services,7
2029-06-01,3433,1177,United States,Software,2
2029-06-01,20622,5741,Germany,Software,22
2029-06-01,7697,3182,France,Software,8
2029-06-01,10490,4883,Japan,Software,10
2029-06-01,7669,3738,Germany,Software,5
2029-06-01,1506,444,Spain,Training,4
2029-06-01,2606,744,France,Training,2
2029-06-01,12843,3824,Germany,Services,16
2029-06-01,15405,4472,United States,Software,20
2029-06-01,2712,654,Spain,Services,4
2029-06-01,2314,588,France,Training,3
2029-06-01,4157,1654,Japan,Software,3
2029-06-01,1907,336,Germany,Training,5
2029-06-01,9363,1195,United States,Hardware,4
2029-06-01,19729,7404,United States,Software,20
2029-06-01,3299,791,Spain,Services,8
2029-06-01,5225,1019,Germany,Hardware,5
2029-06-01,7573,1258,Germany,Hardware,10
2029-06-01,20732,3819,United Kingdom,Hardware,24
2029-06-01,6096,1574,Germany,Hardware,7
2029-06-01,17883,6328,Germany,Software,22
2029-06-01,15284,7755,Japan,Software,17
2029-06-01,35556,10867,France,Software,43
2029-06-01,13051,2245,United States,Hardware,15
2029-06-01,6972,1968,Germany,Services,8
2029-06-01,3495,1537,Germany,Software,5
2029-06-01,3319,678,Japan,Training,1
2029-06-01,14224,4353,United States,Hardware,16
2029-06-01,11926,3635,United Kingdom,Hardware,10
2029-06-01,8752,998,Germany,Hardware,12
2029-06-01,3210,1087,Germany,Services,1
2029-06-01,1749,833,France,Software,1
2029-06-01,3428,688,Japan,Training,6
2029-06-01,2274,560,Spain,Training,1
2029-06-01,6792,2734,Japan,Software,8
2029-06-01,18388,2933,Japan,Hardware,16
2029-06-01,9133,1243,France,Services,10
2029-06-01,5271,1796,France,Services,6
2029-06-01,3954,795,United States,Hardware,4
2029-06-01,4836,1606,United States,Training,10
2029-06-01,8123,2177,United States,Hardware,5
2029-06-01,5237,1072,Spain,Software,5
2029-06-01,2512,1169,United States,Software,5
2029-06-01,5719,1635,United States,Software,1
2029-06-01,8087,3435,France,Software,7
2029-06-01,12853,3978,Japan,Services,10
2029-06-01,14414,6275,Japan,Software,11
2029-06-01,2636,1361,United Kingdom,Software,9
2029-06-01,2599,647,Japan,Services,5
2029-06-01,2880,895,Germany,Training,1
2029-06-01,3053,817,United States,Training,1
2029-06-01,9862,1756,France,Hardware,11
2029-06-01,5952,1544,United States,Training,2
2029-06-01,4723,2316,United States,Software,7
2029-06-01,5699,1588,Germany,Services,7
2029-06-01,4151,526,United Kingdom,Training,6
2029-06-01,7555,2216,France,Services,5
2029-06-01,1837,598,Germany,Training,7
2029-06-01,4913,1213,United States,Training,8
2029-06-01,3727,1490,United States,Services,7
2029-06-01,47008,19722,United States,Software,49
2029-06-01,8232,2058,Germany,Services,6
2029-06-01,11603,2260,United States,Hardware,10
2029-06-01,17872,2493,Japan,Hardware,20
2029-06-01,7419,3267,Spain,Software,5
2029-06-01,5536,2020,Germany,Services,7
2029-06-01,9280,1842,United States,Services,12
2029-06-01,23998,4551,Spain,Hardware,31
2029-06-01,3669,807,United Kingdom,Services,3
2029-06-01,9764,2287,Spain,Hardware,19
2029-06-01,3928,560,France,Training,3
2029-06-01,13593,4690,United States,Software,12
2029-06-01,9720,1318,United States,Hardware,5
2029-06-01,4849,1706,Japan,Training,3
2029-06-01,3510,1119,France,Training,1
2029-06-01,13028,4235,United States,Software,14
2029-06-01,9373,2844,Spain,Software,14
2029-06-01,2935,758,France,Services,1
2029-06-01,4621,1659,Spain,Software,8
2029-06-01,2990,949,Germany,Software,6
2029-06-01,6095,2031,United Kingdom,Software,8
2029-06-01,14562,4419,United States,Hardware,16
2029-06-01,4392,1003,Germany,Training,10
2029-06-01,8202,2867,Germany,Hardware,15
2029-06-01,6726,441,Germany,Hardware,8
2029-06-01,5149,2382,Germany,Software,9
2029-06-01,15384,4767,Spain,Services,14
2029-06-01,1900,554,United States,Training,1
2029-06-01,2419,577,Japan,Training,2
2029-06-01,12635,1797,Japan,Hardware,14
2029-06-01,2649,524,Spain,Training,1
2029-06-01,1833,317,Germany,Training,3
2029-06-01,10228,4032,Japan,Services,12
2029-06-01,12686,3441,United States,Hardware,10
2029-06-01,10338,3912,France,Software,9
2029-06-01,11895,4246,United States,Services,11
2029-06-01,5295,1642,Japan,Services,9
2029-06-01,11016,1612,Germany,Hardware,8
2029-06-01,19243,7181,Japan,Hardware,21
2029-06-01,10138,3275,Japan,Training,19
2029-06-01,4244,1272,United Kingdom,Training,8
2029-06-01,3268,909,Germany,Training,6
2029-06-01,4323,1661,United Kingdom,Services,2
2029-06-01,7064,1210,United States,Training,11
2029-06-01,17376,2774,France,Hardware,
2029-06-01,8922,3307,France,Software,6
2029-06-01,10861,4467,United States,Services,10
2029-06-01,5515,823,United Kingdom,Services,5
2029-06-01,4109,1379,United States,Services,10
2029-06-01,6376,1173,United States,Services,6
2029-06-01,6999,2106,Germany,Services,10
2029-06-01,2383,663,Germany,Training,1
2029-06-01,6894,2527,Japan,Software,9
2029-06-01,2338,761,France,Training,2
2029-06-01,10991,1824,Japan,Hardware,13
2029-06-01,15149,4533,Spain,Software,14
2029-06-01,7512,2818,Germany,Services,7
2029-06-01,18934,3856,Germany,Hardware,20
2029-06-01,21377,3142,United States,Hardware,24
2029-06-01,6126,2905,Spain,Software,7
2029-06-01,5879,2464,United Kingdom,Software,1
2029-06-01,22589,6785,Germany,Software,22
2029-06-01,8070,1695,United Kingdom,Hardware,8
2029-06-01,14109,3553,Japan,Hardware,20
2029-06-01,4917,778,United States,Hardware,6
2029-06-01,3035,937,United States,Software,2
2029-06-01,4165,1772,Spain,Training,7
2029-06-01,2134,533,Germany,Training,1
2029-06-01,4046,932,United Kingdom,Training,2
2029-06-01,3229,514,United States,Services,2
2029-06-01,6422,1436,United States,Training,12
2029-06-01,15799,5976,France,Software,23
2029-06-01,10847,618,United States,Hardware,14
2029-06-01,1304,304,Japan,Training,3
2029-06-01,11449,4909,United States,Software,9
2029-06-01,15400,2749,United States,Hardware,19
2029-06-01,9344,1318,United States,Hardware,10
2029-06-01,17129,4064,United Kingdom,Hardware,23
2029-06-01,15767,2334,France,Hardware,15
2029-06-01,7181,2722,United States,Services,9
2029-06-01,8912,3044,Germany,Software,4
2029-06-01,5261,2103,Spain,Software,1
2029-06-01,5995,2199,United States,Hardware,10
2029-06-01,12746,5706,United States,Software,17
2029-06-01,6808,1399,Spain,Services,11
2029-06-01,5825,2577,Spain,Services,2
2029-06-01,4615,1902,Japan,Software,7
2029-06-01,10494,3837,France,Software,11
2029-06-01,8046,3018,Spain,Software,5
2029-06-01,906,229,United States,Training,3
2029-06-01,4118,1013,Germany,Training,12
2029-06-01,5801,1155,France,Hardware,10
2029-06-01,14427,6491,Germany,Software,21
2029-06-01,10189,1726,Japan,Hardware,15
2029-06-01,5981,2581,United States,Services,3
2029-06-01,10094,4012,France,Software,14
2029-06-01,7861,1082,United States,Hardware,7
2029-06-01,1728,445,Japan,Training,4
2029-06-01,3580,1261,Spain,Software,2
2029-06-01,5738,1628,France,Hardware,8
2029-06-01,7047,1866,France,Software,13
2029-06-01,5945,2299,United States,Training,8
2029-06-01,11782,3394,Germany,Hardware,14
2029-06-01,1377,365,France,Training,1
2029-06-01,3644,909,Spain,Services,1
2029-06-01,2253,536,Japan,Training,3
2029-06-01,4827,1490,Japan,Training,1
2029-06-01,6520,1775,Japan,Hardware,1
2029-06-01,2372,920,France,Software,4
2029-06-01,9712,4219,United Kingdom,Software,10
2029-06-01,4270,1890,United States,Software,6
2029-06-01,8501,2943,United Kingdom,Software,9
2029-06-01,3224,965,Japan,Training,8
2029-06-01,2416,414,Germany,Training,3
2029-06-01,11287,4537,Germany,Software,10
2029-06-01,4790,1065,United States,Training,6
2029-06-01,11904,2547,France,Hardware,16
2029-06-01,5237,730,Germany,Hardware,7
2029-06-01,3811,1227,Germany,Software,4
2029-06-01,1506,323,Germany,Training,1
2029-06-01,3362,964,France,Training,7
2029-06-01,1842,429,Germany,Training,1
2029-06-01,5903,1392,Germany,Training,2
2029-06-01,4296,1640,Germany,Services,1
2029-06-01,7201,2177,Germany,Hardware,7
2029-06-01,17678,4040,Japan,Software,19
2029-06-01,11490,3749,Spain,Hardware,16
2029-06-01,5794,2474,Germany,Services,9
2029-06-01,1935,581,United Kingdom,Services,
2029-06-01,12184,4953,United States,Software,14
2029-06-01,36910,9348,United States,Hardware,46
2029-06-01,6978,2759,Japan,Software,4
2029-06-01,11217,3032,Spain,Hardware,16
2029-06-01,3570,1183,United States,Hardware,4
2029-06-01,1410,390,United States,Training,2
2029-06-01,4587,1625,United States,Software,
2029-06-01,2873,875,United States,Software,4
2029-06-01,5485,2182,Germany,Software,5
2029-06-01,5817,1135,France,Hardware,8
2029-06-01,14021,2983,Japan,Hardware,10
2029-06-01,2656,742,Germany,Training,4
2029-06-01,5805,2003,United States,Training,8
2029-06-01,3162,1066,Spain,Training,7
2029-06-01,8946,1502,Japan,Hardware,9
2029-06-01,6975,2036,Japan,Software,3
2029-06-01,20406,6619,Japan,Hardware,27
2029-06-01,5304,2229,France,Software,7
2029-06-01,14825,3335,Spain,Hardware,21
2029-06-01,1845,266,United Kingdom,Training,1
2029-06-01,10614,2989,United Kingdom,Services,8
2029-06-01,3220,651,France,Services,3
2029-06-01,28082,7178,France,Hardware,32
2029-06-01,4476,1258,France,Training,5
2029-06-01,9399,3036,France,Software,10
2029-06-01,8912,3633,United Kingdom,Software,8
2029-06-01,3710,1082,United States,Hardware,11
2029-06-01,11640,2288,Germany,Hardware,18
2029-06-01,8778,2632,United States,Hardware,8
2029-06-01,16089,4568,Germany,Software,16
2029-06-01,16679,5095,Japan,Hardware,20
2029-06-01,4106,1802,United Kingdom,Software,9
2029-06-01,7176,1772,Germany,Training,11
2029-06-01,3864,578,United States,Training,4
2029-06-01,4954,1314,United Kingdom,Training,8
2029-06-01,20445,4218,United States,Hardware,22
2029-06-01,6775,2424,Germany,Services,8
2029-06-01,8428,2284,Germany,Hardware,10
2029-06-01,12860,2353,Spain,Training,20
2029-06-01,13682,4295,United States,Services,14
2029-06-01,10321,3198,United States,Hardware,7
2029-06-01,5229,1334,United States,Hardware,9
2029-06-01,4812,1240,France,Services,7
2029-06-01,5141,1737,Spain,Hardware,5
2029-06-01,6755,2525,United States,Software,5
2029-06-01,6646,2978,Germany,Software,4
2029-06-01,5898,2547,Spain,Software,5
2029-06-01,5774,1743,Japan,Services,12
2029-06-01,12357,4287,France,Training,18
2029-06-01,2999,1141,United States,Software,6
2029-06-01,7312,2737,Japan,Services,7
2029-06-01,2518,694,France,Hardware,3
2029-06-01,9820,2416,Japan,Software,10
2029-06-01,5656,665,Germany,Training,8
2029-06-01,22632,7420,France,Services,25
2029-06-01,9466,1661,Germany,Hardware,8
2029-06-01,12809,4331,Spain,Services,11
2029-06-01,3740,640,United States,Hardware,4
2029-06-01,4193,891,Japan,Training,6
2029-06-01,18647,6782,United States,Hardware,20
2029-06-01,10539,1193,Japan,Hardware,8
2029-06-01,18079,5946,Spain,Services,14
2029-06-01,15421,5154,Germany,Hardware,17
2029-06-01,5135,1820,Japan,Hardware,5
2029-06-01,21950,8001,United States,Services,26
2029-06-01,2202,473,Japan,Training,2
2029-06-01,4422,1023,Spain,Training,5
2029-06-01,6291,2249,United Kingdom,Services,12
2029-06-01,15594,5902,United States,Hardware,21
2029-06-01,10225,2951,Spain,Hardware,10
2029-06-01,24139,4883,United States,Hardware,29
2029-06-01,5120,1351,United States,Training,11
2029-06-01,5660,1507,Japan,Training,6
2029-07-01,10997,3199,United States,Services,14
2029-07-01,5511,1152,United States,Training,5
2029-07-01,17678,6768,United States,Services,16
2029-07-01,20854,4697,Germany,Hardware,27
2029-07-01,12719,4407,United States,Software,18
2029-07-01,4217,1304,United States,Services,5
2029-07-01,4102,1855,Spain,Training,1
2029-07-01,3749,1602,United States,Software,1
2029-07-01,9319,2583,Spain,Software,7
2029-07-01,10932,2942,Germany,Services,11
2029-07-01,17321,3225,United States,Hardware,23
2029-07-01,6350,1245,United States,Hardware,9
2029-07-01,7616,1787,United States,Training,10
2029-07-01,7581,1361,United States,Hardware,10
2029-07-01,4697,1304,Japan,Training,3
2029-07-01,13230,4549,Japan,Services,14
2029-07-01,6727,1997,Spain,Services,2
2029-07-01,13816,4291,Japan,Software,20
2029-07-01,6669,2126,United Kingdom,Training,4
2029-07-01,5688,1330,United States,Services,7
2029-07-01,10568,3235,Germany,Hardware,9
2029-07-01,3164,777,United States,Software,1
2029-07-01,29254,12873,Japan,Software,25
2029-07-01,4681,833,United States,Training,6
2029-07-01,3306,1101,United States,Services,7
2029-07-01,6460,2222,United States,Services,12
2029-07-01,7588,2542,France,Software,14
2029-07-01,9270,843,France,Hardware,14
2029-07-01,11203,2578,United States,Hardware,11
2029-07-01,6559,2229,Japan,Services,7
2029-07-01,3960,1538,United States,Software,4
2029-07-01,11157,3170,Germany,Hardware,4
2029-07-01,4724,1640,United States,Software,1
2029-07-01,6028,1837,United States,Services,1
2029-07-01,19582,8588,Germany,Software,20
2029-07-01,4673,1331,France,Training,1
2029-07-01,2932,875,United States,Training,7
2029-07-01,8441,1554,Germany,Training,11
2029-07-01,7356,2548,United Kingdom,Services,11
2029-07-01,1253,241,Japan,Training,1
2029-07-01,6996,2632,United Kingdom,Software,8
2029-07-01,8697,4943,Spain,Software,10
2029-07-01,6003,1824,United Kingdom,Training,4
2029-07-01,7955,3144,United States,Software,12
2029-07-01,1998,710,United States,Services,1
2029-07-01,11835,3039,United Kingdom,Hardware,16
2029-07-01,10775,1933,Spain,Hardware,11
2029-07-01,2711,1297,United Kingdom,Software,5
2029-07-01,3472,787,Japan,Training,5
2029-07-01,8815,1793,Spain,Hardware,5
2029-07-01,3514,1525,Germany,Services,7
2029-07-01,5230,1792,United States,Services,1
2029-07-01,4108,326,United States,Services,10
2029-07-01,4464,1726,Spain,Software,1
2029-07-01,4273,1685,Spain,Services,7
2029-07-01,7047,2159,United States,Services,8
2029-07-01,4157,860,Spain,Training,1
2029-07-01,14480,4153,United States,Services,15
2029-07-01,11279,3993,Japan,Services,12
2029-07-01,6489,2180,United States,Hardware,9
2029-07-01,13105,6286,United States,Software,15
2029-07-01,16242,2081,United Kingdom,Hardware,17
2029-07-01,8600,2113,Spain,Services,6
2029-07-01,5200,2337,Germany,Software,1
2029-07-01,4309,1850,Spain,Software,6
2029-07-01,6146,1225,United Kingdom,Software,8
2029-07-01,1116,114,Germany,Training,4
2029-07-01,7430,2624,Germany,Software,8
2029-07-01,5318,2086,Japan,Software,4
2029-07-01,12396,3799,United Kingdom,Software,13
2029-07-01,7039,1156,Germany,Services,10
2029-07-01,15343,5937,United Kingdom,Software,14
2029-07-01,4317,1878,Spain,Software,7
2029-07-01,12032,2214,United Kingdom,Services,13
2029-07-01,12145,3714,Spain,Software,15
2029-07-01,12788,3172,Spain,Training,14
2029-07-01,4918,1834,United States,Services,2
2029-07-01,12897,4603,Germany,Software,17
2029-07-01,3901,1097,Spain,Training,3
2029-07-01,4459,545,France,Services,7
2029-07-01,4519,1292,Japan,Hardware,3
2029-07-01,7313,3801,United Kingdom,Software,11
2029-07-01,2197,616,Germany,Training,4
2029-07-01,7539,2317,Spain,Software,5
2029-07-01,26181,2997,United States,Hardware,31
2029-07-01,11335,3600,United States,Hardware,13
2029-07-01,11228,3127,Japan,Hardware,15
2029-07-01,15074,5206,United States,Software,17
2029-07-01,16236,5759,France,Hardware,19
2029-07-01,20215,6134,United States,Hardware,25
2029-07-01,6643,2534,Spain,Software,10
2029-07-01,5491,2095,Germany,Services,3
2029-07-01,12940,3846,Japan,Software,16
2029-07-01,9148,3679,United States,Software,14
2029-07-01,1968,496,France,Training,1
2029-07-01,2072,442,Spain,Training,1
2029-07-01,5702,1630,United States,Training,10
2029-07-01,4622,1233,Germany,Services,9
2029-07-01,23654,9893,Japan,Software,28
2029-07-01,9586,3433,Germany,Software,6
2029-07-01,16259,5051,France,Services,18
2029-07-01,29089,5811,France,Hardware,33
2029-07-01,8608,2574,Germany,Training,8
2029-07-01,9911,2945,France,Software,13
2029-07-01,8963,3167,France,Services,13
2029-07-01,12037,2952,France,Hardware,15
2029-07-01,5569,1458,United States,Services,3
2029-07-01,11119,2475,United States,Training,16
2029-07-01,6739,1733,United States,Hardware,10
2029-07-01,6113,1472,United States,Training,3
2029-07-01,22096,6408,United Kingdom,Hardware,24
2029-07-01,4969,1199,United States,Training,12
2029-07-01,6021,2326,Japan,Software,2
2029-07-01,4508,1459,Japan,Services,2
2029-07-01,9482,3032,United States,Training,9
2029-07-01,4771,1707,United Kingdom,Software,6
2029-07-01,44575,10495,Japan,Software,49
2029-07-01,10805,2697,Germany,Services,12
2029-07-01,3720,1220,Japan,Hardware,5
2029-07-01,6516,2947,France,Software,9
2029-07-01,23771,8681,United States,Services,29
2029-07-01,3576,1442,Japan,Software,4
2029-07-01,6665,1025,Japan,Training,11
2029-07-01,5638,1544,France,Services,6
2029-07-01,4897,1531,France,Services,9
2029-07-01,4773,746,United States,Training,7
2029-07-01,15525,3164,United Kingdom,Hardware,20
2029-07-01,5637,1817,United States,Software,4
2029-07-01,12920,1467,Spain,Hardware,15
2029-07-01,7598,1318,Japan,Hardware,8
2029-07-01,8472,1988,United States,Training,11
2029-07-01,16087,2090,Japan,Hardware,14
2029-07-01,2306,677,United States,Services,1
2029-07-01,4355,1431,Japan,Services,1
2029-07-01,10151,4092,Germany,Software,12
2029-07-01,21267,6235,United States,Hardware,23
2029-07-01,4699,1878,Germany,Software,4
2029-07-01,2072,772,United Kingdom,Training,2
2029-07-01,14586,4346,United States,Hardware,12
2029-07-01,1943,647,United States,Training,1
2029-07-01,4723,495,United States,Training,5
2029-07-01,10638,4177,Germany,Software,3
2029-07-01,11855,5024,Spain,Software,14
2029-07-01,4027,1034,Germany,Services,3
2029-07-01,8041,2335,Germany,Services,11
2029-07-01,2601,783,United States,Training,1
2029-07-01,3753,992,United Kingdom,Training,8
2029-07-01,2695,784,United States,Training,7
2029-07-01,5658,2114,Japan,Services,5
2029-07-01,9407,3616,Germany,Software,14
2029-07-01,7644,3269,United States,Software,11
2029-07-01,5835,1855,United States,Services,5
2029-07-01,1886,451,France,Training,3
2029-07-01,3542,996,Germany,Training,5
2029-07-01,19745,6529,Japan,Software,21
2029-07-01,5186,967,United Kingdom,Training,3
2029-07-01,2055,848,Japan,Training,1
2029-07-01,8827,3141,France,Training,13
2029-07-01,1823,275,Spain,Services,1
2029-07-01,11395,2215,Germany,Training,13
2029-07-01,1221,242,United States,Training,2
2029-07-01,9545,3247,Germany,Services,16
2029-07-01,2566,695,Japan,Training,3
2029-07-01,1503,419,Germany,Training,3
2029-07-01,9792,1152,United States,Hardware,13
2029-07-01,8937,3165,Spain,Services,
2029-07-01,8588,2101,United States,Services,8
2029-07-01,4365,1671,United States,Services,4
2029-07-01,4571,1086,Germany,Services,5
2029-07-01,9601,2972,United States,Services,13
2029-07-01,7135,2153,United States,Hardware,8
2029-07-01,5317,939,Germany,Services,2
2029-07-01,5353,1986,United States,Services,11
2029-07-01,4513,1498,United States,Training,7
2029-07-01,7865,2322,Germany,Services,7
2029-07-01,8312,2264,Germany,Services,1
2029-07-01,5085,1596,Japan,Services,7
2029-07-01,1902,647,Germany,Software,5
2029-07-01,2369,545,Germany,Training,2
2029-07-01,10477,3183,United States,Software,12
2029-07-01,41233,10237,United States,Hardware,42
2029-07-01,3051,904,France,Services,5
2029-07-01,4009,750,United States,Training,6
2029-07-01,5460,1742,Japan,Services,2
2029-07-01,6199,1443,France,Hardware,9
2029-07-01,12269,2193,United States,Services,12
2029-07-01,15880,4211,Japan,Hardware,15
2029-07-01,7078,2366,Germany,Training,7
2029-07-01,19552,8457,France,Software,16
2029-07-01,3545,1600,Spain,Training,5
2029-07-01,6266,2163,Germany,Services,6
2029-07-01,8830,2245,United States,Hardware,7
2029-07-01,11658,3589,Spain,Services,19
2029-07-01,5124,1229,United States,Training,3
2029-07-01,3955,752,France,Training,5
2029-07-01,7931,3189,Germany,Software,9
2029-07-01,4504,1259,United Kingdom,Services,2
2029-07-01,8578,1682,Germany,Hardware,9
2029-07-01,8810,1818,Germany,Training,15
2029-07-01,9683,3615,France,Software,7
2029-07-01,16167,4835,United Kingdom,Training,13
2029-07-01,1063,341,Germany,Training,2
2029-07-01,13945,5347,Germany,Software,16
2029-07-01,27095,7953,United States,Hardware,31
2029-07-01,6101,1232,Spain,Hardware,5
2029-07-01,5159,1372,Spain,Services,11
2029-07-01,19893,3620,United States,Hardware,23
2029-07-01,4719,1680,Japan,Training,4
2029-07-01,7023,2681,United States,Services,10
2029-07-01,6673,2357,United States,Software,5
2029-07-01,5967,1626,France,Training,4
2029-07-01,8061,1985,United States,Services,8
2029-07-01,9558,2564,Japan,Hardware,2
2029-07-01,7337,2473,United States,Training,7
2029-07-01,3814,1816,United Kingdom,Software,11
2029-07-01,14054,3929,France,Hardware,18
2029-07-01,11262,4169,United States,Software,16
2029-07-01,4650,1783,Germany,Training,5
2029-07-01,8262,2267,Japan,Services,13
2029-07-01,7299,2247,Germany,Training,10
2029-07-01,42512,11939,United States,Hardware,45
2029-07-01,4177,1178,United States,Hardware,4
2029-07-01,6925,1754,United States,Hardware,7
2029-07-01,2932,597,United Kingdom,Training,2
2029-07-01,2465,613,United States,Training,1
2029-07-01,11688,3927,Spain,Software,16
2029-07-01,12263,2021,United States,Hardware,16
2029-07-01,7752,2135,Germany,Services,15
2029-07-01,23451,5451,Germany,Hardware,24
2029-07-01,4416,1489,Germany,Software,5
2029-07-01,8634,1533,Spain,Hardware,12
2029-07-01,34751,13101,Spain,Software,35
2029-07-01,23263,9676,Spain,Software,31
2029-07-01,4687,1548,Germany,Services,8
2029-07-01,3835,1073,France,Training,3
2029-07-01,2149,758,France,Training,1
2029-07-01,6036,2276,United Kingdom,Training,4
2029-07-01,2427,656,Germany,Services,13
2029-07-01,11861,4338,Germany,Training,13
2029-07-01,3389,1306,Germany,Software,3
2029-07-01,6945,1622,United Kingdom,Hardware,9
2029-07-01,8824,2453,Japan,Hardware,16
2029-07-01,11339,3045,France,Services,13
2029-07-01,3325,759,Spain,Training,1
2029-07-01,18009,3717,United States,Software,21
2029-07-01,4398,949,Spain,Training,5
2029-07-01,9712,3517,United States,Software,14
2029-07-01,2742,880,United Kingdom,Training,7
2029-07-01,2816,891,United Kingdom,Software,4
2029-07-01,2160,637,Germany,Training,1
2029-07-01,4644,1145,United Kingdom,Training,5
2029-07-01,14301,4607,France,Services,13
2029-07-01,3926,493,United Kingdom,Training,1
2029-07-01,8310,1288,France,Hardware,7
2029-07-01,5237,1374,France,Training,15
2029-07-01,3667,1429,United States,Software,9
2029-07-01,12665,4564,Spain,Services,13
2029-07-01,3316,1020,United Kingdom,Services,5
2029-07-01,10860,3443,Japan,Software,15
2029-07-01,13710,2014,Japan,Hardware,15
2029-07-01,4215,1804,Spain,Hardware,4
2029-07-01,2572,830,France,Training,3
2029-07-01,23094,4439,Spain,Hardware,36
2029-07-01,3827,1711,France,Services,1
2029-07-01,7276,3735,Germany,Software,11
2029-07-01,18013,6896,United Kingdom,Services,24
2029-07-01,7799,2704,Japan,Services,9
2029-07-01,9823,1897,United Kingdom,Hardware,12
2029-07-01,4232,934,Spain,Training,4
2029-07-01,28665,5536,Japan,Hardware,33
2029-07-01,4321,1236,United States,Training,6
2029-07-01,5638,1381,Germany,Training,4
2029-07-01,8211,3129,Spain,Software,11
2029-07-01,7256,1793,France,Hardware,11
2029-07-01,4240,1355,United Kingdom,Software,3
2029-07-01,7712,3099,Germany,Software,11
2029-07-01,4093,1378,Germany,Software,6
2029-07-01,26101,5795,United States,Hardware,27
2029-07-01,18381,7907,United Kingdom,Software,20
2029-07-01,3134,1226,United States,Software,1
2029-07-01,1380,467,Japan,Software,2
2029-07-01,2337,560,Germany,Services,2
2029-07-01,5182,2154,United Kingdom,Software,6
2029-07-01,9412,3025,United States,Hardware,10
2029-07-01,9626,4121,Spain,Software,7
2029-07-01,31151,7863,Japan,Hardware,39
2029-07-01,632,125,Japan,Training,1
2029-07-01,9821,3675,United States,Services,9
2029-07-01,10124,1884,Germany,Hardware,12
2029-07-01,10266,3331,France,Services,8
2029-07-01,5711,1959,France,Services,7
2029-07-01,3632,1570,Germany,Software,8
2029-07-01,5858,1398,Germany,Services,9
2029-07-01,11442,3295,France,Services,10
2029-07-01,4186,796,Japan,Hardware,2
2029-07-01,4926,1589,France,Services,5
2029-07-01,4783,1778,United States,Services,
2029-07-01,5480,1862,United States,Services,7
2029-07-01,13014,3784,Japan,Hardware,19
2029-07-01,10923,3944,France,Software,11
2029-07-01,5102,2238,United States,Services,5
2029-07-01,3025,696,United States,Training,7
2029-07-01,7246,1714,Spain,Services,5
2029-07-01,8411,2315,Japan,Hardware,9
2029-07-01,4362,1136,United States,Hardware,2
2029-07-01,3144,1171,Japan,Training,9
2029-07-01,3722,652,France,Training,3
2029-07-01,7235,2204,United Kingdom,Services,7
2029-07-01,14747,4353,Germany,Services,15
2029-07-01,6008,2259,Japan,Software,3
2029-07-01,1677,505,Japan,Services,1
2029-07-01,7184,2796,United Kingdom,Software,8
2029-07-01,2322,748,Japan,Training,4
2029-07-01,2994,820,Germany,Software,1
2029-07-01,18894,5711,Japan,Hardware,19
2029-07-01,2688,610,Germany,Training,3
2029-07-01,10306,2468,United Kingdom,Services,19
2029-07-01,9042,2724,United States,Services,13
2029-07-01,13808,5360,Germany,Software,21
2029-07-01,14037,2280,France,Hardware,20
2029-07-01,10159,2454,United Kingdom,Hardware,11
2029-07-01,3776,727,France,Training,5
2029-07-01,16568,4808,Spain,Hardware,19
2029-07-01,9344,4037,Japan,Hardware,10
2029-07-01,21823,5747,United States,Hardware,26
2029-07-01,13020,3915,Spain,Training,15
2029-07-01,6588,3372,France,Software,5
2029-07-01,8557,2782,United States,Services,15
2029-07-01,9083,1723,Japan,Hardware,8
2029-07-01,9707,4225,United States,Software,11
2029-07-01,9658,1447,United States,Hardware,16
2029-07-01,2010,671,United States,Training,2
2029-07-01,4337,1577,France,Services,1
2029-07-01,7431,3232,Germany,Software,11
2029-07-01,4984,1884,Spain,Services,2
2029-07-01,3139,835,United States,Training,1
2029-07-01,13545,4721,United Kingdom,Services,11
2029-07-01,11072,3041,Spain,Hardware,12
2029-07-01,2761,779,United Kingdom,Training,
2029-07-01,19748,3573,United States,Hardware,25
2029-07-01,5629,1587,United States,Training,6
2029-07-01,3049,706,Spain,Services,7
2029-07-01,8234,2129,France,Services,17
2029-07-01,5213,1472,United States,Services,9
2029-07-01,11464,3642,United States,Services,11
2029-07-01,1539,432,France,Training,1
2029-07-01,12075,1308,United Kingdom,Hardware,9
2029-07-01,16387,4131,United States,Services,23
2029-07-01,10707,3345,United Kingdom,Services,9
2029-07-01,3374,1128,France,Training,9
2029-07-01,9586,3018,United States,Training,9
2029-07-01,4918,853,Germany,Training,8
2029-07-01,4004,1709,Spain,Training,
2029-07-01,13612,785,Japan,Hardware,17
2029-07-01,4032,1017,France,Services,7
2029-07-01,5822,1764,France,Services,9
2029-07-01,2986,519,Spain,Training,1
2029-07-01,2365,792,Spain,Training,1
2029-07-01,5830,2115,United Kingdom,Training,12
2029-07-01,18176,2991,Spain,Hardware,23
2029-07-01,1163,369,Spain,Training,2
2029-07-01,7148,1221,United Kingdom,Training,7
2029-07-01,5818,1287,Germany,Hardware,3
2029-07-01,4750,1692,United States,Training,8
2029-07-01,17834,1652,United States,Hardware,19
2029-07-01,5573,1880,United States,Training,3
2029-07-01,9660,2819,United States,Hardware,12
2029-07-01,3201,892,France,Training,5
2029-07-01,2673,1428,Japan,Software,11
2029-07-01,4086,937,France,Training,4
2029-07-01,2327,803,Japan,Software,1
2029-07-01,3322,831,Spain,Services,1
2029-07-01,18656,5008,United Kingdom,Hardware,19
2029-07-01,5147,1488,United States,Training,10
2029-07-01,2400,577,Japan,Training,4
2029-07-01,2162,250,United States,Services,3
2029-07-01,4895,1248,Germany,Services,7
2029-07-01,6420,1882,United Kingdom,Training,4
2029-07-01,10462,3209,France,Hardware,14
2029-07-01,15952,5408,Spain,Software,14
2029-07-01,9178,3833,France,Software,9
2029-07-01,15014,6856,Germany,Software,16
2029-07-01,9275,3564,Japan,Services,10
2029-07-01,3876,1333,Spain,Software,8
2029-07-01,12971,4510,Spain,Services,15
2029-07-01,8141,237,Japan,Hardware,8
2029-07-01,1315,229,Spain,Training,3
2029-07-01,12715,2218,Germany,Training,14
2029-07-01,5716,1742,Japan,Training,12
2029-07-01,10445,4803,France,Software,8
2029-07-01,13333,6142,United States,Software,9
2029-07-01,4846,795,United States,Training,3
2029-07-01,8737,1764,France,Hardware,10
2029-07-01,4379,1403,United States,Services,5
2029-07-01,3853,1579,United Kingdom,Services,5
2029-07-01,5741,1587,United States,Training,6
2029-07-01,19079,5389,United States,Software,17
2029-07-01,9779,2595,Germany,Services,15
2029-07-01,6330,1808,United Kingdom,Training,6
2029-07-01,8776,2737,Japan,Hardware,9
2029-08-01,2232,938,Spain,Training,2
2029-08-01,3890,1402,United States,Software,5
2029-08-01,1833,448,United States,Training,5
2029-08-01,43448,7041,United States,Hardware,51
2029-08-01,5273,1195,France,Hardware,6
2029-08-01,6537,2937,United States,Software,7
2029-08-01,7915,1451,Germany,Hardware,15
2029-08-01,7564,1223,Germany,Hardware,15
2029-08-01,4586,1379,Germany,Training,5
2029-08-01,9956,3750,United States,Services,5
2029-08-01,2729,932,United States,Services,2
2029-08-01,11428,2254,France,Hardware,11
2029-08-01,7542,1490,Japan,Hardware,2
2029-08-01,6683,1116,Japan,Hardware,14
2029-08-01,5690,1736,United States,Services,7
2029-08-01,3842,1065,France,Training,4
2029-08-01,4651,902,Germany,Training,8
2029-08-01,6499,1621,Spain,Services,6
2029-08-01,3092,445,United States,Training,7
2029-08-01,1392,474,United Kingdom,Training,3
2029-08-01,3285,912,United States,Training,4
2029-08-01,3953,1333,Spain,Services,6
2029-08-01,3921,1163,Spain,Services,7
2029-08-01,28826,11021,United States,Software,30
2029-08-01,5896,2076,France,Services,8
2029-08-01,9175,2626,United Kingdom,Services,7
2029-08-01,5273,1157,United States,Services,10
2029-08-01,2765,1210,Germany,Training,1
2029-08-01,4728,2317,United States,Software,10
2029-08-01,5607,1547,United States,Services,9
2029-08-01,3766,1218,Japan,Services,3
2029-08-01,18824,3965,France,Hardware,21
2029-08-01,6900,1826,United States,Training,7
2029-08-01,4146,1145,United Kingdom,Hardware,1
2029-08-01,14281,3365,France,Hardware,18
2029-08-01,5325,822,France,Hardware,12
2029-08-01,7627,1527,Japan,Training,10
2029-08-01,4326,831,United States,Hardware,7
2029-08-01,8557,2784,United Kingdom,Services,16
2029-08-01,11516,3360,Spain,Services,11
2029-08-01,4183,1847,United States,Software,6
2029-08-01,2892,871,Germany,Software,3
2029-08-01,9169,1496,Germany,Hardware,14
2029-08-01,2560,575,France,Training,3
2029-08-01,1243,574,France,Services,3
2029-08-01,2184,429,United States,Training,4
2029-08-01,13818,3833,United Kingdom,Services,14
2029-08-01,9178,2031,France,Hardware,11
2029-08-01,5063,629,Germany,Training,1
2029-08-01,3936,1301,Japan,Hardware,1
2029-08-01,7791,2100,Japan,Training,6
2029-08-01,11050,1111,Germany,Hardware,14
2029-08-01,7784,2312,United States,Hardware,6
2029-08-01,3206,759,United States,Training,1
2029-08-01,2203,621,United States,Training,4
2029-08-01,4840,1130,Germany,Services,7
2029-08-01,4078,851,United States,Training,12
2029-08-01,11669,4192,Germany,Services,14
2029-08-01,3948,1513,United Kingdom,Software,6
2029-08-01,9670,3800,United States,Software,11
2029-08-01,1755,369,France,Training,3
2029-08-01,18121,6725,Japan,Software,15
2029-08-01,4295,1849,Germany,Software,3
2029-08-01,9320,1570,Spain,Hardware,11
2029-08-01,9585,3391,Japan,Services,13
2029-08-01,11406,2992,Japan,Services,9
2029-08-01,3358,1142,United Kingdom,Software,6
2029-08-01,4593,1140,Germany,Hardware,1
2029-08-01,3783,1185,United States,Training,7
2029-08-01,5531,2420,France,Software,5
2029-08-01,6441,2064,Germany,Software,4
2029-08-01,6905,2647,United States,Software,9
2029-08-01,5936,2143,United States,Software,7
2029-08-01,8793,1746,United States,Hardware,11
2029-08-01,6604,2828,France,Software,7
2029-08-01,9481,2545,France,Hardware,9
2029-08-01,4087,1706,Germany,Software,2
2029-08-01,3800,900,Japan,Hardware,2
2029-08-01,1275,377,United Kingdom,Services,
2029-08-01,7983,2901,Japan,Software,10
2029-08-01,6099,1657,Germany,Software,4
2029-08-01,3985,1743,United States,Software,1
2029-08-01,8994,3083,United States,Services,11
2029-08-01,7070,1471,United States,Hardware,5
2029-08-01,6685,1748,Germany,Software,6
2029-08-01,4281,1630,Japan,Training,7
2029-08-01,1746,588,Germany,Training,1
2029-08-01,8975,1139,Germany,Hardware,9
2029-08-01,30147,5170,Japan,Hardware,36
2029-08-01,11643,2429,United Kingdom,Hardware,15
2029-08-01,15370,7404,Spain,Software,22
2029-08-01,10960,2295,Germany,Hardware,15
2029-08-01,3246,828,United States,Software,1
2029-08-01,6428,492,United States,Services,3
2029-08-01,1767,750,Japan,Software,4
2029-08-01,2845,790,United States,Services,4
2029-08-01,10739,4121,Germany,Software,13
2029-08-01,4128,1036,Germany,Hardware,4
2029-08-01,3431,963,France,Services,4
2029-08-01,1582,468,United States,Training,2
2029-08-01,8869,2548,Japan,Hardware,8
2029-08-01,6010,916,United States,Training,4
2029-08-01,4947,1180,France,Services,6
2029-08-01,5462,1356,France,Hardware,12
2029-08-01,13145,4499,Germany,Software,9
2029-08-01,3534,906,United States,Services,1
2029-08-01,8162,3317,United States,Services,11
2029-08-01,9033,2324,United Kingdom,Services,13
2029-08-01,5589,1992,Spain,Services,4
2029-08-01,10677,2263,Spain,Hardware,13
2029-08-01,14654,7621,Japan,Software,16
2029-08-01,5088,2392,United States,Services,7
2029-08-01,8963,2680,United States,Services,9
2029-08-01,3790,1345,United States,Services,1
2029-08-01,11731,3251,Germany,Services,9
2029-08-01,13152,4089,Germany,Software,12
2029-08-01,10425,2523,Germany,Hardware,10
2029-08-01,4618,1511,Japan,Services,4
2029-08-01,7534,2201,United States,Hardware,10
2029-08-01,12993,2195,Germany,Hardware,15
2029-08-01,2568,851,France,Training,1
2029-08-01,3636,1230,United States,Training,9
2029-08-01,1815,586,Spain,Training,5
2029-08-01,16080,5272,France,Services,21
2029-08-01,7499,1553,France,Services,7
2029-08-01,13644,3327,Spain,Services,14
2029-08-01,3485,794,United States,Hardware,3
2029-08-01,11219,4451,France,Software,15
2029-08-01,8230,1972,Germany,Training,11
2029-08-01,3008,1083,United States,Services,5
2029-08-01,2616,1049,Japan,Software,6
2029-08-01,17006,8531,Japan,Services,16
2029-08-01,4051,1375,Germany,Services,4
2029-08-01,5798,1806,Spain,Services,8
2029-08-01,3225,852,France,Services,9
2029-08-01,1669,313,Japan,Training,5
2029-08-01,11659,1978,Spain,Hardware,10
2029-08-01,2330,783,United States,Services,3
2029-08-01,6753,1443,France,Services,10
2029-08-01,8249,1157,United Kingdom,Hardware,10
2029-08-01,18583,2926,Spain,Hardware,20
2029-08-01,3149,1272,United States,Services,1
2029-08-01,13009,4760,France,Software,15
2029-08-01,2991,236,United States,Hardware,3
2029-08-01,21401,4752,France,Hardware,19
2029-08-01,16196,6531,France,Software,20
2029-08-01,33943,10537,Spain,Hardware,39
2029-08-01,3845,1208,United States,Software,6
2029-08-01,1911,352,United States,Training,4
2029-08-01,4810,2509,United Kingdom,Software,5
2029-08-01,2001,323,Germany,Training,3
2029-08-01,5402,937,United States,Hardware,9
2029-08-01,4451,1331,Spain,Services,6
2029-08-01,8949,1741,Germany,Hardware,9
2029-08-01,2552,464,United States,Training,1
2029-08-01,4014,1124,Japan,Training,1
2029-08-01,4127,1467,Japan,Hardware,1
2029-08-01,5096,1145,United States,Hardware,1
2029-08-01,3760,1310,Japan,Training,1
2029-08-01,5062,1347,Japan,Training,5
2029-08-01,7120,2663,Germany,Software,6
2029-08-01,7045,2553,France,Services,12
2029-08-01,1648,312,Germany,Hardware,6
2029-08-01,5703,2303,Germany,Software,1
2029-08-01,15756,6231,United States,Software,10
2029-08-01,8217,2824,Spain,Hardware,6
2029-08-01,6739,1390,United Kingdom,Services,7
2029-08-01,3967,1214,Germany,Software,8
2029-08-01,8528,1264,Germany,Services,8
2029-08-01,2737,1041,United States,Software,3
2029-08-01,11180,3183,Germany,Hardware,9
2029-08-01,9040,3654,France,Software,11
2029-08-01,2898,1059,Germany,Training,6
2029-08-01,8653,1230,Japan,Hardware,15
2029-08-01,12895,1127,Germany,Hardware,15
2029-08-01,3519,930,Japan,Training,10
2029-08-01,4577,701,Japan,Hardware,7
2029-08-01,4404,984,United Kingdom,Training,5
2029-08-01,11484,1938,Germany,Hardware,12
2029-08-01,9844,4797,Germany,Services,13
2029-08-01,16178,5598,United States,Software,23
2029-08-01,6196,1768,France,Software,7
2029-08-01,6963,2977,United Kingdom,Training,11
2029-08-01,2595,1021,United States,Software,6
2029-08-01,6239,1312,France,Software,3
2029-08-01,12525,1979,Germany,Hardware,14
2029-08-01,9105,1825,United States,Hardware,5
2029-08-01,5490,1985,France,Software,3
2029-08-01,4137,1443,Spain,Training,5
2029-08-01,4055,1688,Japan,Software,5
2029-08-01,3983,1238,United States,Services,11
2029-08-01,10139,2055,United States,Hardware,13
2029-08-01,12065,2363,Spain,Services,12
2029-08-01,12586,5564,United States,Hardware,18
2029-08-01,6838,1488,France,Hardware,11
2029-08-01,8356,2274,France,Services,9
2029-08-01,13122,4724,Germany,Software,14
2029-08-01,11884,4126,Germany,Software,14
2029-08-01,15051,3191,United States,Hardware,14
2029-08-01,13730,5685,United States,Software,18
2029-08-01,4295,1589,Germany,Services,9
2029-08-01,7411,2012,Spain,Hardware,8
2029-08-01,2941,1015,France,Services,1
2029-08-01,6218,2837,United States,Software,5
2029-08-01,5332,1069,United States,Hardware,3
2029-08-01,9375,2047,United States,Hardware,14
2029-08-01,7612,1613,United States,Services,5
2029-08-01,5470,1805,United States,Services,8
2029-08-01,22934,6884,United Kingdom,Services,26
2029-08-01,7896,1776,Japan,Hardware,5
2029-08-01,11236,2085,Spain,Hardware,10
2029-08-01,5656,2395,United States,Software,7
2029-08-01,11668,5345,United States,Services,9
2029-08-01,10963,3053,Germany,Training,7
2029-08-01,2147,562,Japan,Training,1
2029-08-01,2270,826,United Kingdom,Services,7
2029-08-01,7396,1729,United States,Hardware,9
2029-08-01,4157,828,Spain,Services,1
2029-08-01,10586,3910,France,Software,7
2029-08-01,9307,2404,Japan,Hardware,12
2029-08-01,9775,1505,Spain,Hardware,11
2029-08-01,6431,2106,Japan,Software,5
2029-08-01,10570,2994,United Kingdom,Hardware,14
2029-08-01,5858,2022,Japan,Hardware,1
2029-08-01,10934,3009,Germany,Services,13
2029-08-01,5806,1149,United States,Hardware,4
2029-08-01,8109,1674,France,Services,11
2029-08-01,10304,1821,United Kingdom,Hardware,11
2029-08-01,9794,3055,Japan,Services,14
2029-08-01,19794,3593,United States,Hardware,24
2029-08-01,9647,3438,Spain,Training,9
2029-08-01,9332,2484,United Kingdom,Software,9
2029-08-01,1469,400,Germany,Training,5
2029-08-01,13740,3056,Spain,Hardware,17
2029-08-01,3867,1145,United States,Software,2
2029-08-01,5215,624,Germany,Hardware,4
2029-08-01,2793,1003,United States,Services,12
2029-08-01,5218,1259,Japan,Training,2
2029-08-01,9250,4161,United States,Software,9
2029-08-01,10705,3638,France,Services,17
2029-08-01,3423,1147,Germany,Services,2
2029-08-01,4406,1598,Germany,Training,9
2029-08-01,13871,2112,United States,Hardware,13
2029-08-01,5248,1160,Japan,Services,5
2029-08-01,3367,1424,Japan,Software,1
2029-08-01,3223,759,Germany,Training,3
2029-08-01,1766,519,United Kingdom,Training,6
2029-08-01,11698,2458,Japan,Hardware,14
2029-08-01,2795,1134,United States,Services,9
2029-08-01,13171,5742,Spain,Software,13
2029-08-01,5010,1937,Germany,Services,2
2029-08-01,11696,2099,United Kingdom,Hardware,12
2029-08-01,12314,1867,United States,Hardware,15
2029-08-01,8219,3239,Spain,Software,10
2029-08-01,8933,2842,Germany,Training,9
2029-08-01,2684,1195,Japan,Software,2
2029-08-01,4957,1228,Japan,Services,8
2029-08-01,5810,2280,United States,Software,11
2029-08-01,6055,2219,Germany,Software,5
2029-08-01,13474,4100,Spain,Software,19
2029-08-01,27066,10682,France,Hardware,25
2029-08-01,1689,715,United States,Services,2
2029-08-01,24869,11185,United States,Services,23
2029-08-01,5230,1337,Japan,Services,6
2029-08-01,21579,4541,Germany,Training,23
2029-08-01,1176,225,United States,Training,4
2029-08-01,5996,1586,France,Services,7
2029-08-01,8277,2324,Japan,Hardware,8
2029-08-01,8299,1727,United States,Hardware,14
2029-08-01,12920,3500,Germany,Hardware,16
2029-08-01,20276,4442,Spain,Hardware,
2029-08-01,8000,1724,Japan,Training,
2029-08-01,7070,2905,Japan,Services,8
2029-08-01,4778,188,Japan,Hardware,6
2029-08-01,6865,2271,United States,Hardware,11
2029-08-01,14594,4142,United States,Services,15
2029-08-01,3742,1161,Germany,Software,1
2029-08-01,10787,3828,United States,Services,16
2029-08-01,4425,1439,Germany,Hardware,7
2029-08-01,2889,631,United Kingdom,Training,1
2029-08-01,5402,1679,United Kingdom,Services,4
2029-08-01,11991,2442,United Kingdom,Hardware,17
2029-08-01,6621,1720,Japan,Services,10
2029-08-01,15403,5074,France,Hardware,16
2029-08-01,6917,2393,Germany,Software,7
2029-08-01,5551,837,United Kingdom,Hardware,7
2029-08-01,11184,2369,Japan,Hardware,14
2029-08-01,15442,5967,Spain,Software,14
2029-08-01,1017,270,United Kingdom,Services,3
2029-08-01,7556,1848,Japan,Services,12
2029-08-01,10182,3261,Germany,Services,12
2029-08-01,11223,3871,United States,Software,12
2029-08-01,7478,2345,United States,Services,14
2029-08-01,3860,1149,Spain,Training,5
2029-08-01,7314,3060,Spain,Software,6
2029-08-01,6647,2152,Spain,Software,5
2029-08-01,4689,1196,United States,Training,6
2029-08-01,28707,8382,United States,Hardware,34
2029-08-01,3361,1151,Germany,Software,1
2029-08-01,20476,7574,Germany,Software,25
2029-08-01,6045,2447,Spain,Software,7
2029-08-01,5763,1539,United States,Hardware,2
2029-08-01,2649,604,United States,Training,5
2029-08-01,4298,1344,United Kingdom,Services,6
2029-08-01,7612,2700,Japan,Services,9
2029-08-01,3607,859,Germany,Training,5
2029-08-01,2116,836,Japan,Software,2
2029-08-01,4169,833,Germany,Services,7
2029-08-01,4928,1674,United States,Hardware,5
2029-08-01,16342,6047,Germany,Services,15
2029-08-01,10791,2074,United Kingdom,Hardware,8
2029-08-01,8632,3171,United Kingdom,Software,11
2029-08-01,8334,2898,United States,Software,11
2029-08-01,18660,5834,United States,Hardware,29
2029-08-01,4291,1054,Spain,Software,1
2029-08-01,4350,1420,Japan,Software,8
2029-08-01,2738,1314,United States,Services,4
2029-08-01,11450,1371,United States,Hardware,13
2029-08-01,8205,2089,France,Training,11
2029-08-01,12370,2543,Germany,Hardware,16
2029-08-01,5740,1646,Spain,Services,14
2029-08-01,20757,7958,Spain,Software,21
2029-08-01,2938,937,United States,Services,2
2029-08-01,5565,809,United States,Training,7
2029-08-01,18510,4371,Japan,Hardware,22
2029-08-01,4652,988,United Kingdom,Training,5
2029-08-01,22050,6934,Spain,Services,25
2029-08-01,7735,1912,Japan,Services,4
2029-08-01,2441,1022,Spain,Services,1
2029-08-01,1952,357,Germany,Hardware,1
2029-08-01,27015,6705,France,Software,32
2029-08-01,5929,1356,Japan,Training,10
2029-08-01,9668,2927,Germany,Hardware,11
2029-08-01,5773,1034,United States,Training,3
2029-08-01,6253,670,United States,Hardware,11
2029-08-01,13369,3671,United States,Hardware,21
2029-08-01,2544,875,Germany,Training,9
2029-08-01,1473,399,United States,Training,5
2029-08-01,5221,1869,France,Software,7
2029-08-01,3393,1379,United States,Software,6
2029-08-01,1720,650,United Kingdom,Training,2
2029-08-01,5472,1067,France,Training,3
2029-08-01,3978,1426,United Kingdom,Services,4
2029-08-01,1145,348,France,Training,1
2029-08-01,6785,2104,Japan,Services,11
2029-08-01,4830,830,Spain,Training,5
2029-08-01,4068,867,United States,Hardware,1
2029-08-01,4774,1831,Spain,Software,3
2029-08-01,4291,1515,Spain,Software,5
2029-08-01,5410,1777,Spain,Services,5
2029-08-01,16593,7960,France,Software,19
2029-08-01,4379,1108,United Kingdom,Hardware,5
2029-08-01,1622,578,Germany,Training,5
2029-08-01,22270,8999,Germany,Software,26
2029-08-01,2804,1308,France,Software,1
2029-08-01,3117,839,Germany,Services,6
2029-08-01,9338,3551,United States,Software,9
2029-08-01,4041,1287,Germany,Training,7
2029-08-01,5866,1156,Spain,Hardware,6
2029-08-01,3034,706,United States,Training,7
2029-08-01,4127,692,United States,Training,5
2029-08-01,5035,2219,France,Services,3
2029-08-01,5407,1590,Germany,Hardware,7
2029-08-01,4485,1508,Spain,Services,4
2029-08-01,7632,2673,United States,Software,10
2029-08-01,9511,2779,France,Services,8
2029-08-01,4210,887,United States,Training,1
2029-08-01,7097,3169,Germany,Software,8
2029-08-01,9497,3070,France,Services,7
2029-08-01,5344,1651,United States,Hardware,4
2029-08-01,3397,1191,Germany,Services,3
2029-08-01,8743,3041,Japan,Training,11
2029-08-01,6173,1309,France,Services,8
2029-08-01,7887,1589,Germany,Hardware,10
2029-08-01,4352,1006,United States,Training,5
2029-08-01,12789,2096,United States,Hardware,13
2029-08-01,21576,6125,United Kingdom,Hardware,27
2029-08-01,14154,3966,Germany,Hardware,21
2029-08-01,2828,353,Germany,Hardware,1
2029-08-01,24601,5987,France,Hardware,27
2029-08-01,11664,3085,Spain,Hardware,11
2029-08-01,2751,1206,Germany,Software,4
2029-08-01,1004,315,France,Training,1
2029-08-01,3047,1166,United States,Software,1
2029-08-01,4050,921,Japan,Training,1
2029-08-01,6766,2347,United States,Software,8
2029-08-01,1562,313,United States,Training,2
2029-08-01,2978,904,Germany,Training,1
2029-08-01,5892,2299,United Kingdom,Services,5
2029-08-01,7285,1651,United States,Services,10
2029-08-01,7678,1650,Japan,Hardware,1
2029-08-01,6849,2978,France,Services,5
2029-08-01,9463,2561,United States,Training,9
2029-08-01,3981,1496,Spain,Hardware,2
2029-08-01,5273,932,United Kingdom,Training,3
2029-08-01,9192,3199,France,Software,9
2029-08-01,16388,7256,Germany,Software,20
2029-08-01,8387,3824,United States,Software,8
2029-08-01,5435,1023,United States,Hardware,4
2029-08-01,2873,868,United States,Training,4
2029-09-01,4501,2045,United States,Software,4
2029-09-01,5612,2067,United Kingdom,Software,8
2029-09-01,5766,2157,Japan,Services,3
2029-09-01,13361,4431,Germany,Software,22
2029-09-01,7703,2710,Japan,Services,8
2029-09-01,16740,2615,United Kingdom,Hardware,16
2029-09-01,9682,1929,Germany,Hardware,17
2029-09-01,8948,5501,United States,Software,10
2029-09-01,1748,503,United States,Training,9
2029-09-01,8057,2671,Spain,Services,9
2029-09-01,3599,591,United States,Training,2
2029-09-01,11260,3313,Germany,Services,12
2029-09-01,2147,380,United States,Training,1
2029-09-01,5005,1651,Spain,Software,8
2029-09-01,15923,5789,Germany,Software,20
2029-09-01,9225,2299,United States,Hardware,14
2029-09-01,2518,523,Spain,Training,2
2029-09-01,7304,1631,United Kingdom,Training,14
2029-09-01,1952,475,United States,Training,6
2029-09-01,30333,11172,United Kingdom,Software,28
2029-09-01,5301,1080,Spain,Hardware,7
2029-09-01,3185,1026,United Kingdom,Training,4
2029-09-01,8824,2743,United States,Software,
2029-09-01,4783,1863,Japan,Training,5
2029-09-01,6547,1450,Germany,Training,15
2029-09-01,11595,4590,United Kingdom,Software,9
2029-09-01,6069,2203,Germany,Software,8
2029-09-01,5163,1555,Germany,Training,4
2029-09-01,3139,747,Spain,Services,1
2029-09-01,5675,1477,Spain,Training,8
2029-09-01,10001,4339,France,Software,6
2029-09-01,3233,1089,France,Services,5
2029-09-01,5391,992,Spain,Training,7
2029-09-01,9089,3226,United States,Software,10
2029-09-01,2884,841,United Kingdom,Training,2
2029-09-01,3451,1276,United States,Software,6
2029-09-01,17458,5355,France,Hardware,22
2029-09-01,3576,983,United States,Training,3
2029-09-01,8500,3307,Japan,Services,7
2029-09-01,954,226,Germany,Training,1
2029-09-01,1806,591,Germany,Services,9
2029-09-01,4400,1486,United States,Services,8
2029-09-01,14888,5772,United States,Software,16
2029-09-01,8877,3616,United States,Software,8
2029-09-01,6338,2209,United States,Software,9
2029-09-01,12018,2617,Spain,Services,14
2029-09-01,5561,1284,Spain,Services,5
2029-09-01,1610,549,France,Software,2
2029-09-01,7872,2583,United States,Services,3
2029-09-01,6550,2267,France,Software,10
2029-09-01,3707,961,Spain,Training,5
2029-09-01,12393,3432,Spain,Hardware,18
2029-09-01,12033,4358,United Kingdom,Software,11
2029-09-01,5455,2471,United States,Software,7
2029-09-01,12837,4652,United States,Software,8
2029-09-01,4922,1187,Japan,Hardware,10
2029-09-01,2304,811,France,Services,1
2029-09-01,22367,8235,Japan,Hardware,19
2029-09-01,1073,274,France,Training,2
2029-09-01,9540,2330,United States,Software,5
2029-09-01,4127,996,Germany,Training,5
2029-09-01,5711,2266,Spain,Software,9
2029-09-01,7994,3105,Germany,Software,10
2029-09-01,4183,899,United States,Training,5
2029-09-01,11244,4298,United States,Hardware,13
2029-09-01,10362,3003,France,Services,9
2029-09-01,13996,5299,Germany,Software,14
2029-09-01,7433,2167,Germany,Hardware,5
2029-09-01,6896,1802,France,Services,4
2029-09-01,5720,1031,France,Hardware,5
2029-09-01,9470,1647,Germany,Software,10
2029-09-01,3909,1513,Spain,Training,8
2029-09-01,7304,1190,Japan,Hardware,9
2029-09-01,3374,1300,Spain,Training,1
2029-09-01,3258,1143,United Kingdom,Services,3
2029-09-01,4635,967,Spain,Training,3
2029-09-01,2770,569,United States,Training,5
2029-09-01,8813,2258,France,Hardware,7
2029-09-01,7178,1518,Spain,Hardware,5
2029-09-01,10301,2955,France,Services,14
2029-09-01,18767,3028,United States,Hardware,24
2029-09-01,1300,389,United States,Training,1
2029-09-01,4775,1024,Spain,Services,6
2029-09-01,7615,1594,United States,Services,2
2029-09-01,1989,508,United Kingdom,Training,1
2029-09-01,6921,2250,United Kingdom,Software,6
2029-09-01,4534,1360,United States,Training,9
2029-09-01,8909,1703,United States,Software,11
2029-09-01,4977,923,Germany,Hardware,10
2029-09-01,2798,749,United States,Training,1
2029-09-01,9627,2760,United States,Hardware,15
2029-09-01,10330,2431,Germany,Hardware,16
2029-09-01,8022,2797,France,Software,11
2029-09-01,15528,3310,France,Hardware,17
2029-09-01,8210,3815,United States,Software,9
2029-09-01,2639,876,United Kingdom,Services,1
2029-09-01,12550,2114,United States,Services,14
2029-09-01,9517,4228,United States,Software,9
2029-09-01,7411,2340,Spain,Services,6
2029-09-01,6556,1854,Spain,Training,11
2029-09-01,16012,7092,Japan,Software,17
2029-09-01,2841,1302,United States,Software,4
2029-09-01,5333,2753,Germany,Software,8
2029-09-01,2759,350,United States,Training,7
2029-09-01,4277,1476,Germany,Services,4
2029-09-01,6524,2852,Germany,Software,1
2029-09-01,4933,1372,Germany,Services,8
2029-09-01,3760,1266,France,Hardware,7
2029-09-01,10017,4469,United States,Software,11
2029-09-01,6471,1141,Spain,Hardware,10
2029-09-01,4339,552,France,Training,5
2029-09-01,18055,5596,France,Services,21
2029-09-01,4544,1215,United Kingdom,Services,1
2029-09-01,7177,2036,Spain,Services,13
2029-09-01,8815,1648,Japan,Hardware,15
2029-09-01,4121,891,Spain,Training,3
2029-09-01,5560,1426,United States,Hardware,5
2029-09-01,2131,542,United States,Training,1
2029-09-01,4863,677,France,Services,2
2029-09-01,3756,1054,Spain,Services,4
2029-09-01,8449,804,Spain,Hardware,6
2029-09-01,11559,4684,Japan,Software,15
2029-09-01,5220,1313,United States,Training,1
2029-09-01,4489,1173,United Kingdom,Services,2
2029-09-01,2263,664,Japan,Training,1
2029-09-01,2609,1044,France,Software,1
2029-09-01,13386,2078,Spain,Hardware,18
2029-09-01,8048,4022,United States,Software,9
2029-09-01,5282,1063,United States,Hardware,13
2029-09-01,6524,2978,Japan,Software,9
2029-09-01,12703,3501,United States,Software,12
2029-09-01,1171,405,Spain,Training,2
2029-09-01,3684,1482,United Kingdom,Software,6
2029-09-01,4440,1496,France,Services,4
2029-09-01,6428,1219,Japan,Hardware,8
2029-09-01,6835,1132,Germany,Hardware,10
2029-09-01,4018,1065,Japan,Training,6
2029-09-01,10211,4391,Germany,Training,9
2029-09-01,3672,980,France,Services,3
2029-09-01,9812,3438,France,Services,6
2029-09-01,11909,2552,United States,Hardware,15
2029-09-01,4753,910,United Kingdom,Training,8
2029-09-01,17606,5954,Germany,Hardware,22
2029-09-01,8085,1785,Germany,Services,12
2029-09-01,7712,3297,Germany,Software,9
2029-09-01,3268,923,United States,Training,1
2029-09-01,11400,2739,Germany,Hardware,11
2029-09-01,13078,3130,Germany,Hardware,15
2029-09-01,1875,562,Japan,Services,
2029-09-01,7449,1843,United States,Services,
2029-09-01,5490,1655,Germany,Hardware,12
2029-09-01,2344,842,Japan,Training,2
2029-09-01,2011,395,Spain,Training,3
2029-09-01,12161,1993,France,Hardware,15
2029-09-01,16813,3169,United States,Hardware,16
2029-09-01,1535,296,Germany,Training,1
2029-09-01,3685,790,Spain,Hardware,1
2029-09-01,16745,6265,Spain,Hardware,16
2029-09-01,7245,2446,Germany,Software,4
2029-09-01,5453,1956,United Kingdom,Software,7
2029-09-01,5086,1232,France,Training,8
2029-09-01,9885,2316,Germany,Hardware,8
2029-09-01,1525,654,United Kingdom,Software,2
2029-09-01,3356,474,France,Hardware,1
2029-09-01,4458,2083,United Kingdom,Software,3
2029-09-01,1352,279,United Kingdom,Training,1
2029-09-01,7031,2197,United States,Services,2
2029-09-01,2359,501,France,Services,3
2029-09-01,4245,1290,Japan,Training,2
2029-09-01,3466,1110,Spain,Training,3
2029-09-01,10717,2734,Japan,Services,10
2029-09-01,4338,647,United States,Training,7
2029-09-01,841,203,United Kingdom,Training,1
2029-09-01,1821,500,United States,Training,1
2029-09-01,4430,851,Japan,Training,8
2029-09-01,9425,678,United States,Hardware,12
2029-09-01,1548,338,Germany,Training,2
2029-09-01,11645,4100,France,Software,12
2029-09-01,11314,3916,Germany,Services,15
2029-09-01,6383,470,United Kingdom,Hardware,10
2029-09-01,1926,616,France,Services,1
2029-09-01,7636,3290,United States,Software,12
2029-09-01,8380,3529,France,Software,8
2029-09-01,3050,790,Spain,Services,2
2029-09-01,21586,5442,United States,Hardware,24
2029-09-01,3108,1450,France,Software,8
2029-09-01,9701,2305,Japan,Services,11
2029-09-01,9327,2903,Japan,Services,6
2029-09-01,2976,803,United States,Services,2
2029-09-01,14639,4448,Japan,Hardware,17
2029-09-01,7847,2041,France,Training,7
2029-09-01,4755,1339,United States,Training,4
2029-09-01,13670,6083,Japan,Hardware,16
2029-09-01,4326,1070,Spain,Hardware,11
2029-09-01,2849,965,France,Training,5
2029-09-01,12375,3957,Japan,Software,13
2029-09-01,24183,5513,Spain,Hardware,27
2029-09-01,5934,2294,Japan,Training,7
2029-09-01,19775,4923,Germany,Software,22
2029-09-01,4672,1240,United States,Hardware,2
2029-09-01,5352,1595,United Kingdom,Training,1
2029-09-01,6242,1690,Germany,Hardware,7
2029-09-01,3785,1293,Japan,Services,6
2029-09-01,11374,3276,United Kingdom,Hardware,18
2029-09-01,8256,2972,Japan,Software,11
2029-09-01,1137,425,France,Software,1
2029-09-01,21366,6641,United Kingdom,Hardware,24
2029-09-01,3355,746,Germany,Training,4
2029-09-01,8781,2709,United States,Training,12
2029-09-01,4668,2168,United Kingdom,Software,2
2029-09-01,16542,6703,France,Software,20
2029-09-01,17800,4036,Germany,Hardware,20
2029-09-01,15560,5704,United Kingdom,Training,20
2029-09-01,5666,1551,Germany,Hardware,6
2029-09-01,1611,235,Spain,Training,9
2029-09-01,19433,4637,United States,Hardware,19
2029-09-01,8756,1847,United States,Services,9
2029-09-01,2937,807,Spain,Services,5
2029-09-01,6313,2572,Germany,Hardware,7
2029-09-01,4729,1310,United States,Services,1
2029-09-01,4962,915,United States,Training,4
2029-09-01,7068,1957,Japan,Services,15
2029-09-01,17672,4982,United States,Hardware,19
2029-09-01,4131,1592,Spain,Software,10
2029-09-01,6677,3537,Spain,Software,11
2029-09-01,6698,1297,Germany,Hardware,13
2029-09-01,8067,2228,United States,Services,12
2029-09-01,8594,1612,Spain,Services,10
2029-09-01,2930,1276,United States,Software,2
2029-09-01,2065,408,Germany,Training,3
2029-09-01,7106,2224,Germany,Training,8
2029-09-01,3827,918,United Kingdom,Training,4
2029-09-01,10141,3476,United States,Software,10
2029-09-01,6679,1824,Spain,Training,4
2029-09-01,9365,2165,Spain,Services,7
2029-09-01,3925,1080,United States,Training,7
2029-09-01,2870,588,United States,Hardware,4
2029-09-01,3171,826,France,Training,1
2029-09-01,7693,2352,Japan,Services,12
2029-09-01,3835,900,Japan,Training,6
2029-09-01,13995,3233,France,Services,17
2029-09-01,8677,3305,France,Services,14
2029-09-01,5816,1626,Japan,Services,9
2029-09-01,4182,1305,United States,Training,4
2029-09-01,4798,2065,France,Software,4
2029-09-01,3623,1002,United States,Training,4
2029-09-01,10350,3361,Japan,Services,14
2029-09-01,2154,463,Spain,Training,1
2029-09-01,27616,9045,United States,Services,29
2029-09-01,15801,4083,United Kingdom,Services,18
2029-09-01,12483,2846,United Kingdom,Hardware,11
2029-09-01,10167,931,United States,Hardware,12
2029-09-01,2425,562,Japan,Training,3
2029-09-01,10147,3941,United Kingdom,Software,11
2029-09-01,5311,953,Japan,Services,8
2029-09-01,7746,1199,United States,Hardware,10
2029-09-01,1670,431,United States,Training,2
2029-09-01,9629,2591,Germany,Hardware,11
2029-09-01,2005,369,Germany,Training,3
2029-09-01,2592,580,United States,Training,5
2029-09-01,2041,431,Spain,Training,1
2029-09-01,4304,1342,United States,Services,3
2029-09-01,6314,1280,United States,Hardware,8
2029-09-01,7283,2468,Japan,Software,8
2029-09-01,20252,5866,United Kingdom,Hardware,20
2029-09-01,14972,2595,United States,Hardware,17
2029-09-01,2291,677,United States,Training,2
2029-09-01,1543,398,United States,Training,4
2029-09-01,12399,1480,United States,Hardware,14
2029-09-01,10957,2933,Japan,Hardware,17
2029-09-01,5271,1480,Spain,Services,7
2029-09-01,4289,1257,Germany,Services,3
2029-09-01,2967,703,Japan,Training,1
2029-09-01,4653,1507,Germany,Software,7
2029-09-01,12797,1287,Germany,Hardware,13
2029-09-01,19879,5272,Spain,Hardware,19
2029-09-01,4038,1429,France,Services,4
2029-09-01,4198,1921,Spain,Software,3
2029-09-01,23953,5395,United States,Hardware,19
2029-09-01,6218,2167,Spain,Software,8
2029-09-01,6531,1574,Germany,Training,8
2029-09-01,1556,334,United Kingdom,Training,2
2029-09-01,3899,627,France,Training,4
2029-09-01,18697,3559,Japan,Hardware,19
2029-09-01,6736,2411,France,Software,6
2029-09-01,2069,559,Spain,Services,1
2029-09-01,2046,373,United States,Training,7
2029-09-01,6772,2119,Spain,Training,11
2029-09-01,7006,806,Spain,Hardware,5
2029-09-01,2671,519,United States,Services,7
2029-09-01,1934,511,Germany,Services,4
2029-09-01,1576,513,Japan,Training,1
2029-09-01,2207,421,Germany,Services,1
2029-09-01,2599,815,United Kingdom,Training,10
2029-09-01,5862,2885,Japan,Software,5
2029-09-01,6500,1768,Japan,Training,8
2029-09-01,3878,726,France,Services,3
2029-09-01,19959,3203,Japan,Hardware,20
2029-09-01,2937,857,United States,Training,9
2029-09-01,1313,338,United States,Training,1
2029-09-01,21509,8128,United Kingdom,Software,18
2029-09-01,1051,279,France,Training,6
2029-09-01,3889,1250,Spain,Services,3
2029-09-01,3652,1032,Germany,Hardware,3
2029-09-01,3772,652,Japan,Hardware,4
2029-09-01,8017,1764,France,Hardware,9
2029-09-01,4755,1592,France,Services,6
2029-09-01,10094,2235,Germany,Hardware,15
2029-09-01,13592,3255,United States,Software,14
2029-09-01,2354,595,Japan,Services,1
2029-09-01,6825,1749,United States,Training,4
2029-09-01,2416,508,United States,Training,1
2029-09-01,1718,709,Japan,Software,5
2029-09-01,1868,536,Germany,Software,4
2029-09-01,8381,968,United States,Hardware,5
2029-09-01,6375,1754,Japan,Hardware,3
2029-09-01,1984,682,Japan,Training,1
2029-09-01,11423,2140,France,Hardware,10
2029-09-01,1940,403,United States,Training,4
2029-09-01,9168,2025,United Kingdom,Hardware,9
2029-09-01,6745,1827,Germany,Services,8
2029-09-01,2072,681,Japan,Services,1
2029-09-01,5982,704,United Kingdom,Training,5
2029-09-01,5869,1232,United States,Hardware,5
2029-09-01,7340,2582,United Kingdom,Services,7
2029-09-01,2833,949,United Kingdom,Training,2
2029-09-01,9987,4427,France,Software,6
2029-09-01,5741,2163,United States,Services,5
2029-09-01,18426,6021,Spain,Software,20
2029-09-01,5256,1172,Japan,Hardware,2
2029-09-01,5285,1626,Japan,Services,2
2029-09-01,6140,2465,Japan,Services,8
2029-09-01,6619,2180,United Kingdom,Hardware,7
2029-09-01,6713,2530,Japan,Training,10
2029-09-01,8562,3453,United States,Software,9
2029-09-01,5784,2330,Spain,Software,9
2029-09-01,1382,320,Spain,Training,1
2029-09-01,2792,943,France,Software,6
2029-09-01,9303,3361,United Kingdom,Software,5
2029-09-01,2279,761,Japan,Services,3
2029-09-01,15406,2279,United Kingdom,Hardware,16
2029-09-01,1781,332,Spain,Training,5
2029-09-01,3502,1464,Japan,Software,5
2029-09-01,6516,836,Japan,Hardware,3
2029-09-01,7551,3246,Spain,Software,10
2029-09-01,6646,1746,Japan,Hardware,5
2029-09-01,2878,807,Germany,Training,5
2029-09-01,2299,726,Japan,Software,5
2029-09-01,3616,1219,Japan,Training,3
2029-09-01,7909,2631,United Kingdom,Services,8
2029-09-01,5476,1353,Japan,Services,10
2029-09-01,13269,4940,France,Software,15
2029-09-01,10081,4671,Japan,Software,9
2029-09-01,3078,1155,United States,Services,6
2029-09-01,3604,874,France,Training,5
2029-09-01,18588,3910,Japan,Hardware,20
2029-09-01,6827,1683,United States,Services,5
2029-09-01,15289,4718,France,Software,18
2029-09-01,14412,2591,Spain,Hardware,21
2029-09-01,3971,1349,France,Services,5
2029-09-01,1456,365,Germany,Training,1
2029-09-01,1616,354,Germany,Training,1
2029-09-01,1815,745,Japan,Hardware,3
2029-09-01,1022,257,Spain,Training,1
2029-09-01,1678,252,United States,Training,2
2029-09-01,8500,2467,United Kingdom,Hardware,9
2029-09-01,6289,1031,United States,Hardware,4
2029-09-01,2430,497,United States,Training,1
2029-09-01,3710,1400,Japan,Training,3
2029-09-01,7743,2418,France,Software,5
2029-09-01,5059,1569,Japan,Software,12
2029-09-01,6352,320,Germany,Hardware,8
2029-09-01,10610,3527,Spain,Services,12
2029-09-01,7593,1806,United States,Training,5
2029-09-01,4888,1019,Germany,Training,3
2029-09-01,8507,2983,France,Software,7
2029-09-01,2340,823,United Kingdom,Training,1
2029-09-01,7695,2094,United States,Services,14
2029-09-01,1454,512,Spain,Services,1
2029-09-01,19737,6802,United States,Services,21
2029-09-01,2849,792,France,Services,
2029-09-01,13994,4874,United Kingdom,Services,20
2029-09-01,10809,3698,United States,Training,13
2029-09-01,2416,609,United States,Training,3
2029-09-01,17934,4182,United States,Hardware,17
2029-09-01,27378,9573,France,Hardware,35
2029-09-01,2931,322,United States,Hardware,9
2029-09-01,3158,1025,United States,Training,3
2029-09-01,10864,4164,United Kingdom,Services,7
2029-09-01,3866,998,Spain,Training,11
2029-09-01,3085,759,United States,Training,6
2029-09-01,3533,551,Germany,Training,3
2029-09-01,12851,4233,Japan,Software,22
2029-09-01,3614,1226,United States,Software,8
2029-09-01,17598,3716,United States,Hardware,18
2029-09-01,13023,4851,United States,Services,16
2029-09-01,2360,845,Germany,Training,4
2029-09-01,36487,14350,United States,Software,38
2029-09-01,4040,639,Spain,Hardware,1
2029-09-01,13858,4234,France,Hardware,17
2029-10-01,5480,1650,France,Software,4
2029-10-01,5577,1046,Spain,Services,6
2029-10-01,8676,3444,Germany,Services,12
2029-10-01,1995,834,France,Software,10
2029-10-01,3187,1021,Japan,Software,7
2029-10-01,10302,4769,France,Software,6
2029-10-01,5581,1975,United States,Services,1
2029-10-01,9230,2758,United Kingdom,Training,13
2029-10-01,2598,560,United States,Services,2
2029-10-01,6704,2160,Japan,Training,6
2029-10-01,7962,2564,United States,Software,8
2029-10-01,4747,1466,Germany,Software,10
2029-10-01,6302,1675,United States,Hardware,1
2029-10-01,9284,2552,Japan,Hardware,18
2029-10-01,1181,197,Germany,Training,1
2029-10-01,3028,704,Germany,Training,1
2029-10-01,2736,957,United Kingdom,Training,4
2029-10-01,8600,3038,United States,Services,5
2029-10-01,12256,5239,United Kingdom,Software,13
2029-10-01,6464,2621,Spain,Software,5
2029-10-01,21544,7889,Germany,Services,22
2029-10-01,6913,1687,United Kingdom,Hardware,5
2029-10-01,11579,2654,United States,Hardware,21
2029-10-01,3283,913,United Kingdom,Services,9
2029-10-01,9225,3090,United States,Software,13
2029-10-01,8600,2521,Germany,Services,11
2029-10-01,4709,1880,Japan,Software,1
2029-10-01,2958,365,Spain,Training,2
2029-10-01,6055,1587,United States,Training,6
2029-10-01,4847,1032,United States,Software,3
2029-10-01,5557,1291,United States,Software,1
2029-10-01,18767,4812,United States,Hardware,20
2029-10-01,36736,15421,United States,Software,39
2029-10-01,6071,2984,France,Software,5
2029-10-01,7831,2512,United States,Software,8
2029-10-01,5222,1437,United States,Hardware,9
2029-10-01,6555,2907,Spain,Services,4
2029-10-01,3576,1271,Germany,Services,4
2029-10-01,4652,2046,Germany,Software,3
2029-10-01,5649,2153,Japan,Services,4
2029-10-01,11950,2004,France,Hardware,14
2029-10-01,4337,974,Spain,Services,3
2029-10-01,3811,1611,United States,Software,6
2029-10-01,5093,1825,Japan,Software,4
2029-10-01,4667,1617,Japan,Services,4
2029-10-01,15875,3077,United States,Hardware,18
2029-10-01,10002,3650,Spain,Software,9
2029-10-01,22462,6203,Germany,Services,22
2029-10-01,4467,1433,Germany,Services,4
2029-10-01,8089,3178,Japan,Software,12
2029-10-01,8000,2102,United Kingdom,Hardware,9
2029-10-01,4631,1534,Spain,Training,4
2029-10-01,17042,4199,United Kingdom,Services,17
2029-10-01,4742,1310,Spain,Hardware,5
2029-10-01,3272,1014,Japan,Services,8
2029-10-01,4881,1298,Japan,Training,9
2029-10-01,6459,1345,Spain,Training,3
2029-10-01,7725,1805,Japan,Services,9
2029-10-01,4410,1505,Germany,Training,3
2029-10-01,11549,2535,United States,Hardware,12
2029-10-01,5178,1231,France,Hardware,7
2029-10-01,7974,2369,France,Services,12
2029-10-01,2248,310,Germany,Training,3
2029-10-01,7155,1726,United States,Software,3
2029-10-01,1821,571,United States,Software,1
2029-10-01,3984,945,Germany,Hardware,7
2029-10-01,4419,1288,Spain,Software,8
2029-10-01,3243,1065,Japan,Services,4
2029-10-01,6024,2209,United States,Software,7
2029-10-01,1773,434,United States,Training,1
2029-10-01,7329,2513,United Kingdom,Software,11
2029-10-01,4122,1557,Germany,Software,1
2029-10-01,7191,1942,Japan,Services,2
2029-10-01,16392,6408,Germany,Software,17
2029-10-01,4181,1367,United Kingdom,Services,7
2029-10-01,8794,2769,United Kingdom,Software,10
2029-10-01,10205,2218,Japan,Hardware,9
2029-10-01,6968,2215,Germany,Hardware,5
2029-10-01,3158,697,Japan,Training,7
2029-10-01,7160,2562,Spain,Services,6
2029-10-01,4465,993,Spain,Hardware,6
2029-10-01,3641,1461,Germany,Training,7
2029-10-01,4552,1267,United Kingdom,Training,4
2029-10-01,4050,1405,France,Hardware,4
2029-10-01,6222,1026,France,Training,11
2029-10-01,4526,1384,Germany,Hardware,4
2029-10-01,753,225,Spain,Training,1
2029-10-01,7742,2936,France,Software,7
2029-10-01,5417,1171,Japan,Hardware,8
2029-10-01,2331,693,Germany,Training,2
2029-10-01,2074,296,United States,Services,6
2029-10-01,6635,2229,Japan,Software,6
2029-10-01,8075,2189,United States,Hardware,13
2029-10-01,7576,2297,United States,Hardware,13
2029-10-01,10993,1746,United States,Hardware,6
2029-10-01,8403,2255,Spain,Services,9
2029-10-01,3101,782,Germany,Training,6
2029-10-01,11095,1800,Germany,Hardware,16
2029-10-01,3118,552,United States,Training,1
2029-10-01,2440,795,Japan,Services,6
2029-10-01,3330,1075,Japan,Services,1
2029-10-01,10273,3211,France,Hardware,17
2029-10-01,2061,848,United Kingdom,Services,7
2029-10-01,1906,445,Japan,Training,6
2029-10-01,9245,772,United States,Hardware,8
2029-10-01,3491,972,United States,Training,4
2029-10-01,15386,6059,Japan,Software,18
2029-10-01,3213,1102,United States,Services,8
2029-10-01,4393,2084,Spain,Software,10
2029-10-01,3622,1226,Spain,Software,2
2029-10-01,17139,3081,United States,Hardware,16
2029-10-01,3975,1165,United Kingdom,Training,1
2029-10-01,6851,3039,Japan,Software,8
2029-10-01,1688,303,Japan,Training,3
2029-10-01,4948,1340,Japan,Training,9
2029-10-01,8065,3037,Japan,Software,7
2029-10-01,1508,407,United Kingdom,Training,4
2029-10-01,3936,1842,United States,Software,1
2029-10-01,10241,1265,United States,Hardware,13
2029-10-01,1840,451,France,Hardware,1
2029-10-01,9899,3339,United Kingdom,Training,15
2029-10-01,5608,1828,United Kingdom,Software,3
2029-10-01,4920,1051,United States,Training,3
2029-10-01,4172,702,Germany,Training,11
2029-10-01,1029,365,United States,Hardware,1
2029-10-01,7222,3462,United States,Software,7
2029-10-01,1658,334,Japan,Training,2
2029-10-01,4097,930,United States,Services,6
2029-10-01,15845,5570,France,Software,20
2029-10-01,6103,1289,France,Services,3
2029-10-01,12058,2908,Japan,Services,15
2029-10-01,12105,1790,Spain,Hardware,10
2029-10-01,7171,2111,United Kingdom,Training,8
2029-10-01,7987,3043,Germany,Software,13
2029-10-01,8498,2105,United States,Services,5
2029-10-01,8078,1498,United States,Hardware,10
2029-10-01,3111,690,Japan,Training,6
2029-10-01,5060,1569,United Kingdom,Training,1
2029-10-01,14877,4226,France,Hardware,21
2029-10-01,1076,211,Germany,Training,1
2029-10-01,2306,549,France,Training,5
2029-10-01,3602,720,United Kingdom,Services,3
2029-10-01,2249,612,France,Training,
2029-10-01,10335,1887,United States,Hardware,16
2029-10-01,1820,608,United States,Training,1
2029-10-01,7390,2654,Japan,Software,9
2029-10-01,5019,1709,United States,Services,4
2029-10-01,13335,1952,Japan,Hardware,13
2029-10-01,4745,908,United States,Hardware,9
2029-10-01,4325,1846,Germany,Services,4
2029-10-01,6987,1357,Spain,Training,11
2029-10-01,2827,1020,United Kingdom,Software,3
2029-10-01,12382,1542,Japan,Hardware,14
2029-10-01,3657,1641,United States,Software,4
2029-10-01,3639,1336,France,Services,1
2029-10-01,3219,1353,Japan,Software,9
2029-10-01,5337,1348,Germany,Services,4
2029-10-01,7642,2382,United States,Hardware,14
2029-10-01,6781,1597,Japan,Hardware,12
2029-10-01,9824,2004,Japan,Services,14
2029-10-01,1659,403,Germany,Training,1
2029-10-01,2350,195,United Kingdom,Training,5
2029-10-01,3691,995,United States,Training,10
2029-10-01,9306,3009,United States,Hardware,12
2029-10-01,4998,1704,Japan,Services,3
2029-10-01,25840,8328,Japan,Software,30
2029-10-01,5379,2360,United States,Software,5
2029-10-01,1980,606,France,Training,6
2029-10-01,1388,448,Spain,Training,2
2029-10-01,5199,1864,United Kingdom,Software,8
2029-10-01,2795,665,United States,Training,2
2029-10-01,5681,1600,United Kingdom,Hardware,2
2029-10-01,4584,1408,Germany,Training,7
2029-10-01,3762,1197,United States,Services,5
2029-10-01,9987,2426,Germany,Training,5
2029-10-01,11300,2793,France,Services,16
2029-10-01,4508,1199,Germany,Software,5
2029-10-01,3315,1207,United Kingdom,Training,1
2029-10-01,2271,963,Japan,Software,2
2029-10-01,1893,436,France,Training,1
2029-10-01,2793,922,Spain,Training,2
2029-10-01,18082,5935,United States,Services,19
2029-10-01,1550,302,Spain,Services,1
2029-10-01,4080,1336,United States,Services,3
2029-10-01,2318,570,France,Hardware,1
2029-10-01,9506,1907,Japan,Hardware,9
2029-10-01,4982,1463,United States,Training,7
2029-10-01,2858,1065,Spain,Services,1
2029-10-01,5097,1297,United Kingdom,Training,2
2029-10-01,3399,453,United Kingdom,Training,1
2029-10-01,8412,2582,Spain,Software,6
2029-10-01,5445,1763,United Kingdom,Services,7
2029-10-01,5500,2392,United States,Software,5
2029-10-01,8372,3298,United States,Software,17
2029-10-01,13652,6460,Japan,Software,9
2029-10-01,12814,2601,Spain,Hardware,12
2029-10-01,2901,835,United States,Training,1
2029-10-01,3123,846,Japan,Hardware,4
2029-10-01,5508,998,Spain,Hardware,4
2029-10-01,2745,837,Japan,Services,7
2029-10-01,4456,1600,Japan,Software,10
2029-10-01,5070,1403,France,Software,8
2029-10-01,2885,703,Japan,Services,2
2029-10-01,27994,7710,Japan,Hardware,36
2029-10-01,3484,1247,France,Training,10
2029-10-01,7841,3110,Germany,Software,9
2029-10-01,4539,1025,Japan,Training,7
2029-10-01,3639,735,United States,Hardware,4
2029-10-01,2059,451,United States,Services,1
2029-10-01,3363,882,Japan,Services,5
2029-10-01,12517,2768,Spain,Services,10
2029-10-01,12385,4933,Germany,Software,15
2029-10-01,7845,2376,United States,Services,16
2029-10-01,4923,343,United Kingdom,Hardware,10
2029-10-01,2990,668,Germany,Training,7
2029-10-01,10096,2624,United States,Hardware,6
2029-10-01,11229,5508,United States,Software,12
2029-10-01,7040,2459,Japan,Software,6
2029-10-01,2314,630,United Kingdom,Services,5
2029-10-01,6327,1388,United States,Software,9
2029-10-01,3002,884,Spain,Services,1
2029-10-01,3165,655,Germany,Services,5
2029-10-01,4095,1222,Germany,Services,5
2029-10-01,30183,4741,Germany,Hardware,30
2029-10-01,10698,1915,France,Hardware,11
2029-10-01,7370,1222,Japan,Hardware,14
2029-10-01,13379,3231,Japan,Software,15
2029-10-01,1800,312,Spain,Training,1
2029-10-01,4737,1209,Germany,Services,10
2029-10-01,3178,1088,United States,Software,4
2029-10-01,5769,2493,United States,Services,8
2029-10-01,2395,1061,Japan,Software,1
2029-10-01,2681,263,Japan,Training,5
2029-10-01,3386,660,France,Training,2
2029-10-01,3949,1825,Germany,Services,5
2029-10-01,5430,1924,France,Services,7
2029-10-01,18543,7521,Japan,Software,20
2029-10-01,7498,1752,Germany,Hardware,8
2029-10-01,2222,302,Spain,Training,1
2029-10-01,4513,2323,United States,Software,7
2029-10-01,4472,1409,United States,Services,4
2029-10-01,3984,1304,United States,Hardware,6
2029-10-01,10488,2460,Germany,Services,11
2029-10-01,13413,2997,Spain,Hardware,15
2029-10-01,1939,576,Japan,Services,6
2029-10-01,4254,987,United States,Training,3
2029-10-01,3559,1371,France,Services,7
2029-10-01,15510,6285,France,Software,13
2029-10-01,2119,730,Japan,Training,3
2029-10-01,1129,401,Japan,Training,1
2029-10-01,6327,2162,United Kingdom,Software,7
2029-10-01,10281,1986,Germany,Services,10
2029-10-01,9439,3556,France,Services,3
2029-10-01,10061,2307,Japan,Services,13
2029-10-01,2088,653,Japan,Training,2
2029-10-01,7307,2091,United States,Services,9
2029-10-01,15397,4200,France,Hardware,20
2029-10-01,10556,1417,Spain,Hardware,14
2029-10-01,10500,4070,Germany,Software,9
2029-10-01,16038,2216,United States,Hardware,15
2029-10-01,4934,1511,Japan,Services,9
2029-10-01,2465,472,United Kingdom,Training,4
2029-10-01,6773,2171,France,Software,3
2029-10-01,3307,948,Spain,Training,6
2029-10-01,11094,2706,Japan,Hardware,9
2029-10-01,3037,896,United States,Training,5
2029-10-01,13748,3640,Japan,Services,17
2029-10-01,7353,1974,United States,Services,6
2029-10-01,6461,1311,Spain,Hardware,3
2029-10-01,8019,2735,United Kingdom,Services,6
2029-10-01,1389,344,Japan,Training,1
2029-10-01,3897,1469,Germany,Services,1
2029-10-01,5209,1292,United States,Hardware,1
2029-10-01,5657,1726,United States,Hardware,2
2029-10-01,1449,556,Spain,Software,1
2029-10-01,9847,2597,France,Training,9
2029-10-01,8014,2198,Japan,Services,14
2029-10-01,6495,1919,Spain,Hardware,9
2029-10-01,1812,531,Japan,Training,9
2029-10-01,2862,569,France,Hardware,8
2029-10-01,9689,3494,Spain,Software,15
2029-10-01,9270,3882,United States,Software,5
2029-10-01,2756,474,Germany,Training,1
2029-10-01,7282,2356,Japan,Services,7
2029-10-01,2886,395,United States,Training,5
2029-10-01,5551,2544,Germany,Hardware,8
2029-10-01,9323,2978,Japan,Hardware,12
2029-10-01,3279,748,United States,Training,3
2029-10-01,6648,1582,Germany,Hardware,1
2029-10-01,4867,1931,United States,Software,4
2029-10-01,7155,1524,Germany,Hardware,4
2029-10-01,9576,3465,United States,Training,12
2029-10-01,17656,5897,Germany,Software,18
2029-10-01,1790,505,United States,Software,3
2029-10-01,9974,3325,United Kingdom,Software,11
2029-10-01,5267,1976,United States,Software,6
2029-10-01,3846,1068,Japan,Software,10
2029-10-01,5109,1613,United States,Hardware,6
2029-10-01,7299,2974,United Kingdom,Software,8
2029-10-01,21596,5988,United States,Software,24
2029-10-01,5451,765,France,Training,5
2029-10-01,14682,4717,United States,Hardware,19
2029-10-01,3712,1157,Germany,Services,8
2029-10-01,10359,1236,France,Hardware,1
2029-10-01,16289,3214,United States,Hardware,16
2029-10-01,39366,10443,Spain,Hardware,41
2029-10-01,6625,2125,France,Software,7
2029-10-01,3767,1223,Germany,Training,2
2029-10-01,3223,466,United Kingdom,Hardware,6
2029-10-01,5260,656,United States,Hardware,7
2029-10-01,5852,898,Germany,Hardware,5
2029-10-01,3802,1489,Japan,Services,4
2029-10-01,2669,870,Germany,Training,4
2029-10-01,9306,2708,Japan,Software,6
2029-10-01,13140,2963,United States,Services,17
2029-10-01,8544,3524,France,Software,7
2029-10-01,5623,1194,United States,Services,4
2029-10-01,4738,1156,Germany,Hardware,6
2029-10-01,6620,1635,Japan,Services,9
2029-10-01,7772,2606,France,Services,9
2029-10-01,3970,1940,Germany,Software,4
2029-10-01,70729,19623,United States,Hardware,78
2029-10-01,6156,1038,United Kingdom,Hardware,4
2029-10-01,19489,4406,Japan,Hardware,13
2029-10-01,1571,375,Germany,Training,3
2029-10-01,2478,1159,France,Software,1
2029-10-01,8869,2081,Japan,Training,7
2029-10-01,1804,620,United States,Services,1
2029-10-01,2165,321,France,Hardware,1
2029-10-01,4965,834,United States,Hardware,6
2029-10-01,2743,542,Germany,Training,1
2029-10-01,9411,3867,United States,Software,14
2029-10-01,6143,1109,Japan,Software,14
2029-10-01,4005,652,France,Services,3
2029-10-01,3758,909,France,Services,3
2029-10-01,8532,3509,Spain,Software,10
2029-10-01,12510,4233,France,Hardware,17
2029-10-01,6073,1579,United States,Services,1
2029-10-01,6429,2993,Germany,Services,1
2029-10-01,65442,21222,France,Hardware,77
2029-10-01,1331,390,United States,Training,1
2029-10-01,6949,1808,Spain,Software,10
2029-10-01,9955,2208,United Kingdom,Hardware,13
2029-10-01,4959,1401,France,Services,10
2029-10-01,5153,1432,Germany,Training,13
2029-10-01,991,207,Japan,Training,2
2029-10-01,6743,1740,United Kingdom,Services,1
2029-10-01,9022,2702,United Kingdom,Hardware,11
2029-10-01,3281,1322,United States,Services,5
2029-10-01,4695,1404,United States,Services,3
2029-10-01,5208,1563,Japan,Services,3
2029-10-01,4332,832,Germany,Hardware,5
2029-10-01,2002,491,United States,Training,1
2029-10-01,10158,4120,United States,Software,11
2029-10-01,1738,501,Japan,Training,5
2029-10-01,5273,950,Germany,Hardware,7
2029-10-01,4701,1856,United Kingdom,Services,8
2029-10-01,8354,1846,Germany,Training,9
2029-10-01,7509,1169,Germany,Hardware,9
2029-10-01,8126,2541,Spain,Training,8
2029-10-01,6804,3115,United States,Software,9
2029-10-01,17639,2831,United States,Hardware,23
2029-10-01,3048,584,Japan,Training,7
2029-10-01,3421,972,Germany,Training,6
2029-10-01,4423,1670,France,Training,7
2029-10-01,15917,3180,Spain,Software,15
2029-10-01,3611,647,Germany,Services,4
2029-10-01,2904,1338,Spain,Services,4
2029-10-01,5540,1536,Germany,Services,5
2029-10-01,5133,1567,United States,Software,9
2029-10-01,3608,1436,Japan,Services,4
2029-10-01,10372,2319,United Kingdom,Hardware,12
2029-10-01,3512,965,Japan,Training,8
2029-10-01,7176,1376,Germany,Hardware,
2029-10-01,14994,1776,Spain,Hardware,15
2029-10-01,7189,1551,Spain,Hardware,9
2029-10-01,11495,4455,United States,Software,15
2029-10-01,4870,487,United States,Hardware,5
2029-10-01,7972,2849,Germany,Software,14
2029-10-01,6684,1411,United States,Training,6
2029-10-01,3873,1097,United Kingdom,Training,9
2029-10-01,1433,304,Japan,Training,1
2029-10-01,2650,883,Germany,Training,6
2029-10-01,1444,372,United States,Services,1
2029-10-01,4022,1127,Spain,Training,3
2029-10-01,1340,450,Japan,Software,3
2029-10-01,11372,4090,Spain,Services,16
2029-10-01,4881,1185,France,Training,3
2029-10-01,5555,789,France,Hardware,2
2029-10-01,4371,795,Spain,Training,8
2029-10-01,6724,1894,United States,Services,10
2029-10-01,3167,781,Germany,Training,10
2029-10-01,5417,2278,United States,Services,10
2029-10-01,9901,3594,Germany,Services,11
2029-10-01,6184,1256,United States,Software,8
2029-10-01,31595,6886,Spain,Hardware,34
2029-10-01,2837,615,Germany,Training,4
2029-10-01,10384,2947,United Kingdom,Services,9
2029-10-01,3166,919,Spain,Services,1
2029-10-01,2929,858,Japan,Hardware,8
2029-11-01,3404,1053,United States,Services,6
2029-11-01,11569,2092,United States,Hardware,13
2029-11-01,3598,1093,Spain,Services,1
2029-11-01,3413,886,United Kingdom,Hardware,2
2029-11-01,4358,1459,France,Software,6
2029-11-01,2959,819,France,Services,4
2029-11-01,1505,295,Spain,Training,6
2029-11-01,6215,1829,Japan,Services,5
2029-11-01,9096,4034,United States,Software,13
2029-11-01,1549,474,Germany,Services,8
2029-11-01,11109,3868,Spain,Hardware,12
2029-11-01,15246,2579,Spain,Hardware,16
2029-11-01,2394,861,France,Services,3
2029-11-01,5585,1783,Germany,Software,6
2029-11-01,8802,2939,Japan,Software,15
2029-11-01,14722,1697,France,Hardware,12
2029-11-01,2775,676,United States,Training,8
2029-11-01,4626,1397,United Kingdom,Training,5
2029-11-01,15032,5375,Japan,Hardware,17
2029-11-01,1857,401,Germany,Training,1
2029-11-01,5194,1834,Spain,Software,3
2029-11-01,2272,574,Germany,Training,2
2029-11-01,8683,1738,United Kingdom,Hardware,14
2029-11-01,9670,1286,France,Hardware,11
2029-11-01,5073,1555,Germany,Software,5
2029-11-01,2791,909,United States,Training,7
2029-11-01,2345,793,United Kingdom,Training,1
2029-11-01,15513,6165,United States,Services,19
2029-11-01,4789,872,Japan,Hardware,4
2029-11-01,8099,2024,France,Services,14
2029-11-01,11534,2863,Germany,Services,19
2029-11-01,3750,1098,Spain,Training,6
2029-11-01,2868,692,Germany,Hardware,8
2029-11-01,1202,333,Japan,Training,1
2029-11-01,1846,608,United Kingdom,Training,1
2029-11-01,4900,1896,United States,Software,3
2029-11-01,8840,3415,Spain,Software,13
2029-11-01,3076,1021,United States,Services,3
2029-11-01,2913,470,United Kingdom,Hardware,6
2029-11-01,2005,420,Germany,Training,1
2029-11-01,5379,758,Spain,Hardware,3
2029-11-01,11831,5122,United Kingdom,Software,14
2029-11-01,5962,2754,Germany,Software,7
2029-11-01,6117,1402,Japan,Training,6
2029-11-01,1076,427,Spain,Services,1
2029-11-01,5135,2019,United Kingdom,Services,5
2029-11-01,1768,522,United States,Services,1
2029-11-01,5256,1280,Germany,Services,7
2029-11-01,11811,3181,Germany,Hardware,10
2029-11-01,4899,1801,France,Services,6
2029-11-01,11207,3650,United Kingdom,Software,11
2029-11-01,3406,942,United States,Training,5
2029-11-01,4555,477,Japan,Hardware,1
2029-11-01,1494,405,United States,Training,4
2029-11-01,11133,3194,United States,Hardware,14
2029-11-01,9650,1785,Japan,Services,7
2029-11-01,17246,2200,Spain,Hardware,16
2029-11-01,5901,973,France,Hardware,8
2029-11-01,14437,4336,Germany,Hardware,15
2029-11-01,6366,2296,United States,Software,9
2029-11-01,8292,3217,Japan,Software,7
2029-11-01,4653,1114,United States,Services,3
2029-11-01,5229,684,France,Hardware,1
2029-11-01,5751,1572,Germany,Hardware,5
2029-11-01,6571,1296,United States,Training,7
2029-11-01,1674,203,United States,Training,1
2029-11-01,2769,1018,United States,Software,1
2029-11-01,1940,591,Spain,Training,1
2029-11-01,5987,1345,Germany,Services,11
2029-11-01,5563,1443,France,Training,8
2029-11-01,1173,314,United States,Services,1
2029-11-01,5075,1943,France,Software,7
2029-11-01,9266,2540,France,Services,9
2029-11-01,4820,1541,France,Software,2
2029-11-01,1810,554,Japan,Training,1
2029-11-01,5851,2272,Germany,Training,10
2029-11-01,12618,2096,Germany,Hardware,10
2029-11-01,6744,2190,United States,Training,2
2029-11-01,4224,1596,France,Services,5
2029-11-01,2694,930,United States,Services,4
2029-11-01,9348,1674,United States,Hardware,7
2029-11-01,5300,1385,Germany,Training,11
2029-11-01,7738,1432,United Kingdom,Hardware,7
2029-11-01,5233,1574,Germany,Training,4
2029-11-01,3588,980,France,Services,5
2029-11-01,9931,2304,Germany,Hardware,12
2029-11-01,17815,2718,Germany,Hardware,24
2029-11-01,2254,458,United States,Training,1
2029-11-01,1950,732,United States,Services,1
2029-11-01,5458,1367,France,Software,6
2029-11-01,2543,1159,Japan,Software,
2029-11-01,5041,1569,Spain,Services,6
2029-11-01,6307,2182,Japan,Services,7
2029-11-01,2578,915,France,Training,3
2029-11-01,10177,3217,France,Software,10
2029-11-01,2427,807,United States,Services,1
2029-11-01,3404,1049,United States,Services,13
2029-11-01,5526,1358,Spain,Training,2
2029-11-01,11631,6110,France,Software,11
2029-11-01,6160,1433,Germany,Training,5
2029-11-01,8297,2902,Japan,Software,8
2029-11-01,4898,953,United States,Hardware,7
2029-11-01,4839,538,Germany,Hardware,7
2029-11-01,11049,4211,Germany,Training,9
2029-11-01,8342,1241,France,Hardware,9
2029-11-01,10715,3596,United States,Services,13
2029-11-01,4504,1644,Germany,Software,2
2029-11-01,16076,3605,France,Software,15
2029-11-01,921,297,Germany,Training,5
2029-11-01,1758,680,Spain,Training,3
2029-11-01,3716,636,Germany,Services,4
2029-11-01,10560,1977,Germany,Hardware,9
2029-11-01,4515,1423,Spain,Hardware,10
2029-11-01,12545,2589,United States,Hardware,16
2029-11-01,7659,2430,United Kingdom,Services,9
2029-11-01,4443,797,United States,Hardware,9
2029-11-01,10500,3901,France,Software,12
2029-11-01,2886,1051,United States,Training,9
2029-11-01,2296,543,United States,Hardware,1
2029-11-01,5138,1360,United States,Training,6
2029-11-01,9309,1004,Germany,Hardware,11
2029-11-01,2818,847,France,Services,1
2029-11-01,7930,2181,Japan,Services,12
2029-11-01,4573,665,France,Hardware,5
2029-11-01,4883,1980,France,Services,2
2029-11-01,19864,9364,France,Software,17
2029-11-01,10259,3883,France,Software,7
2029-11-01,4936,1833,United States,Services,6
2029-11-01,2375,652,United States,Software,1
2029-11-01,4294,1020,United Kingdom,Training,5
2029-11-01,5617,692,United Kingdom,Hardware,9
2029-11-01,2285,659,United States,Training,3
2029-11-01,3447,972,Japan,Training,4
2029-11-01,13684,4266,Japan,Services,13
2029-11-01,3321,1242,United Kingdom,Services,5
2029-11-01,2297,566,Germany,Training,1
2029-11-01,3117,1085,Germany,Software,4
2029-11-01,3874,735,United Kingdom,Hardware,5
2029-11-01,5227,1110,Germany,Hardware,7
2029-11-01,8197,3611,Germany,Software,12
2029-11-01,4057,856,Germany,Hardware,4
2029-11-01,7349,3022,United States,Software,11
2029-11-01,2457,625,Japan,Services,2
2029-11-01,10948,2737,France,Hardware,14
2029-11-01,11181,2140,United States,Training,15
2029-11-01,12917,4649,France,Software,15
2029-11-01,5305,1177,France,Services,9
2029-11-01,3895,1111,France,Training,1
2029-11-01,8170,3368,Spain,Software,7
2029-11-01,2120,580,Japan,Training,7
2029-11-01,5225,1168,United States,Software,9
2029-11-01,5335,911,United States,Training,6
2029-11-01,9187,3144,Spain,Services,12
2029-11-01,7675,1423,United States,Hardware,10
2029-11-01,9552,2674,Spain,Hardware,13
2029-11-01,11138,2100,Spain,Hardware,8
2029-11-01,7064,1730,France,Software,9
2029-11-01,1810,339,United States,Training,7
2029-11-01,4919,2579,Japan,Software,7
2029-11-01,606,149,United States,Training,2
2029-11-01,6090,1373,United States,Hardware,9
2029-11-01,6149,3301,United States,Software,7
2029-11-01,13311,3818,Germany,Services,7
2029-11-01,903,208,France,Training,1
2029-11-01,3676,526,Germany,Training,4
2029-11-01,4560,839,United States,Hardware,4
2029-11-01,7452,3128,United Kingdom,Software,3
2029-11-01,4799,1475,United States,Training,11
2029-11-01,1459,482,Japan,Software,3
2029-11-01,4177,1518,Japan,Software,3
2029-11-01,12677,3419,United States,Training,11
2029-11-01,5605,1481,Spain,Services,4
2029-11-01,3546,1073,United States,Training,6
2029-11-01,6568,3585,Germany,Software,10
2029-11-01,2595,1007,United States,Software,6
2029-11-01,8843,2222,Germany,Hardware,11
2029-11-01,3198,531,Spain,Training,6
2029-11-01,6688,3020,United States,Software,9
2029-11-01,5159,2338,Spain,Software,11
2029-11-01,3845,1347,Germany,Training,6
2029-11-01,8632,2612,Japan,Services,12
2029-11-01,3521,1328,France,Services,1
2029-11-01,4107,927,Germany,Hardware,3
2029-11-01,11037,2325,United States,Hardware,14
2029-11-01,2624,683,France,Services,1
2029-11-01,8948,1854,United Kingdom,Hardware,7
2029-11-01,4091,1234,United States,Training,2
2029-11-01,2592,889,Germany,Software,3
2029-11-01,4158,1619,United States,Software,8
2029-11-01,5844,1326,United Kingdom,Hardware,6
2029-11-01,4635,1208,Spain,Training,4
2029-11-01,24190,5682,Spain,Hardware,25
2029-11-01,6908,2153,Germany,Software,7
2029-11-01,3776,1720,Japan,Software,6
2029-11-01,3840,1033,Japan,Training,2
2029-11-01,4863,900,Japan,Services,5
2029-11-01,6396,2007,Germany,Hardware,11
2029-11-01,5264,2026,United States,Services,4
2029-11-01,8789,1447,United Kingdom,Hardware,6
2029-11-01,4040,774,United Kingdom,Services,3
2029-11-01,5116,1031,Japan,Hardware,6
2029-11-01,2479,976,Japan,Software,2
2029-11-01,1580,376,Japan,Training,1
2029-11-01,1117,226,United Kingdom,Services,6
2029-11-01,3126,801,Japan,Training,6
2029-11-01,5876,1222,United Kingdom,Training,9
2029-11-01,3719,853,Spain,Training,1
2029-11-01,2910,1214,France,Software,6
2029-11-01,2588,1198,France,Software,2
2029-11-01,12128,5553,Japan,Software,12
2029-11-01,3129,1190,Japan,Services,9
2029-11-01,2408,467,France,Training,6
2029-11-01,5612,1462,Japan,Services,2
2029-11-01,4193,1180,France,Training,2
2029-11-01,6365,1114,Japan,Training,9
2029-11-01,22923,3168,France,Hardware,27
2029-11-01,3511,1289,Germany,Software,7
2029-11-01,5832,1494,United States,Training,7
2029-11-01,4372,1134,Germany,Services,4
2029-11-01,8605,2374,France,Hardware,18
2029-11-01,7289,2214,France,Services,12
2029-11-01,12033,2183,France,Services,11
2029-11-01,4243,1502,France,Software,15
2029-11-01,2266,627,Spain,Training,6
2029-11-01,6655,779,Spain,Hardware,7
2029-11-01,7541,1922,France,Training,13
2029-11-01,3175,973,France,Training,1
2029-11-01,6888,2576,Japan,Services,7
2029-11-01,31662,12472,Germany,Software,35
2029-11-01,3463,1283,United States,Software,4
2029-11-01,5905,2293,Spain,Software,8
2029-11-01,1344,425,France,Software,1
2029-11-01,7485,2345,United States,Software,11
2029-11-01,4234,1262,United States,Training,6
2029-11-01,3655,1382,Germany,Software,8
2029-11-01,7027,1377,Spain,Hardware,2
2029-11-01,3899,378,Spain,Hardware,4
2029-11-01,2763,816,United Kingdom,Training,3
2029-11-01,1455,338,Germany,Training,5
2029-11-01,5904,2292,United Kingdom,Software,9
2029-11-01,16057,4184,United States,Hardware,17
2029-11-01,4481,1603,Germany,Software,7
2029-11-01,7254,1482,Japan,Hardware,6
2029-11-01,21408,5295,United States,Hardware,22
2029-11-01,3351,849,Germany,Training,7
2029-11-01,14063,2087,Germany,Hardware,11
2029-11-01,8306,1882,United States,Training,8
2029-11-01,3388,618,United States,Training,5
2029-11-01,2154,768,United States,Software,1
2029-11-01,37977,6692,United States,Hardware,42
2029-11-01,12013,4657,United States,Software,15
2029-11-01,2373,769,France,Software,2
2029-11-01,4005,1623,Germany,Software,1
2029-11-01,2352,645,United States,Software,3
2029-11-01,5212,1125,Spain,Hardware,1
2029-11-01,4886,2295,Japan,Software,6
2029-11-01,4356,1442,United Kingdom,Services,4
2029-11-01,3469,857,United States,Training,4
2029-11-01,2480,921,France,Services,1
2029-11-01,12858,2623,United Kingdom,Hardware,14
2029-11-01,8917,2600,France,Software,7
2029-11-01,4534,382,Germany,Training,3
2029-11-01,1736,453,United States,Training,2
2029-11-01,3946,1610,France,Software,4
2029-11-01,7951,1022,United Kingdom,Hardware,8
2029-11-01,717,236,Japan,Training,1
2029-11-01,6850,2677,United States,Training,3
2029-11-01,8428,3530,United States,Software,6
2029-11-01,12792,3141,United States,Services,19
2029-11-01,4451,1448,United Kingdom,Services,9
2029-11-01,5802,1119,France,Hardware,6
2029-11-01,8666,2667,United Kingdom,Hardware,15
2029-11-01,2336,489,United States,Training,3
2029-11-01,11968,2910,Spain,Hardware,15
2029-11-01,10865,4058,Japan,Software,9
2029-11-01,1687,547,United Kingdom,Services,3
2029-11-01,3997,1717,Germany,Software,7
2029-11-01,4795,1396,Germany,Services,4
2029-11-01,16896,6094,United Kingdom,Software,15
2029-11-01,3784,1129,United Kingdom,Services,5
2029-11-01,8655,3066,United States,Services,16
2029-11-01,5545,2051,United States,Software,2
2029-11-01,2067,103,United States,Training,1
2029-11-01,4099,1304,United States,Services,1
2029-11-01,8317,3128,France,Software,14
2029-11-01,2476,434,United States,Training,6
2029-11-01,8333,3653,Japan,Software,10
2029-11-01,5052,1465,France,Services,11
2029-11-01,4088,978,United States,Hardware,1
2029-11-01,4226,1353,Japan,Software,4
2029-11-01,3297,1077,Japan,Training,4
2029-11-01,14983,3153,Japan,Hardware,16
2029-11-01,4482,772,Japan,Hardware,6
2029-11-01,4242,833,Germany,Hardware,3
2029-11-01,4016,1464,United States,Software,9
2029-11-01,9395,802,Japan,Hardware,14
2029-11-01,4514,1378,United States,Training,8
2029-11-01,2528,841,France,Training,1
2029-11-01,2689,891,United States,Software,1
2029-11-01,25690,2613,Spain,Hardware,34
2029-11-01,3942,1228,Germany,Training,8
2029-11-01,3244,615,United States,Training,1
2029-11-01,6489,555,Germany,Hardware,11
2029-11-01,3452,1075,United Kingdom,Services,2
2029-11-01,7875,2388,France,Services,10
2029-11-01,9071,1961,Germany,Services,10
2029-11-01,3487,868,United States,Services,7
2029-11-01,2609,548,France,Training,7
2029-11-01,1501,435,Spain,Training,1
2029-11-01,10013,2216,United States,Hardware,11
2029-11-01,8385,1791,United States,Hardware,10
2029-11-01,10716,244,Germany,Hardware,13
2029-11-01,7893,2663,United States,Services,8
2029-11-01,3980,1321,Spain,Services,1
2029-11-01,3448,842,France,Services,9
2029-11-01,9544,1684,United States,Hardware,15
2029-11-01,6096,1252,United States,Hardware,2
2029-11-01,1579,500,France,Training,1
2029-11-01,9025,2677,Japan,Services,11
2029-11-01,13072,3842,United Kingdom,Services,7
2029-11-01,2794,696,Spain,Training,8
2029-11-01,12947,5030,Japan,Software,17
2029-11-01,4761,580,United States,Hardware,7
2029-11-01,1934,591,Germany,Training,9
2029-11-01,4995,2053,United Kingdom,Software,6
2029-11-01,6838,2097,United Kingdom,Training,8
2029-11-01,2735,976,United States,Services,3
2029-11-01,4354,1134,Japan,Hardware,10
2029-11-01,4783,1006,Japan,Training,9
2029-11-01,8104,3194,United States,Software,7
2029-11-01,659,87,France,Training,1
2029-11-01,3956,1659,Spain,Software,4
2029-11-01,4754,1737,United Kingdom,Services,7
2029-11-01,5441,1352,United Kingdom,Services,8
2029-11-01,7868,1320,Japan,Hardware,6
2029-11-01,1955,617,Germany,Services,2
2029-11-01,4862,1462,United States,Services,4
2029-11-01,3102,1410,Germany,Services,3
2029-11-01,18457,6551,United States,Software,20
2029-11-01,2595,560,United Kingdom,Services,1
2029-11-01,7245,2048,United States,Hardware,9
2029-11-01,9227,2234,United States,Services,11
2029-11-01,1361,210,United States,Training,5
2029-11-01,2612,760,United States,Software,1
2029-11-01,5613,1863,Germany,Services,7
2029-11-01,2891,909,France,Services,3
2029-11-01,12422,4376,United Kingdom,Software,14
2029-11-01,10846,4269,Germany,Software,14
2029-11-01,3314,1272,Spain,Software,4
2029-11-01,5113,1710,France,Services,11
2029-11-01,6541,2592,Japan,Software,5
2029-11-01,12188,4165,United States,Software,16
2029-11-01,9755,2182,United States,Services,11
2029-11-01,2244,907,Japan,Services,4
2029-11-01,9959,2029,United States,Hardware,11
2029-11-01,4563,1927,United States,Software,6
2029-11-01,3637,950,France,Training,3
2029-11-01,1592,222,France,Training,4
2029-11-01,5745,2440,Japan,Services,3
2029-11-01,3231,756,United States,Training,3
2029-11-01,3059,970,Japan,Services,9
2029-11-01,12380,3160,Spain,Services,11
2029-11-01,4557,2039,United States,Software,2
2029-11-01,1718,252,Japan,Training,8
2029-11-01,14206,4989,Germany,Software,16
2029-11-01,5989,2370,United States,Software,12
2029-11-01,5240,1682,France,Hardware,10
2029-11-01,8890,3838,United States,Services,11
2029-11-01,3241,810,France,Software,2
2029-11-01,3700,814,Japan,Hardware,1
2029-11-01,992,488,Japan,Software,1
2029-11-01,1120,301,United States,Services,2
2029-11-01,4600,1103,Japan,Hardware,5
2029-11-01,5725,2482,United States,Software,7
2029-11-01,1365,384,United Kingdom,Training,1
2029-11-01,6680,1433,Japan,Hardware,14
2029-11-01,5380,1960,United States,Training,7
2029-11-01,3084,899,France,Training,1
2029-11-01,2716,735,Spain,Training,3
2029-11-01,4985,1458,Spain,Software,1
2029-11-01,5130,1436,United States,Training,5
2029-11-01,18429,4941,Japan,Software,20
2029-11-01,15008,3383,France,Hardware,15
2029-11-01,12173,3823,United Kingdom,Software,15
2029-11-01,3343,783,United States,Services,5
2029-11-01,2539,1203,Spain,Software,1
2029-11-01,4106,1397,Spain,Services,8
2029-11-01,6248,1411,France,Hardware,8
2029-11-01,1971,625,Germany,Services,1
2029-11-01,7101,1017,France,Services,5
2029-11-01,8894,1440,United States,Hardware,15
2029-11-01,12303,1755,Spain,Hardware,11
2029-11-01,21076,5251,Japan,Hardware,22
2029-11-01,1301,377,France,Training,7
2029-11-01,4733,1865,Germany,Training,13
2029-11-01,4419,1939,Spain,Software,11
2029-11-01,3856,438,United States,Training,4
2029-11-01,10288,2673,Japan,Hardware,12
2029-11-01,613,149,France,Services,2
2029-11-01,4838,2029,Spain,Software,1
2029-12-01,3245,1136,United States,Software,5
2029-12-01,3566,1164,France,Services,1
2029-12-01,9898,1511,Spain,Hardware,9
2029-12-01,12689,5737,Spain,Software,18
2029-12-01,2332,319,Japan,Training,1
2029-12-01,3328,1299,United States,Training,2
2029-12-01,9707,3769,France,Software,16
2029-12-01,7303,1705,Spain,Hardware,7
2029-12-01,3340,1183,Germany,Training,3
2029-12-01,11061,2207,Germany,Hardware,15
2029-12-01,2252,414,United States,Training,1
2029-12-01,1054,187,United States,Training,5
2029-12-01,5788,168,Germany,Training,6
2029-12-01,1260,408,Japan,Training,1
2029-12-01,3477,1613,United States,Software,4
2029-12-01,1856,573,Spain,Training,1
2029-12-01,4506,1277,Japan,Training,4
2029-12-01,3501,1336,Germany,Software,1
2029-12-01,3842,946,United States,Training,5
2029-12-01,5372,1212,Germany,Training,8
2029-12-01,7306,1829,Germany,Hardware,12
2029-12-01,12320,4807,France,Software,19
2029-12-01,5883,2236,Spain,Software,
2029-12-01,5721,1543,France,Services,11
2029-12-01,9477,3560,Japan,Software,10
2029-12-01,4322,1079,France,Training,1
2029-12-01,2716,1067,United States,Services,1
2029-12-01,4332,1254,United States,Services,11
2029-12-01,1673,641,Spain,Services,1
2029-12-01,1194,271,Germany,Training,3
2029-12-01,6254,1783,United States,Training,6
2029-12-01,1336,359,Japan,Training,5
2029-12-01,2923,968,United Kingdom,Training,1
2029-12-01,3371,886,France,Hardware,1
2029-12-01,8204,2371,France,Services,6
2029-12-01,5727,1244,United States,Services,7
2029-12-01,3008,840,United States,Software,8
2029-12-01,11982,3780,Germany,Hardware,12
2029-12-01,4947,965,United Kingdom,Hardware,
2029-12-01,1691,157,Germany,Training,3
2029-12-01,4625,1237,Japan,Training,6
2029-12-01,5025,1542,France,Software,2
2029-12-01,4915,1217,France,Services,4
2029-12-01,4517,920,Spain,Services,9
2029-12-01,32242,7746,Japan,Hardware,33
2029-12-01,2296,613,Germany,Training,7
2029-12-01,5204,1393,Japan,Hardware,4
2029-12-01,4593,1580,Japan,Training,1
2029-12-01,3817,1048,Spain,Services,7
2029-12-01,10035,2212,France,Hardware,12
2029-12-01,4696,1599,Germany,Software,7
2029-12-01,5707,1268,Germany,Hardware,12
2029-12-01,1364,463,Japan,Services,1
2029-12-01,18187,3141,United States,Hardware,19
2029-12-01,3895,1116,United Kingdom,Hardware,6
2029-12-01,8836,1887,Japan,Hardware,12
2029-12-01,6912,2311,France,Training,6
2029-12-01,5916,1592,Japan,Services,13
2029-12-01,5291,1117,Germany,Hardware,10
2029-12-01,10548,2273,France,Services,11
2029-12-01,7130,3383,United States,Software,6
2029-12-01,4922,2279,Japan,Software,3
2029-12-01,1929,127,Germany,Training,2
2029-12-01,13675,2873,Germany,Hardware,20
2029-12-01,3276,677,Spain,Hardware,1
2029-12-01,3180,1097,France,Services,5
2029-12-01,3847,1049,United States,Training,1
2029-12-01,3124,630,United Kingdom,Services,3
2029-12-01,2669,654,France,Training,7
2029-12-01,21642,3173,United States,Hardware,28
2029-12-01,26605,7682,France,Hardware,27
2029-12-01,1177,329,Spain,Training,2
2029-12-01,3385,606,United States,Hardware,5
2029-12-01,2549,555,United States,Training,5
2029-12-01,5344,1745,France,Services,3
2029-12-01,5460,1258,Germany,Services,5
2029-12-01,9589,4021,United States,Software,8
2029-12-01,2106,771,Japan,Hardware,9
2029-12-01,5513,1161,United States,Hardware,4
2029-12-01,5510,1380,United States,Hardware,1
2029-12-01,15686,4435,United Kingdom,Software,18
2029-12-01,6375,1125,France,Hardware,5
2029-12-01,5952,1007,United States,Hardware,5
2029-12-01,1142,228,United States,Services,1
2029-12-01,2841,1134,Japan,Services,1
2029-12-01,954,270,France,Training,4
2029-12-01,8163,1519,United States,Hardware,9
2029-12-01,6208,1567,Japan,Services,6
2029-12-01,2593,1052,Spain,Training,1
2029-12-01,9159,2225,France,Services,5
2029-12-01,4145,1189,Japan,Software,8
2029-12-01,2326,404,France,Training,1
2029-12-01,5391,1757,Spain,Hardware,2
2029-12-01,5617,2068,Japan,Software,8
2029-12-01,5167,1560,Spain,Software,12
2029-12-01,10478,3134,United Kingdom,Hardware,6
2029-12-01,9639,2788,Spain,Hardware,8
2029-12-01,8202,2469,France,Software,14
2029-12-01,4851,2201,France,Services,7
2029-12-01,9415,2447,France,Services,11
2029-12-01,13768,4925,Spain,Software,13
2029-12-01,2559,744,United States,Training,5
2029-12-01,1305,379,United Kingdom,Software,1
2029-12-01,864,241,United States,Services,6
2029-12-01,5119,1548,United Kingdom,Hardware,6
2029-12-01,1506,391,Japan,Services,1
2029-12-01,18977,4678,United States,Services,21
2029-12-01,4538,2237,United States,Software,7
2029-12-01,2370,198,France,Hardware,1
2029-12-01,5603,2214,United Kingdom,Software,11
2029-12-01,1933,236,United States,Training,1
2029-12-01,22119,8223,France,Hardware,26
2029-12-01,7646,2133,Germany,Services,14
2029-12-01,5088,1977,Germany,Software,3
2029-12-01,12200,5101,United States,Software,13
2029-12-01,7873,1671,United States,Services,7
2029-12-01,4758,1920,France,Software,3
2029-12-01,1953,722,United States,Training,9
2029-12-01,20717,3825,Spain,Hardware,18
2029-12-01,5393,1885,France,Services,6
2029-12-01,3822,1450,United States,Training,2
2029-12-01,2756,1119,Spain,Software,1
2029-12-01,1394,362,United States,Training,5
2029-12-01,5760,1811,France,Software,4
2029-12-01,3428,1070,Germany,Hardware,6
2029-12-01,8719,1798,Germany,Hardware,10
2029-12-01,16423,5708,Germany,Software,
2029-12-01,6814,1963,Germany,Services,5
2029-12-01,5238,1163,United States,Hardware,6
2029-12-01,15648,2115,United States,Hardware,22
2029-12-01,1913,781,United States,Software,1
2029-12-01,31814,7089,France,Hardware,34
2029-12-01,3334,930,France,Services,1
2029-12-01,1962,788,France,Training,2
2029-12-01,2120,923,United Kingdom,Software,1
2029-12-01,10476,1561,Germany,Hardware,10
2029-12-01,15888,4788,United Kingdom,Hardware,12
2029-12-01,1596,654,United States,Training,5
2029-12-01,9711,3624,United Kingdom,Software,11
2029-12-01,1041,332,Germany,Training,1
2029-12-01,4224,876,United States,Training,9
2029-12-01,5847,2013,Japan,Training,7
2029-12-01,1990,522,France,Services,1
2029-12-01,4805,1350,United States,Hardware,7
2029-12-01,13443,5145,United States,Software,11
2029-12-01,2214,649,Japan,Software,4
2029-12-01,5298,2550,United States,Software,5
2029-12-01,6994,1594,Germany,Training,9
2029-12-01,3573,1238,United States,Services,6
2029-12-01,14559,3440,United States,Software,15
2029-12-01,3486,976,Spain,Services,9
2029-12-01,7894,3288,Germany,Software,8
2029-12-01,8454,2302,United Kingdom,Services,9
2029-12-01,4087,1637,United States,Software,8
2029-12-01,1818,359,France,Training,2
2029-12-01,5034,1775,France,Services,7
2029-12-01,1834,646,United States,Training,7
2029-12-01,7892,1902,United States,Hardware,7
2029-12-01,2509,884,Spain,Training,6
2029-12-01,27218,10061,France,Services,35
2029-12-01,4865,1641,United States,Services,6
2029-12-01,9861,1728,Germany,Hardware,11
2029-12-01,3135,629,United Kingdom,Training,4
2029-12-01,1961,612,United States,Training,2
2029-12-01,9569,2803,Spain,Services,17
2029-12-01,11094,4712,France,Software,10
2029-12-01,12239,2222,France,Hardware,10
2029-12-01,4475,1494,Japan,Services,7
2029-12-01,9334,2896,United States,Services,5
2029-12-01,6627,2911,Japan,Software,12
2029-12-01,8133,2780,Germany,Hardware,10
2029-12-01,3704,1045,Spain,Training,1
2029-12-01,6072,1878,Japan,Hardware,7
2029-12-01,3403,904,United States,Training,3
2029-12-01,4038,866,United States,Training,2
2029-12-01,3772,1452,Germany,Software,8
2029-12-01,1820,549,United States,Training,2
2029-12-01,1532,422,Germany,Training,1
2029-12-01,3932,1757,Germany,Services,3
2029-12-01,7991,3332,United States,Software,5
2029-12-01,10093,3441,Spain,Services,5
2029-12-01,28776,7842,France,Hardware,34
2029-12-01,7816,2667,Germany,Software,12
2029-12-01,10784,2504,Spain,Hardware,9
2029-12-01,14174,5648,Japan,Software,21
2029-12-01,2666,1054,Spain,Services,1
2029-12-01,7458,1857,Germany,Services,7
2029-12-01,7397,1889,United States,Hardware,8
2029-12-01,8873,3186,France,Services,9
2029-12-01,3699,1212,United States,Training,2
2029-12-01,11778,3596,United States,Software,13
2029-12-01,6361,2048,United States,Training,6
2029-12-01,1967,299,Spain,Training,5
2029-12-01,4559,471,France,Hardware,7
2029-12-01,5618,991,Germany,Hardware,5
2029-12-01,3571,1090,United States,Services,1
2029-12-01,1172,276,United States,Services,1
2029-12-01,3754,957,Japan,Hardware,8
2029-12-01,9157,3661,Germany,Software,11
2029-12-01,3414,1512,United States,Software,3
2029-12-01,3217,377,Germany,Training,3
2029-12-01,6424,1335,France,Training,6
2029-12-01,7154,1903,Spain,Hardware,12
2029-12-01,1125,465,Germany,Training,1
2029-12-01,2642,754,France,Services,1
2029-12-01,5421,2266,Japan,Software,6
2029-12-01,3308,915,France,Training,4
2029-12-01,8252,2391,France,Services,10
2029-12-01,2494,592,United States,Training,8
2029-12-01,21049,6198,Germany,Hardware,23
2029-12-01,17061,4500,Germany,Hardware,23
2029-12-01,9046,3527,France,Services,7
2029-12-01,7155,2642,Germany,Hardware,3
2029-12-01,2005,254,Germany,Hardware,2
2029-12-01,11495,1772,Germany,Hardware,17
2029-12-01,4932,1903,France,Software,7
2029-12-01,12047,3468,Spain,Services,17
2029-12-01,2720,946,United States,Software,6
2029-12-01,547,180,France,Training,4
2029-12-01,21997,9910,France,Software,22
2029-12-01,8073,2432,Germany,Services,5
2029-12-01,4046,1261,France,Hardware,3
2029-12-01,10680,2214,Spain,Hardware,13
2029-12-01,5309,1694,Spain,Services,8
2029-12-01,5582,1683,Japan,Services,7
2029-12-01,4367,1165,Germany,Software,3
2029-12-01,7714,2543,United States,Services,10
2029-12-01,7212,2567,Spain,Software,9
2029-12-01,9705,2088,Spain,Hardware,7
2029-12-01,17490,7068,United States,Software,21
2029-12-01,1026,191,Japan,Services,1
2029-12-01,22258,3780,United Kingdom,Hardware,25
2029-12-01,6524,2878,Spain,Software,5
2029-12-01,5309,1664,United States,Services,7
2029-12-01,16221,3402,Japan,Hardware,18
2029-12-01,11787,5055,Japan,Software,13
2029-12-01,5275,892,United States,Training,3
2029-12-01,9629,3671,United Kingdom,Software,11
2029-12-01,7115,1787,France,Services,7
2029-12-01,4568,1060,United States,Training,1
2029-12-01,8382,2647,Japan,Software,11
2029-12-01,13503,3354,United Kingdom,Hardware,14
2029-12-01,1881,427,Germany,Services,2
2029-12-01,6470,2857,United States,Software,4
2029-12-01,8553,3529,Germany,Software,12
2029-12-01,8077,3439,France,Software,5
2029-12-01,4828,1360,Japan,Services,1
2029-12-01,1171,296,United States,Training,1
2029-12-01,3481,1535,United Kingdom,Software,1
2029-12-01,4308,1074,France,Services,6
2029-12-01,12617,4051,United States,Hardware,15
2029-12-01,2317,536,France,Hardware,2
2029-12-01,3001,772,France,Services,4
2029-12-01,6415,2765,United States,Training,4
2029-12-01,6393,1095,United States,Training,9
2029-12-01,4755,1169,Japan,Training,5
2029-12-01,5193,1781,Japan,Software,7
2029-12-01,4067,1442,France,Software,4
2029-12-01,1872,754,Spain,Training,4
2029-12-01,4639,667,Japan,Hardware,4
2029-12-01,2613,859,United States,Training,4
2029-12-01,6438,2107,France,Training,6
2029-12-01,2202,477,Japan,Software,2
2029-12-01,4916,1011,United States,Hardware,8
2029-12-01,2700,632,France,Hardware,1
2029-12-01,5579,1814,Spain,Software,7
2029-12-01,10258,4101,Japan,Software,13
2029-12-01,6068,1855,United States,Software,12
2029-12-01,1207,253,France,Training,3
2029-12-01,4476,1463,Japan,Services,3
2029-12-01,3405,700,Japan,Services,6
2029-12-01,3302,866,Spain,Training,4
2029-12-01,2139,553,Germany,Software,1
2029-12-01,20194,2904,United States,Hardware,17
2029-12-01,7851,3600,Germany,Services,14
2029-12-01,2455,243,Japan,Training,1
2029-12-01,2446,567,Germany,Services,6
2029-12-01,8035,3461,United States,Software,10
2029-12-01,3030,859,United States,Services,5
2029-12-01,3261,1055,Spain,Training,4
2029-12-01,4125,1677,United States,Software,9
2029-12-01,2589,988,United States,Services,2
2029-12-01,1550,403,Japan,Training,6
2029-12-01,3798,1371,United Kingdom,Software,1
2029-12-01,5304,1254,France,Training,9
2029-12-01,4609,926,Japan,Hardware,6
2029-12-01,11802,3070,France,Hardware,19
2029-12-01,2198,368,Germany,Training,2
2029-12-01,2127,705,France,Training,5
2029-12-01,6424,2655,Spain,Software,8
2029-12-01,24748,4712,Germany,Hardware,28
2029-12-01,1797,452,France,Services,8
2029-12-01,2167,521,United States,Training,3
2029-12-01,13719,3505,United States,Services,12
2029-12-01,3561,1443,United States,Hardware,4
2029-12-01,8873,1533,Germany,Hardware,18
2029-12-01,1308,481,Germany,Services,3
2029-12-01,9171,2265,Spain,Services,10
2029-12-01,8213,3588,United Kingdom,Software,9
2029-12-01,5613,1782,France,Services,10
2029-12-01,3789,1447,Japan,Services,4
2029-12-01,5747,2569,United States,Services,2
2029-12-01,9574,2245,Japan,Hardware,11
2029-12-01,6708,1453,Japan,Software,7
2029-12-01,7898,2239,Japan,Hardware,11
2029-12-01,1832,593,Germany,Services,1
2029-12-01,2949,546,United Kingdom,Hardware,7
2029-12-01,3341,935,France,Training,4
2029-12-01,21750,2074,Spain,Hardware,29
2029-12-01,33465,5626,United States,Hardware,32
2029-12-01,12032,4733,Germany,Services,16
2029-12-01,4593,1460,United States,Hardware,6
2029-12-01,710,276,France,Training,5
2029-12-01,15771,5205,United Kingdom,Software,15
2029-12-01,4428,1279,United Kingdom,Software,1
2029-12-01,7044,1334,Spain,Services,11
2029-12-01,6473,1469,United States,Hardware,7
2029-12-01,5655,2363,United States,Software,8
2029-12-01,2875,745,Japan,Services,5
2029-12-01,9578,3831,Germany,Services,5
2029-12-01,5639,1603,United States,Services,5
2029-12-01,5103,2115,United States,Software,4
2029-12-01,6828,2143,France,Hardware,1
2029-12-01,3313,755,United Kingdom,Services,3
2029-12-01,5156,1616,Spain,Services,7
2029-12-01,7820,2678,Spain,Services,5
2029-12-01,18143,3069,Spain,Hardware,17
2029-12-01,3499,691,Germany,Training,7
2029-12-01,8617,2705,United States,Software,13
2029-12-01,22195,4468,Germany,Hardware,22
2029-12-01,8207,1554,Germany,Hardware,12
2029-12-01,5954,1664,Japan,Software,1
2029-12-01,3613,1103,Spain,Services,1
2029-12-01,2900,700,United States,Training,1
2029-12-01,2023,305,France,Training,2
2029-12-01,4192,1524,Germany,Services,2
2029-12-01,4330,962,United States,Hardware,6
2029-12-01,10874,1003,Germany,Hardware,14
2029-12-01,2173,786,Spain,Software,4
2029-12-01,7888,3035,United States,Software,5
2029-12-01,3911,1618,Germany,Software,7
2029-12-01,11220,3042,Germany,Hardware,14
2029-12-01,4258,2133,Japan,Software,6
2029-12-01,6029,1580,United Kingdom,Services,9
2029-12-01,3865,297,United States,Hardware,6
2029-12-01,10159,1921,United States,Training,15
2029-12-01,6782,2983,Germany,Services,8
2029-12-01,4024,893,United States,Training,1
2029-12-01,2798,688,Japan,Training,5
2029-12-01,7959,2825,Japan,Services,11
2029-12-01,6688,1157,United Kingdom,Hardware,3
2029-12-01,7695,3184,Japan,Software,11
2029-12-01,9567,4155,United States,Software,5
2029-12-01,8671,3515,United States,Services,5
2029-12-01,3077,1109,Spain,Hardware,4
2029-12-01,2491,796,Spain,Services,6
2029-12-01,4588,1123,Germany,Services,7
2029-12-01,2463,464,Japan,Services,5
2029-12-01,4342,2389,United States,Software,4
2029-12-01,1292,330,United States,Training,1
2029-12-01,2746,552,Germany,Training,1
2029-12-01,5082,1540,Germany,Training,10
2029-12-01,1524,470,United States,Training,3
2029-12-01,1394,326,Spain,Training,6
2029-12-01,6976,670,Germany,Hardware,6
2029-12-01,5307,1653,United States,Software,10
2029-12-01,4643,1624,France,Software,5
2029-12-01,3817,229,United States,Hardware,6
2029-12-01,3366,525,Germany,Hardware,5
2029-12-01,3886,1931,Japan,Software,2
2029-12-01,57158,26165,United States,Software,57
2029-12-01,10526,1849,Germany,Hardware,11
2029-12-01,27041,5662,United States,Hardware,29
2029-12-01,8942,2896,Germany,Software,8
2029-12-01,7154,2290,France,Services,9
2029-12-01,3048,415,United States,Hardware,8
2029-12-01,5725,1567,France,Services,7
2029-12-01,4307,761,Spain,Hardware,7
2029-12-01,7860,1772,Spain,Hardware,8
2029-12-01,9324,2486,Germany,Hardware,11
2029-12-01,1315,410,Japan,Training,3
2029-12-01,18663,6374,Germany,Hardware,20
2029-12-01,3097,1184,United States,Training,2
2029-12-01,12630,3026,Japan,Hardware,16
2029-12-01,1886,622,France,Services,3
2029-12-01,3865,1855,Germany,Software,5
2029-12-01,6838,2159,United States,Hardware,4
2029-12-01,4201,792,United States,Services,3
2029-12-01,3619,1469,United States,Software,5
2029-12-01,4752,1417,Germany,Training,8
2029-12-01,10516,3270,Germany,Software,10
2029-12-01,6325,1776,United States,Hardware,5
2029-12-01,2524,897,United Kingdom,Training,1
2029-12-01,4491,1305,Spain,Hardware,3
2029-12-01,4504,1344,United States,Software,5
2029-12-01,8010,1717,Germany,Hardware,9
2029-12-01,3811,1099,United States,Services,3
2029-12-01,3588,1041,Spain,Services,6
2029-12-01,7592,2722,United States,Services,10
2029-12-01,10358,3772,United States,Services,15
